
> typekeeper-enchanted-library@3.5.1 test
> node --test

TAP version 13
# Subtest: Differential-test reference hashes match the immutable user-uploaded 3.4.0 source
ok 1 - Differential-test reference hashes match the immutable user-uploaded 3.4.0 source
  ---
  duration_ms: 2.134033
  type: 'test'
  ...
# Subtest: All authored rules, pace curves, power metadata and 1..100 chapter configurations match 3.4
ok 2 - All authored rules, pace curves, power metadata and 1..100 chapter configurations match 3.4
  ---
  duration_ms: 2.56486
  type: 'test'
  ...
# Subtest: 3.4 → 3.5 authoritative parity: chapter 1, all three paces, identical genuine spawns/actions
ok 3 - 3.4 → 3.5 authoritative parity: chapter 1, all three paces, identical genuine spawns/actions
  ---
  duration_ms: 33.41858
  type: 'test'
  ...
# Subtest: 3.4 → 3.5 authoritative parity: chapter 2, all three paces, identical genuine spawns/actions
ok 4 - 3.4 → 3.5 authoritative parity: chapter 2, all three paces, identical genuine spawns/actions
  ---
  duration_ms: 18.335231
  type: 'test'
  ...
# Subtest: 3.4 → 3.5 authoritative parity: chapter 3, all three paces, identical genuine spawns/actions
ok 5 - 3.4 → 3.5 authoritative parity: chapter 3, all three paces, identical genuine spawns/actions
  ---
  duration_ms: 19.205716
  type: 'test'
  ...
# Subtest: 3.4 → 3.5 authoritative parity: chapter 4, all three paces, identical genuine spawns/actions
ok 6 - 3.4 → 3.5 authoritative parity: chapter 4, all three paces, identical genuine spawns/actions
  ---
  duration_ms: 25.533805
  type: 'test'
  ...
# Subtest: 3.4 → 3.5 authoritative parity: chapter 5, all three paces, identical genuine spawns/actions
ok 7 - 3.4 → 3.5 authoritative parity: chapter 5, all three paces, identical genuine spawns/actions
  ---
  duration_ms: 12.090307
  type: 'test'
  ...
# Subtest: 3.4 → 3.5 authoritative parity: chapter 6, all three paces, identical genuine spawns/actions
ok 8 - 3.4 → 3.5 authoritative parity: chapter 6, all three paces, identical genuine spawns/actions
  ---
  duration_ms: 40.64077
  type: 'test'
  ...
# Subtest: 3.4 → 3.5 authoritative parity: chapter 7, all three paces, identical genuine spawns/actions
ok 9 - 3.4 → 3.5 authoritative parity: chapter 7, all three paces, identical genuine spawns/actions
  ---
  duration_ms: 28.758646
  type: 'test'
  ...
# Subtest: 3.4 → 3.5 authoritative parity: chapter 8, all three paces, identical genuine spawns/actions
ok 10 - 3.4 → 3.5 authoritative parity: chapter 8, all three paces, identical genuine spawns/actions
  ---
  duration_ms: 16.428919
  type: 'test'
  ...
# Subtest: 3.4 → 3.5 authoritative parity: chapter 9, all three paces, identical genuine spawns/actions
ok 11 - 3.4 → 3.5 authoritative parity: chapter 9, all three paces, identical genuine spawns/actions
  ---
  duration_ms: 55.609298
  type: 'test'
  ...
# Subtest: 3.4 → 3.5 authoritative parity: chapter 10, all three paces, identical genuine spawns/actions
ok 12 - 3.4 → 3.5 authoritative parity: chapter 10, all three paces, identical genuine spawns/actions
  ---
  duration_ms: 18.476302
  type: 'test'
  ...
# Subtest: 3.4 → 3.5 authoritative parity: chapter 11, all three paces, identical genuine spawns/actions
ok 13 - 3.4 → 3.5 authoritative parity: chapter 11, all three paces, identical genuine spawns/actions
  ---
  duration_ms: 21.254082
  type: 'test'
  ...
# Subtest: 3.4 → 3.5 authoritative parity: chapter 12, all three paces, identical genuine spawns/actions
ok 14 - 3.4 → 3.5 authoritative parity: chapter 12, all three paces, identical genuine spawns/actions
  ---
  duration_ms: 22.759241
  type: 'test'
  ...
# Subtest: 3.4 → 3.5 authoritative parity: chapter 13, all three paces, identical genuine spawns/actions
ok 15 - 3.4 → 3.5 authoritative parity: chapter 13, all three paces, identical genuine spawns/actions
  ---
  duration_ms: 60.489282
  type: 'test'
  ...
# Subtest: 3.4 → 3.5 authoritative parity: chapter 14, all three paces, identical genuine spawns/actions
ok 16 - 3.4 → 3.5 authoritative parity: chapter 14, all three paces, identical genuine spawns/actions
  ---
  duration_ms: 24.804801
  type: 'test'
  ...
# Subtest: 3.4 → 3.5 authoritative parity: chapter 15, all three paces, identical genuine spawns/actions
ok 17 - 3.4 → 3.5 authoritative parity: chapter 15, all three paces, identical genuine spawns/actions
  ---
  duration_ms: 21.191046
  type: 'test'
  ...
# Subtest: 3.4 → 3.5 authoritative parity: chapter 16, all three paces, identical genuine spawns/actions
ok 18 - 3.4 → 3.5 authoritative parity: chapter 16, all three paces, identical genuine spawns/actions
  ---
  duration_ms: 34.275096
  type: 'test'
  ...
# Subtest: 3.4 → 3.5 authoritative parity: chapter 17, all three paces, identical genuine spawns/actions
ok 19 - 3.4 → 3.5 authoritative parity: chapter 17, all three paces, identical genuine spawns/actions
  ---
  duration_ms: 28.556973
  type: 'test'
  ...
# Subtest: 3.4 → 3.5 authoritative parity: chapter 18, all three paces, identical genuine spawns/actions
ok 20 - 3.4 → 3.5 authoritative parity: chapter 18, all three paces, identical genuine spawns/actions
  ---
  duration_ms: 32.771539
  type: 'test'
  ...
# Subtest: 3.4 → 3.5 authoritative parity: chapter 19, all three paces, identical genuine spawns/actions
ok 21 - 3.4 → 3.5 authoritative parity: chapter 19, all three paces, identical genuine spawns/actions
  ---
  duration_ms: 42.074191
  type: 'test'
  ...
# Subtest: 3.4 → 3.5 authoritative parity: chapter 20, all three paces, identical genuine spawns/actions
ok 22 - 3.4 → 3.5 authoritative parity: chapter 20, all three paces, identical genuine spawns/actions
  ---
  duration_ms: 28.100518
  type: 'test'
  ...
# Subtest: 3.4 → 3.5 authoritative parity: chapter 21, all three paces, identical genuine spawns/actions
ok 23 - 3.4 → 3.5 authoritative parity: chapter 21, all three paces, identical genuine spawns/actions
  ---
  duration_ms: 20.741532
  type: 'test'
  ...
# Subtest: 3.4 → 3.5 authoritative parity: chapter 22, all three paces, identical genuine spawns/actions
ok 24 - 3.4 → 3.5 authoritative parity: chapter 22, all three paces, identical genuine spawns/actions
  ---
  duration_ms: 30.051536
  type: 'test'
  ...
# Subtest: 3.4 → 3.5 authoritative parity: chapter 23, all three paces, identical genuine spawns/actions
ok 25 - 3.4 → 3.5 authoritative parity: chapter 23, all three paces, identical genuine spawns/actions
  ---
  duration_ms: 13.940103
  type: 'test'
  ...
# Subtest: 3.4 → 3.5 authoritative parity: chapter 24, all three paces, identical genuine spawns/actions
ok 26 - 3.4 → 3.5 authoritative parity: chapter 24, all three paces, identical genuine spawns/actions
  ---
  duration_ms: 19.101731
  type: 'test'
  ...
# Subtest: 3.4 → 3.5 authoritative parity: chapter 25, all three paces, identical genuine spawns/actions
ok 27 - 3.4 → 3.5 authoritative parity: chapter 25, all three paces, identical genuine spawns/actions
  ---
  duration_ms: 15.815289
  type: 'test'
  ...
# Subtest: 3.4 → 3.5 authoritative parity: chapter 26, all three paces, identical genuine spawns/actions
ok 28 - 3.4 → 3.5 authoritative parity: chapter 26, all three paces, identical genuine spawns/actions
  ---
  duration_ms: 18.214239
  type: 'test'
  ...
# Subtest: 3.4 → 3.5 authoritative parity: chapter 27, all three paces, identical genuine spawns/actions
ok 29 - 3.4 → 3.5 authoritative parity: chapter 27, all three paces, identical genuine spawns/actions
  ---
  duration_ms: 38.665826
  type: 'test'
  ...
# Subtest: 3.4 → 3.5 authoritative parity: chapter 28, all three paces, identical genuine spawns/actions
ok 30 - 3.4 → 3.5 authoritative parity: chapter 28, all three paces, identical genuine spawns/actions
  ---
  duration_ms: 15.014096
  type: 'test'
  ...
# Subtest: 3.4 → 3.5 authoritative parity: chapter 29, all three paces, identical genuine spawns/actions
ok 31 - 3.4 → 3.5 authoritative parity: chapter 29, all three paces, identical genuine spawns/actions
  ---
  duration_ms: 14.013654
  type: 'test'
  ...
# Subtest: 3.4 → 3.5 authoritative parity: chapter 30, all three paces, identical genuine spawns/actions
ok 32 - 3.4 → 3.5 authoritative parity: chapter 30, all three paces, identical genuine spawns/actions
  ---
  duration_ms: 13.91133
  type: 'test'
  ...
# Subtest: 3.4 → 3.5 authoritative parity: chapter 31, all three paces, identical genuine spawns/actions
ok 33 - 3.4 → 3.5 authoritative parity: chapter 31, all three paces, identical genuine spawns/actions
  ---
  duration_ms: 13.650148
  type: 'test'
  ...
# Subtest: 3.4 → 3.5 authoritative parity: chapter 32, all three paces, identical genuine spawns/actions
ok 34 - 3.4 → 3.5 authoritative parity: chapter 32, all three paces, identical genuine spawns/actions
  ---
  duration_ms: 34.8643
  type: 'test'
  ...
# Subtest: 3.4 → 3.5 authoritative parity: chapter 33, all three paces, identical genuine spawns/actions
ok 35 - 3.4 → 3.5 authoritative parity: chapter 33, all three paces, identical genuine spawns/actions
  ---
  duration_ms: 24.831462
  type: 'test'
  ...
# Subtest: 3.4 → 3.5 authoritative parity: chapter 34, all three paces, identical genuine spawns/actions
ok 36 - 3.4 → 3.5 authoritative parity: chapter 34, all three paces, identical genuine spawns/actions
  ---
  duration_ms: 15.336229
  type: 'test'
  ...
# Subtest: 3.4 → 3.5 authoritative parity: chapter 35, all three paces, identical genuine spawns/actions
ok 37 - 3.4 → 3.5 authoritative parity: chapter 35, all three paces, identical genuine spawns/actions
  ---
  duration_ms: 13.816058
  type: 'test'
  ...
# Subtest: 3.4 → 3.5 authoritative parity: chapter 36, all three paces, identical genuine spawns/actions
ok 38 - 3.4 → 3.5 authoritative parity: chapter 36, all three paces, identical genuine spawns/actions
  ---
  duration_ms: 14.243699
  type: 'test'
  ...
# Subtest: 3.4 → 3.5 authoritative parity: chapter 37, all three paces, identical genuine spawns/actions
ok 39 - 3.4 → 3.5 authoritative parity: chapter 37, all three paces, identical genuine spawns/actions
  ---
  duration_ms: 44.734625
  type: 'test'
  ...
# Subtest: 3.4 → 3.5 authoritative parity: chapter 38, all three paces, identical genuine spawns/actions
ok 40 - 3.4 → 3.5 authoritative parity: chapter 38, all three paces, identical genuine spawns/actions
  ---
  duration_ms: 30.571036
  type: 'test'
  ...
# Subtest: 3.4 → 3.5 authoritative parity: chapter 39, all three paces, identical genuine spawns/actions
ok 41 - 3.4 → 3.5 authoritative parity: chapter 39, all three paces, identical genuine spawns/actions
  ---
  duration_ms: 34.830293
  type: 'test'
  ...
# Subtest: 3.4 → 3.5 authoritative parity: chapter 40, all three paces, identical genuine spawns/actions
ok 42 - 3.4 → 3.5 authoritative parity: chapter 40, all three paces, identical genuine spawns/actions
  ---
  duration_ms: 27.655139
  type: 'test'
  ...
# Subtest: 3.4 → 3.5 authoritative parity: chapter 41, all three paces, identical genuine spawns/actions
ok 43 - 3.4 → 3.5 authoritative parity: chapter 41, all three paces, identical genuine spawns/actions
  ---
  duration_ms: 14.456679
  type: 'test'
  ...
# Subtest: 3.4 → 3.5 authoritative parity: chapter 42, all three paces, identical genuine spawns/actions
ok 44 - 3.4 → 3.5 authoritative parity: chapter 42, all three paces, identical genuine spawns/actions
  ---
  duration_ms: 13.887605
  type: 'test'
  ...
# Subtest: 3.4 → 3.5 authoritative parity: chapter 43, all three paces, identical genuine spawns/actions
ok 45 - 3.4 → 3.5 authoritative parity: chapter 43, all three paces, identical genuine spawns/actions
  ---
  duration_ms: 19.27405
  type: 'test'
  ...
# Subtest: 3.4 → 3.5 authoritative parity: chapter 44, all three paces, identical genuine spawns/actions
ok 46 - 3.4 → 3.5 authoritative parity: chapter 44, all three paces, identical genuine spawns/actions
  ---
  duration_ms: 16.188909
  type: 'test'
  ...
# Subtest: 3.4 → 3.5 authoritative parity: chapter 45, all three paces, identical genuine spawns/actions
ok 47 - 3.4 → 3.5 authoritative parity: chapter 45, all three paces, identical genuine spawns/actions
  ---
  duration_ms: 32.540062
  type: 'test'
  ...
# Subtest: 3.4 → 3.5 authoritative parity: chapter 46, all three paces, identical genuine spawns/actions
ok 48 - 3.4 → 3.5 authoritative parity: chapter 46, all three paces, identical genuine spawns/actions
  ---
  duration_ms: 42.520532
  type: 'test'
  ...
# Subtest: 3.4 → 3.5 authoritative parity: chapter 47, all three paces, identical genuine spawns/actions
ok 49 - 3.4 → 3.5 authoritative parity: chapter 47, all three paces, identical genuine spawns/actions
  ---
  duration_ms: 56.932514
  type: 'test'
  ...
# Subtest: 3.4 → 3.5 authoritative parity: chapter 48, all three paces, identical genuine spawns/actions
ok 50 - 3.4 → 3.5 authoritative parity: chapter 48, all three paces, identical genuine spawns/actions
  ---
  duration_ms: 20.655444
  type: 'test'
  ...
# Subtest: Miss, late-submit, compound FIRE/ICE/SLOW/WIND, and restoration retain exact 3.4 authority
ok 51 - Miss, late-submit, compound FIRE/ICE/SLOW/WIND, and restoration retain exact 3.4 authority
  ---
  duration_ms: 4.416659
  type: 'test'
  ...
# Subtest: 3.5.1 identifies the folio/caption build while retaining 3.2.1 balance
ok 52 - 3.5.1 identifies the folio/caption build while retaining 3.2.1 balance
  ---
  duration_ms: 1.196687
  type: 'test'
  ...
# Subtest: normal: immutable local folio material contains complete valid color roles
ok 53 - normal: immutable local folio material contains complete valid color roles
  ---
  duration_ms: 2.04514
  type: 'test'
  ...
# Subtest: fire: immutable local folio material contains complete valid color roles
ok 54 - fire: immutable local folio material contains complete valid color roles
  ---
  duration_ms: 0.223085
  type: 'test'
  ...
# Subtest: ice: immutable local folio material contains complete valid color roles
ok 55 - ice: immutable local folio material contains complete valid color roles
  ---
  duration_ms: 0.352289
  type: 'test'
  ...
# Subtest: slow: immutable local folio material contains complete valid color roles
ok 56 - slow: immutable local folio material contains complete valid color roles
  ---
  duration_ms: 0.21932
  type: 'test'
  ...
# Subtest: wind: immutable local folio material contains complete valid color roles
ok 57 - wind: immutable local folio material contains complete valid color roles
  ---
  duration_ms: 0.132269
  type: 'test'
  ...
# Subtest: bonus: immutable local folio material contains complete valid color roles
ok 58 - bonus: immutable local folio material contains complete valid color roles
  ---
  duration_ms: 0.167141
  type: 'test'
  ...
# Subtest: Unknown material has a safe normal-page fallback
ok 59 - Unknown material has a safe normal-page fallback
  ---
  duration_ms: 0.108593
  type: 'test'
  ...
# Subtest: Folio width 112: decoration stays outside the central ink lane
ok 60 - Folio width 112: decoration stays outside the central ink lane
  ---
  duration_ms: 0.411538
  type: 'test'
  ...
# Subtest: Folio width 160: decoration stays outside the central ink lane
ok 61 - Folio width 160: decoration stays outside the central ink lane
  ---
  duration_ms: 0.377747
  type: 'test'
  ...
# Subtest: Folio width 240: decoration stays outside the central ink lane
ok 62 - Folio width 240: decoration stays outside the central ink lane
  ---
  duration_ms: 0.142554
  type: 'test'
  ...
# Subtest: Folio width 410: decoration stays outside the central ink lane
ok 63 - Folio width 410: decoration stays outside the central ink lane
  ---
  duration_ms: 0.067752
  type: 'test'
  ...
# Subtest: Folio width 520: decoration stays outside the central ink lane
ok 64 - Folio width 520: decoration stays outside the central ink lane
  ---
  duration_ms: 0.054522
  type: 'test'
  ...
# Subtest: Folio width 620: decoration stays outside the central ink lane
ok 65 - Folio width 620: decoration stays outside the central ink lane
  ---
  duration_ms: 0.050025
  type: 'test'
  ...
# Subtest: Folio width 708: decoration stays outside the central ink lane
ok 66 - Folio width 708: decoration stays outside the central ink lane
  ---
  duration_ms: 0.047221
  type: 'test'
  ...
# Subtest: Folio metrics bound malformed inputs without nonfinite texture sizes
ok 67 - Folio metrics bound malformed inputs without nonfinite texture sizes
  ---
  duration_ms: 0.164327
  type: 'test'
  ...
# Subtest: All six book styles remain different without relying on new labels or fonts
ok 68 - All six book styles remain different without relying on new labels or fonts
  ---
  duration_ms: 0.104056
  type: 'test'
  ...
# Subtest: Single-baseline text block still draws only full canonical strings; crest uses shared scroll coordinates
ok 69 - Single-baseline text block still draws only full canonical strings; crest uses shared scroll coordinates
  ---
  duration_ms: 5.692134
  type: 'test'
  ...
# Subtest: Book art does not change single-line layout width, height, or full-word content
ok 70 - Book art does not change single-line layout width, height, or full-word content
  ---
  duration_ms: 0.99265
  type: 'test'
  ...
# Subtest: 3.5: all out-of-scope 3.4 runtime sources and existing art/audio assets remain byte-identical
ok 71 - 3.5: all out-of-scope 3.4 runtime sources and existing art/audio assets remain byte-identical
  ---
  duration_ms: 97.650169
  type: 'test'
  ...
# Subtest: Chapter 1: First Light has its own named, title-aligned cosmetic profile
ok 72 - Chapter 1: First Light has its own named, title-aligned cosmetic profile
  ---
  duration_ms: 9.122833
  type: 'test'
  ...
# Subtest: Chapter 2: Ink & Paper has its own named, title-aligned cosmetic profile
ok 73 - Chapter 2: Ink & Paper has its own named, title-aligned cosmetic profile
  ---
  duration_ms: 0.370285
  type: 'test'
  ...
# Subtest: Chapter 3: A Quiet Rhythm has its own named, title-aligned cosmetic profile
ok 74 - Chapter 3: A Quiet Rhythm has its own named, title-aligned cosmetic profile
  ---
  duration_ms: 0.31974
  type: 'test'
  ...
# Subtest: Chapter 4: The First Spark has its own named, title-aligned cosmetic profile
ok 75 - Chapter 4: The First Spark has its own named, title-aligned cosmetic profile
  ---
  duration_ms: 0.701112
  type: 'test'
  ...
# Subtest: Chapter 5: Between the Lines has its own named, title-aligned cosmetic profile
ok 76 - Chapter 5: Between the Lines has its own named, title-aligned cosmetic profile
  ---
  duration_ms: 0.320902
  type: 'test'
  ...
# Subtest: Chapter 6: The Opening Bell has its own named, title-aligned cosmetic profile
ok 77 - Chapter 6: The Opening Bell has its own named, title-aligned cosmetic profile
  ---
  duration_ms: 0.359439
  type: 'test'
  ...
# Subtest: Chapter 7: Emerald Leaves has its own named, title-aligned cosmetic profile
ok 78 - Chapter 7: Emerald Leaves has its own named, title-aligned cosmetic profile
  ---
  duration_ms: 0.396635
  type: 'test'
  ...
# Subtest: Chapter 8: A Growing Tale has its own named, title-aligned cosmetic profile
ok 79 - Chapter 8: A Growing Tale has its own named, title-aligned cosmetic profile
  ---
  duration_ms: 0.275053
  type: 'test'
  ...
# Subtest: Chapter 9: Branches of Thought has its own named, title-aligned cosmetic profile
ok 80 - Chapter 9: Branches of Thought has its own named, title-aligned cosmetic profile
  ---
  duration_ms: 0.55963
  type: 'test'
  ...
# Subtest: Chapter 10: Rain on Glass has its own named, title-aligned cosmetic profile
ok 81 - Chapter 10: Rain on Glass has its own named, title-aligned cosmetic profile
  ---
  duration_ms: 0.53301
  type: 'test'
  ...
# Subtest: Chapter 11: Hidden Blossoms has its own named, title-aligned cosmetic profile
ok 82 - Chapter 11: Hidden Blossoms has its own named, title-aligned cosmetic profile
  ---
  duration_ms: 7.534739
  type: 'test'
  ...
# Subtest: Chapter 12: The Garden Gate has its own named, title-aligned cosmetic profile
ok 83 - Chapter 12: The Garden Gate has its own named, title-aligned cosmetic profile
  ---
  duration_ms: 0.170696
  type: 'test'
  ...
# Subtest: Chapter 13: Golden Gears has its own named, title-aligned cosmetic profile
ok 84 - Chapter 13: Golden Gears has its own named, title-aligned cosmetic profile
  ---
  duration_ms: 0.438368
  type: 'test'
  ...
# Subtest: Chapter 14: A Measured Beat has its own named, title-aligned cosmetic profile
ok 85 - Chapter 14: A Measured Beat has its own named, title-aligned cosmetic profile
  ---
  duration_ms: 0.20005
  type: 'test'
  ...
# Subtest: Chapter 15: Pendulum Pages has its own named, title-aligned cosmetic profile
ok 86 - Chapter 15: Pendulum Pages has its own named, title-aligned cosmetic profile
  ---
  duration_ms: 0.19278
  type: 'test'
  ...
# Subtest: Chapter 16: Stolen Seconds has its own named, title-aligned cosmetic profile
ok 87 - Chapter 16: Stolen Seconds has its own named, title-aligned cosmetic profile
  ---
  duration_ms: 0.20633
  type: 'test'
  ...
# Subtest: Chapter 17: The Eleventh Hour has its own named, title-aligned cosmetic profile
ok 88 - Chapter 17: The Eleventh Hour has its own named, title-aligned cosmetic profile
  ---
  duration_ms: 0.351928
  type: 'test'
  ...
# Subtest: Chapter 18: The Clock Strikes has its own named, title-aligned cosmetic profile
ok 89 - Chapter 18: The Clock Strikes has its own named, title-aligned cosmetic profile
  ---
  duration_ms: 1.345941
  type: 'test'
  ...
# Subtest: Chapter 19: Silver Breath has its own named, title-aligned cosmetic profile
ok 90 - Chapter 19: Silver Breath has its own named, title-aligned cosmetic profile
  ---
  duration_ms: 0.276084
  type: 'test'
  ...
# Subtest: Chapter 20: Crystal Margins has its own named, title-aligned cosmetic profile
ok 91 - Chapter 20: Crystal Margins has its own named, title-aligned cosmetic profile
  ---
  duration_ms: 0.545109
  type: 'test'
  ...
# Subtest: Chapter 21: The Still Page has its own named, title-aligned cosmetic profile
ok 92 - Chapter 21: The Still Page has its own named, title-aligned cosmetic profile
  ---
  duration_ms: 0.149284
  type: 'test'
  ...
# Subtest: Chapter 22: Winter Whispers has its own named, title-aligned cosmetic profile
ok 93 - Chapter 22: Winter Whispers has its own named, title-aligned cosmetic profile
  ---
  duration_ms: 0.120591
  type: 'test'
  ...
# Subtest: Chapter 23: Cold Precision has its own named, title-aligned cosmetic profile
ok 94 - Chapter 23: Cold Precision has its own named, title-aligned cosmetic profile
  ---
  duration_ms: 0.090395
  type: 'test'
  ...
# Subtest: Chapter 24: The Frozen Seal has its own named, title-aligned cosmetic profile
ok 95 - Chapter 24: The Frozen Seal has its own named, title-aligned cosmetic profile
  ---
  duration_ms: 0.089534
  type: 'test'
  ...
# Subtest: Chapter 25: Kindling has its own named, title-aligned cosmetic profile
ok 96 - Chapter 25: Kindling has its own named, title-aligned cosmetic profile
  ---
  duration_ms: 0.091788
  type: 'test'
  ...
# Subtest: Chapter 26: Letters of Flame has its own named, title-aligned cosmetic profile
ok 97 - Chapter 26: Letters of Flame has its own named, title-aligned cosmetic profile
  ---
  duration_ms: 0.087391
  type: 'test'
  ...
# Subtest: Chapter 27: The Warmest Ink has its own named, title-aligned cosmetic profile
ok 98 - Chapter 27: The Warmest Ink has its own named, title-aligned cosmetic profile
  ---
  duration_ms: 0.107451
  type: 'test'
  ...
# Subtest: Chapter 28: Firelight Fables has its own named, title-aligned cosmetic profile
ok 99 - Chapter 28: Firelight Fables has its own named, title-aligned cosmetic profile
  ---
  duration_ms: 0.141513
  type: 'test'
  ...
# Subtest: Chapter 29: Under Pressure has its own named, title-aligned cosmetic profile
ok 100 - Chapter 29: Under Pressure has its own named, title-aligned cosmetic profile
  ---
  duration_ms: 0.833611
  type: 'test'
  ...
# Subtest: Chapter 30: The Burning Chapter has its own named, title-aligned cosmetic profile
ok 101 - Chapter 30: The Burning Chapter has its own named, title-aligned cosmetic profile
  ---
  duration_ms: 0.20636
  type: 'test'
  ...
# Subtest: Chapter 31: Starlit Script has its own named, title-aligned cosmetic profile
ok 102 - Chapter 31: Starlit Script has its own named, title-aligned cosmetic profile
  ---
  duration_ms: 0.184667
  type: 'test'
  ...
# Subtest: Chapter 32: The Long View has its own named, title-aligned cosmetic profile
ok 103 - Chapter 32: The Long View has its own named, title-aligned cosmetic profile
  ---
  duration_ms: 0.089174
  type: 'test'
  ...
# Subtest: Chapter 33: Celestial Signs has its own named, title-aligned cosmetic profile
ok 104 - Chapter 33: Celestial Signs has its own named, title-aligned cosmetic profile
  ---
  duration_ms: 0.108182
  type: 'test'
  ...
# Subtest: Chapter 34: Orbiting Ideas has its own named, title-aligned cosmetic profile
ok 105 - Chapter 34: Orbiting Ideas has its own named, title-aligned cosmetic profile
  ---
  duration_ms: 0.094902
  type: 'test'
  ...
# Subtest: Chapter 35: Constellations has its own named, title-aligned cosmetic profile
ok 106 - Chapter 35: Constellations has its own named, title-aligned cosmetic profile
  ---
  duration_ms: 0.147471
  type: 'test'
  ...
# Subtest: Chapter 36: The Starfall Trial has its own named, title-aligned cosmetic profile
ok 107 - Chapter 36: The Starfall Trial has its own named, title-aligned cosmetic profile
  ---
  duration_ms: 0.198619
  type: 'test'
  ...
# Subtest: Chapter 37: After Hours has its own named, title-aligned cosmetic profile
ok 108 - Chapter 37: After Hours has its own named, title-aligned cosmetic profile
  ---
  duration_ms: 0.129845
  type: 'test'
  ...
# Subtest: Chapter 38: Secret Passages has its own named, title-aligned cosmetic profile
ok 109 - Chapter 38: Secret Passages has its own named, title-aligned cosmetic profile
  ---
  duration_ms: 0.074692
  type: 'test'
  ...
# Subtest: Chapter 39: Velvet Shadows has its own named, title-aligned cosmetic profile
ok 110 - Chapter 39: Velvet Shadows has its own named, title-aligned cosmetic profile
  ---
  duration_ms: 0.08
  type: 'test'
  ...
# Subtest: Chapter 40: The Lost Manuscript has its own named, title-aligned cosmetic profile
ok 111 - Chapter 40: The Lost Manuscript has its own named, title-aligned cosmetic profile
  ---
  duration_ms: 0.071717
  type: 'test'
  ...
# Subtest: Chapter 41: One Last Candle has its own named, title-aligned cosmetic profile
ok 112 - Chapter 41: One Last Candle has its own named, title-aligned cosmetic profile
  ---
  duration_ms: 0.124217
  type: 'test'
  ...
# Subtest: Chapter 42: The Midnight Key has its own named, title-aligned cosmetic profile
ok 113 - Chapter 42: The Midnight Key has its own named, title-aligned cosmetic profile
  ---
  duration_ms: 0.424607
  type: 'test'
  ...
# Subtest: Chapter 43: The Final Volume has its own named, title-aligned cosmetic profile
ok 114 - Chapter 43: The Final Volume has its own named, title-aligned cosmetic profile
  ---
  duration_ms: 0.157416
  type: 'test'
  ...
# Subtest: Chapter 44: Pages Without End has its own named, title-aligned cosmetic profile
ok 115 - Chapter 44: Pages Without End has its own named, title-aligned cosmetic profile
  ---
  duration_ms: 0.103465
  type: 'test'
  ...
# Subtest: Chapter 45: A Thousand Voices has its own named, title-aligned cosmetic profile
ok 116 - Chapter 45: A Thousand Voices has its own named, title-aligned cosmetic profile
  ---
  duration_ms: 0.112488
  type: 'test'
  ...
# Subtest: Chapter 46: The Master Scribe has its own named, title-aligned cosmetic profile
ok 117 - Chapter 46: The Master Scribe has its own named, title-aligned cosmetic profile
  ---
  duration_ms: 0.110015
  type: 'test'
  ...
# Subtest: Chapter 47: The Last Word has its own named, title-aligned cosmetic profile
ok 118 - Chapter 47: The Last Word has its own named, title-aligned cosmetic profile
  ---
  duration_ms: 0.136845
  type: 'test'
  ...
# Subtest: Chapter 48: The Typekeeper has its own named, title-aligned cosmetic profile
ok 119 - Chapter 48: The Typekeeper has its own named, title-aligned cosmetic profile
  ---
  duration_ms: 0.129134
  type: 'test'
  ...
# Subtest: Exactly 48 unique cosmetic IDs correspond to the existing 48 campaign titles
ok 120 - Exactly 48 unique cosmetic IDs correspond to the existing 48 campaign titles
  ---
  duration_ms: 1.282345
  type: 'test'
  ...
# Subtest: Endless and invalid low chapter requests reuse bounded profiles rather than allocate unbounded art
ok 121 - Endless and invalid low chapter requests reuse bounded profiles rather than allocate unbounded art
  ---
  duration_ms: 0.096965
  type: 'test'
  ...
# Subtest: Reduced motion removes chapter ambient drawing, not chapter identity
ok 122 - Reduced motion removes chapter ambient drawing, not chapter identity
  ---
  duration_ms: 0.099119
  type: 'test'
  ...
# Subtest: All native-path argument counts remain valid for FIRE and ICE across the complete cast envelope
ok 123 - All native-path argument counts remain valid for FIRE and ICE across the complete cast envelope
  ---
  duration_ms: 1.225068
  type: 'test'
  ...
# Subtest: FIRE and ICE destruction draw valid, balanced paths at onset, peak and completion
ok 124 - FIRE and ICE destruction draw valid, balanced paths at onset, peak and completion
  ---
  duration_ms: 3.081195
  type: 'test'
  ...
# Subtest: Elemental cast envelope never returns nonfinite or unbounded intensity
ok 125 - Elemental cast envelope never returns nonfinite or unbounded intensity
  ---
  duration_ms: 0.187962
  type: 'test'
  ...
# Subtest: Freeze entry, hold, thaw and reduced-motion state are bounded
ok 126 - Freeze entry, hold, thaw and reduced-motion state are bounded
  ---
  duration_ms: 0.2466
  type: 'test'
  ...
# Subtest: Elemental cache obeys byte and entry budgets under many surface widths
ok 127 - Elemental cache obeys byte and entry budgets under many surface widths
  ---
  duration_ms: 0.264226
  type: 'test'
  ...
# Subtest: 48 room profiles and VFX calculations do not advance either model random stream
ok 128 - 48 room profiles and VFX calculations do not advance either model random stream
  ---
  duration_ms: 17.233927
  type: 'test'
  ...
# Subtest: 3.5 preservation: original assets, economy, RNG, controls and scroll geometry are byte-identical
ok 129 - 3.5 preservation: original assets, economy, RNG, controls and scroll geometry are byte-identical
  ---
  duration_ms: 88.807617
  type: 'test'
  ...
# Subtest: Standalone builder includes both new presentation dependencies before the renderer
ok 130 - Standalone builder includes both new presentation dependencies before the renderer
  ---
  duration_ms: 0.294142
  type: 'test'
  ...
# Subtest: Star explanation shares the actual thresholds, including both simultaneous deficits
ok 131 - Star explanation shares the actual thresholds, including both simultaneous deficits
  ---
  duration_ms: 1.840693
  type: 'test'
  ...
# Subtest: Every generated next-star instruction actually reaches that star when fulfilled
ok 132 - Every generated next-star instruction actually reaches that star when fulfilled
  ---
  duration_ms: 2.11145
  type: 'test'
  ...
# Subtest: 100% submission accuracy with three misses remains one star, not a new scoring rule
ok 133 - 100% submission accuracy with three misses remains one star, not a new scoring rule
  ---
  duration_ms: 1.171127
  type: 'test'
  ...
# Subtest: Eight real multiplier upgrades occur at 8..64, never at 5/15 or after cap
ok 134 - Eight real multiplier upgrades occur at 8..64, never at 5/15 or after cap
  ---
  duration_ms: 1.256887
  type: 'test'
  ...
# Subtest: Authoritative 7 → 8 event and word points agree
ok 135 - Authoritative 7 → 8 event and word points agree
  ---
  duration_ms: 0.342704
  type: 'test'
  ...
# Subtest: Authoritative 15 → 16 event and word points agree
ok 136 - Authoritative 15 → 16 event and word points agree
  ---
  duration_ms: 2.201084
  type: 'test'
  ...
# Subtest: Authoritative 63 → 64 event and word points agree
ok 137 - Authoritative 63 → 64 event and word points agree
  ---
  duration_ms: 0.217567
  type: 'test'
  ...
# Subtest: Wrong input resets the multiplier; next correct input does not invent a level-up
ok 138 - Wrong input resets the multiplier; next correct input does not invent a level-up
  ---
  duration_ms: 0.322815
  type: 'test'
  ...
# Subtest: Restoring an existing streak/checkpoint emits no spurious multiplier upgrade
ok 139 - Restoring an existing streak/checkpoint emits no spurious multiplier upgrade
  ---
  duration_ms: 0.962735
  type: 'test'
  ...
# Subtest: Audio milestone reacts to one model event, not its own correct-word modulus
ok 140 - Audio milestone reacts to one model event, not its own correct-word modulus
  ---
  duration_ms: 0.777888
  type: 'test'
  ...
# Subtest: Record keys isolate all 288 pace/mode/chapter combinations and the ruleset
ok 141 - Record keys isolate all 288 pace/mode/chapter combinations and the ruleset
  ---
  duration_ms: 0.668864
  type: 'test'
  ...
# Subtest: Chapter PB captures the previous atomic attempt before updating
ok 142 - Chapter PB captures the previous atomic attempt before updating
  ---
  duration_ms: 0.609685
  type: 'test'
  ...
# Subtest: Ties/lower scores never mix WPM, accuracy or medal maxima into the score-best attempt
ok 143 - Ties/lower scores never mix WPM, accuracy or medal maxima into the score-best attempt
  ---
  duration_ms: 0.334913
  type: 'test'
  ...
# Subtest: Practice, different pace and other chapter cannot beat a campaign chapter PB
ok 144 - Practice, different pace and other chapter cannot beat a campaign chapter PB
  ---
  duration_ms: 0.307712
  type: 'test'
  ...
# Subtest: Old saves preserve settings, mastery and checkpoints without inventing scoped PBs
ok 145 - Old saves preserve settings, mastery and checkpoints without inventing scoped PBs
  ---
  duration_ms: 1.602655
  type: 'test'
  ...
# Subtest: Scoped save round trip retains actual word sequence provenance
ok 146 - Scoped save round trip retains actual word sequence provenance
  ---
  duration_ms: 0.341643
  type: 'test'
  ...
# Subtest: Malformed or unscoped imports are rejected instead of promoted to a trusted PB
ok 147 - Malformed or unscoped imports are rejected instead of promoted to a trusted PB
  ---
  duration_ms: 0.321322
  type: 'test'
  ...
# Subtest: Missing random provenance stays missing, not a fabricated seed or sequence version
ok 148 - Missing random provenance stays missing, not a fabricated seed or sequence version
  ---
  duration_ms: 0.150216
  type: 'test'
  ...
# Subtest: Mastery improvement has priority; unchanged attempts receive no fake celebration
ok 149 - Mastery improvement has priority; unchanged attempts receive no fake celebration
  ---
  duration_ms: 17.109341
  type: 'test'
  ...
# Subtest: ENTER guidance is exact-match only and disappears after first actual save
ok 150 - ENTER guidance is exact-match only and disappears after first actual save
  ---
  duration_ms: 0.343605
  type: 'test'
  ...
# Subtest: ICE hint waits for a usable spell and six visible active seconds, not wall time
ok 151 - ICE hint waits for a usable spell and six visible active seconds, not wall time
  ---
  duration_ms: 0.288062
  type: 'test'
  ...
# Subtest: Hint toggle and pause hide prompts without consuming their learning window
ok 152 - Hint toggle and pause hide prompts without consuming their learning window
  ---
  duration_ms: 0.149274
  type: 'test'
  ...
# Subtest: Laptop helper labels meet the proposed 14 CSS-pixel target without changing word geometry
ok 153 - Laptop helper labels meet the proposed 14 CSS-pixel target without changing word geometry
  ---
  duration_ms: 0.34692
  type: 'test'
  ...
# Subtest: Journey metadata exists at exactly eight campaign boundaries, never practice/endless
ok 154 - Journey metadata exists at exactly eight campaign boundaries, never practice/endless
  ---
  duration_ms: 0.370266
  type: 'test'
  ...
# Subtest: Restored wing markers require all six campaign clears, not practice-only stars
ok 155 - Restored wing markers require all six campaign clears, not practice-only stars
  ---
  duration_ms: 0.211488
  type: 'test'
  ...
# Subtest: Eight distinct small seals and landmarks reuse bounded identities beyond the campaign
ok 156 - Eight distinct small seals and landmarks reuse bounded identities beyond the campaign
  ---
  duration_ms: 0.433861
  type: 'test'
  ...
# Subtest: wing ceremony is bounded, pausable, skippable, cancel-safe and motion-optional
ok 157 - wing ceremony is bounded, pausable, skippable, cancel-safe and motion-optional
  ---
  duration_ms: 2.53876
  type: 'test'
  ...
# Subtest: finale ceremony is bounded, pausable, skippable, cancel-safe and motion-optional
ok 158 - finale ceremony is bounded, pausable, skippable, cancel-safe and motion-optional
  ---
  duration_ms: 0.117747
  type: 'test'
  ...
# Subtest: v3.2.1 capacity is two per spell, eight in total; effect strength is preserved
ok 159 - v3.2.1 capacity is two per spell, eight in total; effect strength is preserved
  ---
  duration_ms: 3.885522
  type: 'test'
  ...
# Subtest: relaxed: a new campaign has no books and only one chapter-one opportunity
ok 160 - relaxed: a new campaign has no books and only one chapter-one opportunity
  ---
  duration_ms: 3.112912
  type: 'test'
  ...
# Subtest: relaxed: opening is 10–15% gentler, 4–6 is 5–10% gentler, then rejoins the curve
ok 161 - relaxed: opening is 10–15% gentler, 4–6 is 5–10% gentler, then rejoins the curve
  ---
  duration_ms: 0.298458
  type: 'test'
  ...
# Subtest: relaxed: every chapter remains monotone with no opening or Endless difficulty reset
ok 162 - relaxed: every chapter remains monotone with no opening or Endless difficulty reset
  ---
  duration_ms: 0.829135
  type: 'test'
  ...
# Subtest: classic: a new campaign has no books and only one chapter-one opportunity
ok 163 - classic: a new campaign has no books and only one chapter-one opportunity
  ---
  duration_ms: 0.701363
  type: 'test'
  ...
# Subtest: classic: opening is 10–15% gentler, 4–6 is 5–10% gentler, then rejoins the curve
ok 164 - classic: opening is 10–15% gentler, 4–6 is 5–10% gentler, then rejoins the curve
  ---
  duration_ms: 0.091187
  type: 'test'
  ...
# Subtest: classic: every chapter remains monotone with no opening or Endless difficulty reset
ok 165 - classic: every chapter remains monotone with no opening or Endless difficulty reset
  ---
  duration_ms: 0.967863
  type: 'test'
  ...
# Subtest: maniac: a new campaign has no books and only one chapter-one opportunity
ok 166 - maniac: a new campaign has no books and only one chapter-one opportunity
  ---
  duration_ms: 0.538889
  type: 'test'
  ...
# Subtest: maniac: opening is 10–15% gentler, 4–6 is 5–10% gentler, then rejoins the curve
ok 167 - maniac: opening is 10–15% gentler, 4–6 is 5–10% gentler, then rejoins the curve
  ---
  duration_ms: 0.274733
  type: 'test'
  ...
# Subtest: maniac: every chapter remains monotone with no opening or Endless difficulty reset
ok 168 - maniac: every chapter remains monotone with no opening or Endless difficulty reset
  ---
  duration_ms: 0.608363
  type: 'test'
  ...
# Subtest: chapter 1: actual opportunity gaps stay inside 8–11 arrivals
ok 169 - chapter 1: actual opportunity gaps stay inside 8–11 arrivals
  ---
  duration_ms: 4.587406
  type: 'test'
  ...
# Subtest: chapter 4: actual opportunity gaps stay inside 8–11 arrivals
ok 170 - chapter 4: actual opportunity gaps stay inside 8–11 arrivals
  ---
  duration_ms: 4.383329
  type: 'test'
  ...
# Subtest: chapter 7: actual opportunity gaps stay inside 8–10 arrivals
ok 171 - chapter 7: actual opportunity gaps stay inside 8–10 arrivals
  ---
  duration_ms: 4.337501
  type: 'test'
  ...
# Subtest: chapter 11: actual opportunity gaps stay inside 8–10 arrivals
ok 172 - chapter 11: actual opportunity gaps stay inside 8–10 arrivals
  ---
  duration_ms: 3.167544
  type: 'test'
  ...
# Subtest: chapter 13: actual opportunity gaps stay inside 7–10 arrivals
ok 173 - chapter 13: actual opportunity gaps stay inside 7–10 arrivals
  ---
  duration_ms: 2.626302
  type: 'test'
  ...
# Subtest: chapter 23: actual opportunity gaps stay inside 7–10 arrivals
ok 174 - chapter 23: actual opportunity gaps stay inside 7–10 arrivals
  ---
  duration_ms: 2.393203
  type: 'test'
  ...
# Subtest: chapter 25: actual opportunity gaps stay inside 6–9 arrivals
ok 175 - chapter 25: actual opportunity gaps stay inside 6–9 arrivals
  ---
  duration_ms: 7.681089
  type: 'test'
  ...
# Subtest: chapter 47: actual opportunity gaps stay inside 6–9 arrivals
ok 176 - chapter 47: actual opportunity gaps stay inside 6–9 arrivals
  ---
  duration_ms: 2.757299
  type: 'test'
  ...
# Subtest: chapter 49: actual opportunity gaps stay inside 6–9 arrivals
ok 177 - chapter 49: actual opportunity gaps stay inside 6–9 arrivals
  ---
  duration_ms: 4.042447
  type: 'test'
  ...
# Subtest: trial 6: first opportunity in wave one, then one every eight arrivals
ok 178 - trial 6: first opportunity in wave one, then one every eight arrivals
  ---
  duration_ms: 1.192911
  type: 'test'
  ...
# Subtest: trial 12: first opportunity in wave one, then one every eight arrivals
ok 179 - trial 12: first opportunity in wave one, then one every eight arrivals
  ---
  duration_ms: 0.955635
  type: 'test'
  ...
# Subtest: trial 18: first opportunity in wave one, then one every eight arrivals
ok 180 - trial 18: first opportunity in wave one, then one every eight arrivals
  ---
  duration_ms: 1.078479
  type: 'test'
  ...
# Subtest: trial 24: first opportunity in wave one, then one every eight arrivals
ok 181 - trial 24: first opportunity in wave one, then one every eight arrivals
  ---
  duration_ms: 1.097818
  type: 'test'
  ...
# Subtest: trial 30: first opportunity in wave one, then one every eight arrivals
ok 182 - trial 30: first opportunity in wave one, then one every eight arrivals
  ---
  duration_ms: 0.80651
  type: 'test'
  ...
# Subtest: trial 36: first opportunity in wave one, then one every eight arrivals
ok 183 - trial 36: first opportunity in wave one, then one every eight arrivals
  ---
  duration_ms: 1.31938
  type: 'test'
  ...
# Subtest: trial 42: first opportunity in wave one, then one every eight arrivals
ok 184 - trial 42: first opportunity in wave one, then one every eight arrivals
  ---
  duration_ms: 0.554402
  type: 'test'
  ...
# Subtest: trial 48: first opportunity in wave one, then one every eight arrivals
ok 185 - trial 48: first opportunity in wave one, then one every eight arrivals
  ---
  duration_ms: 0.497446
  type: 'test'
  ...
# Subtest: trial 54: first opportunity in wave one, then one every eight arrivals
ok 186 - trial 54: first opportunity in wave one, then one every eight arrivals
  ---
  duration_ms: 0.653121
  type: 'test'
  ...
# Subtest: trial 102: first opportunity in wave one, then one every eight arrivals
ok 187 - trial 102: first opportunity in wave one, then one every eight arrivals
  ---
  duration_ms: 0.691027
  type: 'test'
  ...
# Subtest: trial 198: first opportunity in wave one, then one every eight arrivals
ok 188 - trial 198: first opportunity in wave one, then one every eight arrivals
  ---
  duration_ms: 1.384548
  type: 'test'
  ...
# Subtest: first opportunity must be typed; merely appearing grants no spell
ok 189 - first opportunity must be typed; merely appearing grants no spell
  ---
  duration_ms: 0.611448
  type: 'test'
  ...
# Subtest: missing the introductory ICE does not gift another tutorial set
ok 190 - missing the introductory ICE does not gift another tutorial set
  ---
  duration_ms: 13.252171
  type: 'test'
  ...
# Subtest: burning a spell grants no inventory and does not accelerate its replacement opportunity
ok 191 - burning a spell grants no inventory and does not accelerate its replacement opportunity
  ---
  duration_ms: 0.575103
  type: 'test'
  ...
# Subtest: full shelves still cap at two; overflow remains a scored word, not another book
ok 192 - full shelves still cap at two; overflow remains a scored word, not another book
  ---
  duration_ms: 0.375243
  type: 'test'
  ...
# Subtest: entering a normal chapter does not restart the reward countdown or refill books
ok 193 - entering a normal chapter does not restart the reward countdown or refill books
  ---
  duration_ms: 0.901774
  type: 'test'
  ...
# Subtest: trial entry pulls a distant drop into wave one, without giving an extra one
ok 194 - trial entry pulls a distant drop into wave one, without giving an extra one
  ---
  duration_ms: 0.595454
  type: 'test'
  ...
# Subtest: an already due spell remains due rather than being delayed by trial setup
ok 195 - an already due spell remains due rather than being delayed by trial setup
  ---
  duration_ms: 0.517967
  type: 'test'
  ...
# Subtest: trial preferences never break the four-spell bag or grant free rescue inventory
ok 196 - trial preferences never break the four-spell bag or grant free rescue inventory
  ---
  duration_ms: 1.284929
  type: 'test'
  ...
# Subtest: blocked candidate does not consume the countdown or a power-bag entry
ok 197 - blocked candidate does not consume the countdown or a power-bag entry
  ---
  duration_ms: 0.89241
  type: 'test'
  ...
# Subtest: canceling a reserved card at chapter clear never loses a bag entry
ok 198 - canceling a reserved card at chapter clear never loses a bag entry
  ---
  duration_ms: 0.471668
  type: 'test'
  ...
# Subtest: pausing and waiting never manufacture or consume spell opportunities
ok 199 - pausing and waiting never manufacture or consume spell opportunities
  ---
  duration_ms: 0.263676
  type: 'test'
  ...
# Subtest: active ICE freezes the scheduled arrival counter as well as card positions
ok 200 - active ICE freezes the scheduled arrival counter as well as card positions
  ---
  duration_ms: 0.477957
  type: 'test'
  ...
# Subtest: danger and score do not change scheduled spell types or gaps
ok 201 - danger and score do not change scheduled spell types or gaps
  ---
  duration_ms: 6.423962
  type: 'test'
  ...
# Subtest: each shuffled cycle still includes all four spells in all campaign wings
ok 202 - each shuffled cycle still includes all four spells in all campaign wings
  ---
  duration_ms: 39.886698
  type: 'test'
  ...
# Subtest: chapter 1 boundary preserves words, spacing, cycle and inventory through save/restore
ok 203 - chapter 1 boundary preserves words, spacing, cycle and inventory through save/restore
  ---
  duration_ms: 4.324921
  type: 'test'
  ...
# Subtest: chapter 5 boundary preserves words, spacing, cycle and inventory through save/restore
ok 204 - chapter 5 boundary preserves words, spacing, cycle and inventory through save/restore
  ---
  duration_ms: 12.809726
  type: 'test'
  ...
# Subtest: chapter 6 boundary preserves words, spacing, cycle and inventory through save/restore
ok 205 - chapter 6 boundary preserves words, spacing, cycle and inventory through save/restore
  ---
  duration_ms: 5.622509
  type: 'test'
  ...
# Subtest: chapter 11 boundary preserves words, spacing, cycle and inventory through save/restore
ok 206 - chapter 11 boundary preserves words, spacing, cycle and inventory through save/restore
  ---
  duration_ms: 1.78526
  type: 'test'
  ...
# Subtest: chapter 12 boundary preserves words, spacing, cycle and inventory through save/restore
ok 207 - chapter 12 boundary preserves words, spacing, cycle and inventory through save/restore
  ---
  duration_ms: 23.610228
  type: 'test'
  ...
# Subtest: chapter 23 boundary preserves words, spacing, cycle and inventory through save/restore
ok 208 - chapter 23 boundary preserves words, spacing, cycle and inventory through save/restore
  ---
  duration_ms: 1.669075
  type: 'test'
  ...
# Subtest: chapter 24 boundary preserves words, spacing, cycle and inventory through save/restore
ok 209 - chapter 24 boundary preserves words, spacing, cycle and inventory through save/restore
  ---
  duration_ms: 3.636578
  type: 'test'
  ...
# Subtest: chapter 35 boundary preserves words, spacing, cycle and inventory through save/restore
ok 210 - chapter 35 boundary preserves words, spacing, cycle and inventory through save/restore
  ---
  duration_ms: 4.967336
  type: 'test'
  ...
# Subtest: chapter 36 boundary preserves words, spacing, cycle and inventory through save/restore
ok 211 - chapter 36 boundary preserves words, spacing, cycle and inventory through save/restore
  ---
  duration_ms: 1.543777
  type: 'test'
  ...
# Subtest: chapter 47 boundary preserves words, spacing, cycle and inventory through save/restore
ok 212 - chapter 47 boundary preserves words, spacing, cycle and inventory through save/restore
  ---
  duration_ms: 1.245149
  type: 'test'
  ...
# Subtest: retry starts the same sparse chapter again, without accumulating failed-attempt books
ok 213 - retry starts the same sparse chapter again, without accumulating failed-attempt books
  ---
  duration_ms: 5.252875
  type: 'test'
  ...
# Subtest: 3.2 save migration caps stock at two, preserves mastery/preferences, and leaves original bytes untouched
ok 214 - 3.2 save migration caps stock at two, preserves mastery/preferences, and leaves original bytes untouched
  ---
  duration_ms: 0.695714
  type: 'test'
  ...
# Subtest: migrated checkpoint keeps the old scoring provenance after new-rules play and re-export
ok 215 - migrated checkpoint keeps the old scoring provenance after new-rules play and re-export
  ---
  duration_ms: 1.634944
  type: 'test'
  ...
# Subtest: fresh current saves cannot import a third charge by claiming the new ruleset
ok 216 - fresh current saves cannot import a third charge by claiming the new ruleset
  ---
  duration_ms: 0.119349
  type: 'test'
  ...
# Subtest: current saves must include a valid schedule; old missing schedules have an explicit fallback
ok 217 - current saves must include a valid schedule; old missing schedules have an explicit fallback
  ---
  duration_ms: 0.162775
  type: 'test'
  ...
# Subtest: invalid schedule values are rejected rather than granting unlimited imminent drops
ok 218 - invalid schedule values are rejected rather than granting unlimited imminent drops
  ---
  duration_ms: 0.180461
  type: 'test'
  ...
# Subtest: restored inventory and schedule are isolated from imported object mutations
ok 219 - restored inventory and schedule are isolated from imported object mutations
  ---
  duration_ms: 0.167912
  type: 'test'
  ...
# Subtest: model restore also clamps legacy charges when called directly by a trusted loader
ok 220 - model restore also clamps legacy charges when called directly by a trusted loader
  ---
  duration_ms: 0.14629
  type: 'test'
  ...
# Subtest: authored non-trial gap endpoints are reachable and trial setup is idempotent
ok 221 - authored non-trial gap endpoints are reachable and trial setup is idempotent
  ---
  duration_ms: 0.118167
  type: 'test'
  ...
# Subtest: Practice and Endless do not receive the campaign introduction again
ok 222 - Practice and Endless do not receive the campaign introduction again
  ---
  duration_ms: 0.067481
  type: 'test'
  ...
# Subtest: UI stock pips derive from the same authoritative capacity as game rules
ok 223 - UI stock pips derive from the same authoritative capacity as game rules
  ---
  duration_ms: 3.920674
  type: 'test'
  ...
# Subtest: relaxed: all 48 chapters stay within smooth speed and interval bounds
ok 224 - relaxed: all 48 chapters stay within smooth speed and interval bounds
  ---
  duration_ms: 2.164198
  type: 'test'
  ...
# Subtest: relaxed: all spawned ordinary and power cards remain fully readable and non-overlapping
ok 225 - relaxed: all spawned ordinary and power cards remain fully readable and non-overlapping
  ---
  duration_ms: 178.286932
  type: 'test'
  ...
# Subtest: classic: all 48 chapters stay within smooth speed and interval bounds
ok 226 - classic: all 48 chapters stay within smooth speed and interval bounds
  ---
  duration_ms: 0.174152
  type: 'test'
  ...
# Subtest: classic: all spawned ordinary and power cards remain fully readable and non-overlapping
ok 227 - classic: all spawned ordinary and power cards remain fully readable and non-overlapping
  ---
  duration_ms: 139.960195
  type: 'test'
  ...
# Subtest: maniac: all 48 chapters stay within smooth speed and interval bounds
ok 228 - maniac: all 48 chapters stay within smooth speed and interval bounds
  ---
  duration_ms: 0.291047
  type: 'test'
  ...
# Subtest: maniac: all spawned ordinary and power cards remain fully readable and non-overlapping
ok 229 - maniac: all spawned ordinary and power cards remain fully readable and non-overlapping
  ---
  duration_ms: 89.060952
  type: 'test'
  ...
# Subtest: vocabulary mixture is normalized at every campaign and endless chapter
ok 230 - vocabulary mixture is normalized at every campaign and endless chapter
  ---
  duration_ms: 0.623316
  type: 'test'
  ...
# Subtest: no abrupt dictionary mix switch remains at 5, 13, 25 or 37
ok 231 - no abrupt dictionary mix switch remains at 5, 13, 25 or 37
  ---
  duration_ms: 0.145398
  type: 'test'
  ...
# Subtest: newly introduced words obey their chapter length cap
ok 232 - newly introduced words obey their chapter length cap
  ---
  duration_ms: 1.789726
  type: 'test'
  ...
# Subtest: a fast clear shortens empty-field downtime without changing falling speed
ok 233 - a fast clear shortens empty-field downtime without changing falling speed
  ---
  duration_ms: 0.512429
  type: 'test'
  ...
# Subtest: empty-field acceleration never interrupts a trial breathing interval
ok 234 - empty-field acceleration never interrupts a trial breathing interval
  ---
  duration_ms: 0.227071
  type: 'test'
  ...
# Subtest: trial spawns follow five-word waves with a visible breathing interval
ok 235 - trial spawns follow five-word waves with a visible breathing interval
  ---
  duration_ms: 0.222524
  type: 'test'
  ...
# Subtest: no surplus cards are spawned when the board already contains the remaining quota
ok 236 - no surplus cards are spawned when the board already contains the remaining quota
  ---
  duration_ms: 0.107351
  type: 'test'
  ...
# Subtest: a final-word completion clears exactly once with no stranded next-stage timers
ok 237 - a final-word completion clears exactly once with no stranded next-stage timers
  ---
  duration_ms: 0.648012
  type: 'test'
  ...
# Subtest: active text duplicates do not occur in authored spawns
ok 238 - active text duplicates do not occur in authored spawns
  ---
  duration_ms: 2.341264
  type: 'test'
  ...
# Subtest: blocked spawn preserves the exact next card rather than rerolling its reward
ok 239 - blocked spawn preserves the exact next card rather than rerolling its reward
  ---
  duration_ms: 0.278618
  type: 'test'
  ...
# Subtest: a shuffled power cycle includes all four spells before repeating
ok 240 - a shuffled power cycle includes all four spells before repeating
  ---
  duration_ms: 0.578208
  type: 'test'
  ...
# Subtest: power selection prefers a not-full shelf inside the remaining bag
ok 241 - power selection prefers a not-full shelf inside the remaining bag
  ---
  duration_ms: 0.122344
  type: 'test'
  ...
# Subtest: full shelves never inflate inventory on collection
ok 242 - full shelves never inflate inventory on collection
  ---
  duration_ms: 0.132208
  type: 'test'
  ...
# Subtest: first chapter introduces one earned ICE opportunity, not four free tutorial powers
ok 243 - first chapter introduces one earned ICE opportunity, not four free tutorial powers
  ---
  duration_ms: 0.424607
  type: 'test'
  ...
# Subtest: empty FIRE and WIND are STORED rather than falsely actionable READY
ok 244 - empty FIRE and WIND are STORED rather than falsely actionable READY
  ---
  duration_ms: 0.163135
  type: 'test'
  ...
# Subtest: readiness reflects per-spell cooldown as well as inventory
ok 245 - readiness reflects per-spell cooldown as well as inventory
  ---
  duration_ms: 0.30013
  type: 'test'
  ...
# Subtest: SLOW cast before ICE retains every unspent second while frozen
ok 246 - SLOW cast before ICE retains every unspent second while frozen
  ---
  duration_ms: 0.50661
  type: 'test'
  ...
# Subtest: SLOW cast during ICE is queued without consuming duration
ok 247 - SLOW cast during ICE is queued without consuming duration
  ---
  duration_ms: 0.540522
  type: 'test'
  ...
# Subtest: a second queued SLOW does not consume a second book
ok 248 - a second queued SLOW does not consume a second book
  ---
  duration_ms: 0.156294
  type: 'test'
  ...
# Subtest: ICE ending within a tick applies only the remaining unfrozen fraction
ok 249 - ICE ending within a tick applies only the remaining unfrozen fraction
  ---
  duration_ms: 0.155444
  type: 'test'
  ...
# Subtest: SLOW expiry integrates slowed and normal motion within the same tick
ok 250 - SLOW expiry integrates slowed and normal motion within the same tick
  ---
  duration_ms: 0.181162
  type: 'test'
  ...
# Subtest: pause freezes queued spells and spell readiness
ok 251 - pause freezes queued spells and spell readiness
  ---
  duration_ms: 0.327962
  type: 'test'
  ...
# Subtest: FIRE guarantees a short recovery instead of an immediate replacement spawn
ok 252 - FIRE guarantees a short recovery instead of an immediate replacement spawn
  ---
  duration_ms: 0.147582
  type: 'test'
  ...
# Subtest: WIND clears only pressure; it never silently removes falling cards
ok 253 - WIND clears only pressure; it never silently removes falling cards
  ---
  duration_ms: 0.304777
  type: 'test'
  ...
# Subtest: a just-landed exact submission has one miss penalty, not miss plus typo
ok 254 - a just-landed exact submission has one miss penalty, not miss plus typo
  ---
  duration_ms: 0.169274
  type: 'test'
  ...
# Subtest: late-submission protection expires after the declared grace window
ok 255 - late-submission protection expires after the declared grace window
  ---
  duration_ms: 0.14022
  type: 'test'
  ...
# Subtest: the same expired word cannot repeatedly trigger late protection
ok 256 - the same expired word cannot repeatedly trigger late protection
  ---
  duration_ms: 0.109034
  type: 'test'
  ...
# Subtest: a still-live duplicate wins over the recently landed copy
ok 257 - a still-live duplicate wins over the recently landed copy
  ---
  duration_ms: 0.13334
  type: 'test'
  ...
# Subtest: a recently FIRE-cleared typed word does not create a phantom typo penalty
ok 258 - a recently FIRE-cleared typed word does not create a phantom typo penalty
  ---
  duration_ms: 0.142484
  type: 'test'
  ...
# Subtest: late protection cannot rescue an already terminal full-pile result
ok 259 - late protection cannot rescue an already terminal full-pile result
  ---
  duration_ms: 0.135273
  type: 'test'
  ...
# Subtest: chapter RNG is independent from how many earlier frames were simulated
ok 260 - chapter RNG is independent from how many earlier frames were simulated
  ---
  duration_ms: 0.087681
  type: 'test'
  ...
# Subtest: uninterrupted next chapter and restored bookmark produce identical cards
ok 261 - uninterrupted next chapter and restored bookmark produce identical cards
  ---
  duration_ms: 1.150016
  type: 'test'
  ...
# Subtest: chapter-boundary bookmark includes the pending power cycle
ok 262 - chapter-boundary bookmark includes the pending power cycle
  ---
  duration_ms: 0.257476
  type: 'test'
  ...
# Subtest: mid-chapter state cannot masquerade as a safe chapter bookmark
ok 263 - mid-chapter state cannot masquerade as a safe chapter bookmark
  ---
  duration_ms: 0.200761
  type: 'test'
  ...
# Subtest: first chapter can be bookmarked before a single word arrives
ok 264 - first chapter can be bookmarked before a single word arrives
  ---
  duration_ms: 0.58666
  type: 'test'
  ...
# Subtest: failed chapter retains its opening score and stock, recording retry count
ok 265 - failed chapter retains its opening score and stock, recording retry count
  ---
  duration_ms: 0.468553
  type: 'test'
  ...
# Subtest: retry increments cannot corrupt another expedition or chapter
ok 266 - retry increments cannot corrupt another expedition or chapter
  ---
  duration_ms: 0.368172
  type: 'test'
  ...
# Subtest: repeating a failed chapter cannot double-award its previous earned score
ok 267 - repeating a failed chapter cannot double-award its previous earned score
  ---
  duration_ms: 0.489174
  type: 'test'
  ...
# Subtest: campaign final clear cannot advance into chapter 49
ok 268 - campaign final clear cannot advance into chapter 49
  ---
  duration_ms: 0.256805
  type: 'test'
  ...
# Subtest: practice completion cannot advance into a multi-chapter practice score
ok 269 - practice completion cannot advance into a multi-chapter practice score
  ---
  duration_ms: 0.186801
  type: 'test'
  ...
# Subtest: endless can progress without receiving a false campaign victory
ok 270 - endless can progress without receiving a false campaign victory
  ---
  duration_ms: 0.604417
  type: 'test'
  ...
# Subtest: campaign victory cannot be declared in the middle of chapter 48
ok 271 - campaign victory cannot be declared in the middle of chapter 48
  ---
  duration_ms: 0.264197
  type: 'test'
  ...
# Subtest: retirement snapshots retain a voluntary finish distinction
ok 272 - retirement snapshots retain a voluntary finish distinction
  ---
  duration_ms: 0.17975
  type: 'test'
  ...
# Subtest: practice mastery on an unlocked chapter saves without unlocking another chapter
ok 273 - practice mastery on an unlocked chapter saves without unlocking another chapter
  ---
  duration_ms: 0.568674
  type: 'test'
  ...
# Subtest: practice cannot generate stars on a locked chapter
ok 274 - practice cannot generate stars on a locked chapter
  ---
  duration_ms: 0.109965
  type: 'test'
  ...
# Subtest: campaign clear after practice can unlock the next chapter
ok 275 - campaign clear after practice can unlock the next chapter
  ---
  duration_ms: 0.162644
  type: 'test'
  ...
# Subtest: practice best score is chapter-specific, not simply the longest chapter
ok 276 - practice best score is chapter-specific, not simply the longest chapter
  ---
  duration_ms: 0.36037
  type: 'test'
  ...
# Subtest: old rulesets remain in Legacy and cannot become a current personal best
ok 277 - old rulesets remain in Legacy and cannot become a current personal best
  ---
  duration_ms: 0.124156
  type: 'test'
  ...
# Subtest: a migrated in-progress expedition keeps its original scoring provenance
ok 278 - a migrated in-progress expedition keeps its original scoring provenance
  ---
  duration_ms: 0.418628
  type: 'test'
  ...
# Subtest: v3 migration does not overwrite or delete the original saved bytes
ok 279 - v3 migration does not overwrite or delete the original saved bytes
  ---
  duration_ms: 0.321223
  type: 'test'
  ...
# Subtest: corrupt power bags and nonfinite checkpoint identifiers are rejected
ok 280 - corrupt power bags and nonfinite checkpoint identifiers are rejected
  ---
  duration_ms: 0.21989
  type: 'test'
  ...
# Subtest: actual completed-stage score replaces only the comparable ruleset best
ok 281 - actual completed-stage score replaces only the comparable ruleset best
  ---
  duration_ms: 0.209635
  type: 'test'
  ...
# Subtest: paused application settings reject invalid volume and difficulty values
ok 282 - paused application settings reject invalid volume and difficulty values
  ---
  duration_ms: 0.21314
  type: 'test'
  ...
# Subtest: nonfinite and zero deltas cannot poison the game clock
ok 283 - nonfinite and zero deltas cannot poison the game clock
  ---
  duration_ms: 0.167382
  type: 'test'
  ...
# Subtest: long-session replay memory is bounded and truncation is explicit
ok 284 - long-session replay memory is bounded and truncation is explicit
  ---
  duration_ms: 40.86381
  type: 'test'
  ...
# Subtest: renderer frame rate cannot change a fixed-tick authored run
ok 285 - renderer frame rate cannot change a fixed-tick authored run
  ---
  duration_ms: 15.325564
  type: 'test'
  ...
# Subtest: 250 seeded adversarial sessions retain finite state, terminal uniqueness and stock bounds
ok 286 - 250 seeded adversarial sessions retain finite state, terminal uniqueness and stock bounds
  ---
  duration_ms: 489.194852
  type: 'test'
  ...
# Subtest: merging new-rule practice medals cannot revoke an old-rule campaign clear
ok 287 - merging new-rule practice medals cannot revoke an old-rule campaign clear
  ---
  duration_ms: 0.375834
  type: 'test'
  ...
# Subtest: corrupt current save is quarantined and a valid untouched v3 save is recovered
ok 288 - corrupt current save is quarantined and a valid untouched v3 save is recovered
  ---
  duration_ms: 0.218398
  type: 'test'
  ...
# Subtest: normalization accepts English letters, uppercases and bounds the buffer
ok 289 - normalization accepts English letters, uppercases and bounds the buffer
  ---
  duration_ms: 1.022575
  type: 'test'
  ...
# Subtest: dictionary is substantial, uppercase, unique within tiers, and all words fit the buffer
ok 290 - dictionary is substantial, uppercase, unique within tiers, and all words fit the buffer
  ---
  duration_ms: 0.540852
  type: 'test'
  ...
# Subtest: seeded random generator repeats exactly
ok 291 - seeded random generator repeats exactly
  ---
  duration_ms: 5.197141
  type: 'test'
  ...
# Subtest: fresh game is in menu, with no starting power stock
ok 292 - fresh game is in menu, with no starting power stock
  ---
  duration_ms: 0.413711
  type: 'test'
  ...
# Subtest: start resets all run state
ok 293 - start resets all run state
  ---
  duration_ms: 0.395623
  type: 'test'
  ...
# Subtest: complete exact word once, update points/progress/characters
ok 294 - complete exact word once, update points/progress/characters
  ---
  duration_ms: 0.496966
  type: 'test'
  ...
# Subtest: partial input never auto-clears or penalizes
ok 295 - partial input never auto-clears or penalizes
  ---
  duration_ms: 3.077039
  type: 'test'
  ...
# Subtest: empty Enter is a true no-op
ok 296 - empty Enter is a true no-op
  ---
  duration_ms: 0.750707
  type: 'test'
  ...
# Subtest: invalid submission penalizes once and clears the buffer
ok 297 - invalid submission penalizes once and clears the buffer
  ---
  duration_ms: 0.748894
  type: 'test'
  ...
# Subtest: editing a prefix is non-destructive
ok 298 - editing a prefix is non-destructive
  ---
  duration_ms: 0.436235
  type: 'test'
  ...
# Subtest: duplicate words resolve the lowest exact match
ok 299 - duplicate words resolve the lowest exact match
  ---
  duration_ms: 0.263946
  type: 'test'
  ...
# Subtest: ties are stable by ID
ok 300 - ties are stable by ID
  ---
  duration_ms: 4.301697
  type: 'test'
  ...
# Subtest: shared prefix does not lock onto a target
ok 301 - shared prefix does not lock onto a target
  ---
  duration_ms: 0.216825
  type: 'test'
  ...
# Subtest: falling FIRE word takes priority over available command
ok 302 - falling FIRE word takes priority over available command
  ---
  duration_ms: 0.163997
  type: 'test'
  ...
# Subtest: power collection is immediate and capped at two
ok 303 - power collection is immediate and capped at two
  ---
  duration_ms: 0.178458
  type: 'test'
  ...
# Subtest: all four power-card families grant the corresponding book
ok 304 - all four power-card families grant the corresponding book
  ---
  duration_ms: 0.175153
  type: 'test'
  ...
# Subtest: unavailable spell costs no points or danger and grants no stock
ok 305 - unavailable spell costs no points or danger and grants no stock
  ---
  duration_ms: 0.217597
  type: 'test'
  ...
# Subtest: FIRE clears active cards without scoring, progress, or harvesting books
ok 306 - FIRE clears active cards without scoring, progress, or harvesting books
  ---
  duration_ms: 0.385359
  type: 'test'
  ...
# Subtest: FIRE consumes exactly one charge per nonempty cast
ok 307 - FIRE consumes exactly one charge per nonempty cast
  ---
  duration_ms: 0.191778
  type: 'test'
  ...
# Subtest: ICE stops words and spawn timer for its duration
ok 308 - ICE stops words and spawn timer for its duration
  ---
  duration_ms: 4.387465
  type: 'test'
  ...
# Subtest: ICE active recast is rejected and preserves the next book
ok 309 - ICE active recast is rejected and preserves the next book
  ---
  duration_ms: 0.336365
  type: 'test'
  ...
# Subtest: SLOW scales motion by exactly 0.42
ok 310 - SLOW scales motion by exactly 0.42
  ---
  duration_ms: 0.17311
  type: 'test'
  ...
# Subtest: ICE and SLOW coexist; SLOW time is banked until ICE ends
ok 311 - ICE and SLOW coexist; SLOW time is banked until ICE ends
  ---
  duration_ms: 0.207051
  type: 'test'
  ...
# Subtest: WIND fully clears danger and paper without clearing active words
ok 312 - WIND fully clears danger and paper without clearing active words
  ---
  duration_ms: 0.187151
  type: 'test'
  ...
# Subtest: pause freezes timers, positions, game time, and spawn countdown
ok 313 - pause freezes timers, positions, game time, and spawn countdown
  ---
  duration_ms: 0.476465
  type: 'test'
  ...
# Subtest: paused input cannot change buffer or score
ok 314 - paused input cannot change buffer or score
  ---
  duration_ms: 0.097486
  type: 'test'
  ...
# Subtest: miss adds the configured danger once and clears streak
ok 315 - miss adds the configured danger once and clears streak
  ---
  duration_ms: 0.175543
  type: 'test'
  ...
# Subtest: dark miss penalty is larger; dark completion earns double
ok 316 - dark miss penalty is larger; dark completion earns double
  ---
  duration_ms: 0.304047
  type: 'test'
  ...
# Subtest: game over is terminal and emits only once
ok 317 - game over is terminal and emits only once
  ---
  duration_ms: 0.24584
  type: 'test'
  ...
# Subtest: an invalid submission can end a run at the limit
ok 318 - an invalid submission can end a run at the limit
  ---
  duration_ms: 0.112779
  type: 'test'
  ...
# Subtest: word submitted just before impact cannot subsequently land
ok 319 - word submitted just before impact cannot subsequently land
  ---
  duration_ms: 0.123496
  type: 'test'
  ...
# Subtest: perfect chapter awards 100 x level plus 250, then clears field
ok 320 - perfect chapter awards 100 x level plus 250, then clears field
  ---
  duration_ms: 0.297216
  type: 'test'
  ...
# Subtest: imperfect chapter excludes perfect bonus
ok 321 - imperfect chapter excludes perfect bonus
  ---
  duration_ms: 0.691408
  type: 'test'
  ...
# Subtest: next chapter resets quota and timed effects but retains danger and stock
ok 322 - next chapter resets quota and timed effects but retains danger and stock
  ---
  duration_ms: 0.256716
  type: 'test'
  ...
# Subtest: streak multiplier grows at eight and caps at three
ok 323 - streak multiplier grows at eight and caps at three
  ---
  duration_ms: 0.069174
  type: 'test'
  ...
# Subtest: word accuracy is submission accuracy, not a keystroke claim
ok 324 - word accuracy is submission accuracy, not a keystroke claim
  ---
  duration_ms: 0.228764
  type: 'test'
  ...
# Subtest: WPM uses correctly completed characters and active time
ok 325 - WPM uses correctly completed characters and active time
  ---
  duration_ms: 0.148614
  type: 'test'
  ...
# Subtest: same seed and input sequence yield the same simulation
ok 326 - same seed and input sequence yield the same simulation
  ---
  duration_ms: 10.704728
  type: 'test'
  ...
# Subtest: spawn bounds keep whole cards on the playfield
ok 327 - spawn bounds keep whole cards on the playfield
  ---
  duration_ms: 4.100565
  type: 'test'
  ...
# Subtest: spawn is bounded at 12 simultaneous cards
ok 328 - spawn is bounded at 12 simultaneous cards
  ---
  duration_ms: 0.158648
  type: 'test'
  ...
# Subtest: special cards include explicit glyph padding
ok 329 - special cards include explicit glyph padding
  ---
  duration_ms: 0.370766
  type: 'test'
  ...
# Subtest: level speed and quotas increase but remain bounded
ok 330 - level speed and quotas increase but remain bounded
  ---
  duration_ms: 0.988344
  type: 'test'
  ...
# Subtest: pace choice changes speed without changing correctness rules
ok 331 - pace choice changes speed without changing correctness rules
  ---
  duration_ms: 0.087861
  type: 'test'
  ...
# Subtest: fixed clock creates 60 bounded simulation steps over one second
ok 332 - fixed clock creates 60 bounded simulation steps over one second
  ---
  duration_ms: 0.204947
  type: 'test'
  ...
# Subtest: clock does not simulate a hidden-tab catch-up burst
ok 333 - clock does not simulate a hidden-tab catch-up burst
  ---
  duration_ms: 0.103075
  type: 'test'
  ...
# Subtest: settings and local records round-trip with schema validation
ok 334 - settings and local records round-trip with schema validation
  ---
  duration_ms: 1.089305
  type: 'test'
  ...
# Subtest: malformed local data recovers safely
ok 335 - malformed local data recovers safely
  ---
  duration_ms: 0.783616
  type: 'test'
  ...
# Subtest: unavailable storage is explicitly session-only
ok 336 - unavailable storage is explicitly session-only
  ---
  duration_ms: 0.194001
  type: 'test'
  ...
# Subtest: blocked storage never crashes game state
ok 337 - blocked storage never crashes game state
  ---
  duration_ms: 0.317437
  type: 'test'
  ...
# Subtest: records filter malformed entries and maintain independent pace bests
ok 338 - records filter malformed entries and maintain independent pace bests
  ---
  duration_ms: 1.887053
  type: 'test'
  ...
# Subtest: clearing records retains settings
ok 339 - clearing records retains settings
  ---
  duration_ms: 0.169474
  type: 'test'
  ...
# Subtest: new players get the original score without a separate setup screen
ok 340 - new players get the original score without a separate setup screen
  ---
  duration_ms: 1.038578
  type: 'test'
  ...
# Subtest: music, effects, and master volume have independent bounded defaults
ok 341 - music, effects, and master volume have independent bounded defaults
  ---
  duration_ms: 0.162844
  type: 'test'
  ...
# Subtest: default gameplay HUD is focused, not a metrics dashboard
ok 342 - default gameplay HUD is focused, not a metrics dashboard
  ---
  duration_ms: 0.188573
  type: 'test'
  ...
# Subtest: returning players have a configurable resume safety countdown
ok 343 - returning players have a configurable resume safety countdown
  ---
  duration_ms: 0.09352
  type: 'test'
  ...
# Subtest: v2 settings and records migrate non-destructively into Typekeeper
ok 344 - v2 settings and records migrate non-destructively into Typekeeper
  ---
  duration_ms: 1.014653
  type: 'test'
  ...
# Subtest: current Typekeeper preferences take priority over old defaults
ok 345 - current Typekeeper preferences take priority over old defaults
  ---
  duration_ms: 0.285449
  type: 'test'
  ...
# Subtest: new audio preferences persist through actual serialization
ok 346 - new audio preferences persist through actual serialization
  ---
  duration_ms: 0.474862
  type: 'test'
  ...
# Subtest: invalid imported audio gains do not reach the mixer
ok 347 - invalid imported audio gains do not reach the mixer
  ---
  duration_ms: 0.15341
  type: 'test'
  ...
# Subtest: new presentation toggles serialize without changing active game rules
ok 348 - new presentation toggles serialize without changing active game rules
  ---
  duration_ms: 0.27922
  type: 'test'
  ...
# Subtest: Typekeeper save exports identify the product and preserve schema compatibility
ok 349 - Typekeeper save exports identify the product and preserve schema compatibility
  ---
  duration_ms: 0.735644
  type: 'test'
  ...
# Subtest: migrated saves retain all earned mastery and chapter bookmarks
ok 350 - migrated saves retain all earned mastery and chapter bookmarks
  ---
  duration_ms: 2.968727
  type: 'test'
  ...
# Subtest: pile restoration agrees with the danger meter after a bookmark
ok 351 - pile restoration agrees with the danger meter after a bookmark
  ---
  duration_ms: 3.651461
  type: 'test'
  ...
# Subtest: restored pile does not retain references to imported data
ok 352 - restored pile does not retain references to imported data
  ---
  duration_ms: 0.935604
  type: 'test'
  ...
# Subtest: older checkpoints reconstruct visual papers for existing danger
ok 353 - older checkpoints reconstruct visual papers for existing danger
  ---
  duration_ms: 0.378498
  type: 'test'
  ...
# Subtest: malformed pile objects are rejected before save import
ok 354 - malformed pile objects are rejected before save import
  ---
  duration_ms: 0.179008
  type: 'test'
  ...
# Subtest: oversized or out-of-field imported piles are rejected
ok 355 - oversized or out-of-field imported piles are rejected
  ---
  duration_ms: 0.23348
  type: 'test'
  ...
# Subtest: campaign finale now uses the Typekeeper identity
ok 356 - campaign finale now uses the Typekeeper identity
  ---
  duration_ms: 0.065017
  type: 'test'
  ...
# Subtest: HTML contains no website header, footer, or edition labeling
ok 357 - HTML contains no website header, footer, or edition labeling
  ---
  duration_ms: 0.423596
  type: 'test'
  ...
# Subtest: live menu source removes prototype and defensive copy
ok 358 - live menu source removes prototype and defensive copy
  ---
  duration_ms: 0.24692
  type: 'test'
  ...
# Subtest: original score has two equal-length, original phase-aligned stems
ok 359 - original score has two equal-length, original phase-aligned stems
  ---
  duration_ms: 0.185388
  type: 'test'
  ...
# Subtest: both music exports are included locally and stay under 3 MiB each
ok 360 - both music exports are included locally and stay under 3 MiB each
  ---
  duration_ms: 0.295764
  type: 'test'
  ...
# Subtest: source soundtrack includes editable MIDI and lossless masters
ok 361 - source soundtrack includes editable MIDI and lossless masters
  ---
  duration_ms: 0.175083
  type: 'test'
  ...
# Subtest: old placeholder nocturne is not shipped as a runtime asset
ok 362 - old placeholder nocturne is not shipped as a runtime asset
  ---
  duration_ms: 0.081373
  type: 'test'
  ...
# Subtest: no font binaries or remote font dependencies are required
ok 363 - no font binaries or remote font dependencies are required
  ---
  duration_ms: 0.452099
  type: 'test'
  ...
# Subtest: Application 3.5.1 retains the 3.2.1 gameplay ruleset and resource capacity
ok 364 - Application 3.5.1 retains the 3.2.1 gameplay ruleset and resource capacity
  ---
  duration_ms: 0.957317
  type: 'test'
  ...
# Subtest: Source hashes preserve untouched 3.4 modules; changed rules/model are covered by dual-model parity tests
ok 365 - Source hashes preserve untouched 3.4 modules; changed rules/model are covered by dual-model parity tests
  ---
  duration_ms: 81.902222
  type: 'test'
  ...
# Subtest: Room state 1 follows campaign chapters 1–6
ok 366 - Room state 1 follows campaign chapters 1–6
  ---
  duration_ms: 1.462104
  type: 'test'
  ...
# Subtest: Room state 2 follows campaign chapters 7–12
ok 367 - Room state 2 follows campaign chapters 7–12
  ---
  duration_ms: 0.083245
  type: 'test'
  ...
# Subtest: Room state 3 follows campaign chapters 13–18
ok 368 - Room state 3 follows campaign chapters 13–18
  ---
  duration_ms: 0.138418
  type: 'test'
  ...
# Subtest: Room state 4 follows campaign chapters 19–24
ok 369 - Room state 4 follows campaign chapters 19–24
  ---
  duration_ms: 0.058557
  type: 'test'
  ...
# Subtest: Room state 5 follows campaign chapters 25–30
ok 370 - Room state 5 follows campaign chapters 25–30
  ---
  duration_ms: 0.104517
  type: 'test'
  ...
# Subtest: Room state 6 follows campaign chapters 31–36
ok 371 - Room state 6 follows campaign chapters 31–36
  ---
  duration_ms: 0.067351
  type: 'test'
  ...
# Subtest: Room state 7 follows campaign chapters 37–42
ok 372 - Room state 7 follows campaign chapters 37–42
  ---
  duration_ms: 0.205769
  type: 'test'
  ...
# Subtest: Room state 8 follows campaign chapters 43–48
ok 373 - Room state 8 follows campaign chapters 43–48
  ---
  duration_ms: 0.320191
  type: 'test'
  ...
# Subtest: Endless reuses the final room rather than generating unbounded stage textures
ok 374 - Endless reuses the final room rather than generating unbounded stage textures
  ---
  duration_ms: 0.16004
  type: 'test'
  ...
# Subtest: Visual prefix target is the same lowest-y, lowest-ID candidate as the model
ok 375 - Visual prefix target is the same lowest-y, lowest-ID candidate as the model
  ---
  duration_ms: 0.147121
  type: 'test'
  ...
# Subtest: Target selection never reorders the live model array
ok 376 - Target selection never reorders the live model array
  ---
  duration_ms: 0.575394
  type: 'test'
  ...
# Subtest: Words stay readable at presentation scale 0.72
ok 377 - Words stay readable at presentation scale 0.72
  ---
  duration_ms: 0.607522
  type: 'test'
  ...
# Subtest: Words stay readable at presentation scale 0.8355555556
ok 378 - Words stay readable at presentation scale 0.8355555556
  ---
  duration_ms: 0.271788
  type: 'test'
  ...
# Subtest: Words stay readable at presentation scale 1.18
ok 379 - Words stay readable at presentation scale 1.18
  ---
  duration_ms: 0.074572
  type: 'test'
  ...
# Subtest: EXTRAORDINARY remains one complete string and never splits into rows
ok 380 - EXTRAORDINARY remains one complete string and never splits into rows
  ---
  duration_ms: 0.096014
  type: 'test'
  ...
# Subtest: Physical-text material layouts leave room for all four element icons
ok 381 - Physical-text material layouts leave room for all four element icons
  ---
  duration_ms: 0.115403
  type: 'test'
  ...
# Subtest: Display-only collision resolution never changes y, speed, text or source coordinates
ok 382 - Display-only collision resolution never changes y, speed, text or source coordinates
  ---
  duration_ms: 0.294873
  type: 'test'
  ...
# Subtest: Display separation clamps complete card edges inside the playfield
ok 383 - Display separation clamps complete card edges inside the playfield
  ---
  duration_ms: 0.223605
  type: 'test'
  ...
# Subtest: Defeat ceremony lasts 1.2 presentation seconds and completes exactly once
ok 384 - Defeat ceremony lasts 1.2 presentation seconds and completes exactly once
  ---
  duration_ms: 0.19355
  type: 'test'
  ...
# Subtest: Chapter closure lasts less than a second and is independently skippable
ok 385 - Chapter closure lasts less than a second and is independently skippable
  ---
  duration_ms: 0.103586
  type: 'test'
  ...
# Subtest: Hidden-page time does not consume the ceremony
ok 386 - Hidden-page time does not consume the ceremony
  ---
  duration_ms: 0.107181
  type: 'test'
  ...
# Subtest: Canceling a ceremony prevents stale UI callbacks after retry or menu
ok 387 - Canceling a ceremony prevents stale UI callbacks after retry or menu
  ---
  duration_ms: 0.065429
  type: 'test'
  ...
# Subtest: Reduced-motion ceremonies complete immediately without simulated game time
ok 388 - Reduced-motion ceremonies complete immediately without simulated game time
  ---
  duration_ms: 0.057317
  type: 'test'
  ...
# Subtest: Long frame gaps cannot create a giant catch-up through the outcome presentation
ok 389 - Long frame gaps cannot create a giant catch-up through the outcome presentation
  ---
  duration_ms: 0.054482
  type: 'test'
  ...
# Subtest: Ceremony payload and progress never award a second model score
ok 390 - Ceremony payload and progress never award a second model score
  ---
  duration_ms: 1.326731
  type: 'test'
  ...
# Subtest: Presentation layout and effects do not change the authored 48-stage pace curve
ok 391 - Presentation layout and effects do not change the authored 48-stage pace curve
  ---
  duration_ms: 0.424447
  type: 'test'
  ...
# Subtest: chapter 1: the earlier pressure curve is pinned
ok 392 - chapter 1: the earlier pressure curve is pinned
  ---
  duration_ms: 1.076946
  type: 'test'
  ...
# Subtest: chapter 3: the earlier pressure curve is pinned
ok 393 - chapter 3: the earlier pressure curve is pinned
  ---
  duration_ms: 0.102614
  type: 'test'
  ...
# Subtest: chapter 6: the earlier pressure curve is pinned
ok 394 - chapter 6: the earlier pressure curve is pinned
  ---
  duration_ms: 0.134992
  type: 'test'
  ...
# Subtest: chapter 12: the earlier pressure curve is pinned
ok 395 - chapter 12: the earlier pressure curve is pinned
  ---
  duration_ms: 0.078378
  type: 'test'
  ...
# Subtest: chapter 24: the earlier pressure curve is pinned
ok 396 - chapter 24: the earlier pressure curve is pinned
  ---
  duration_ms: 0.115914
  type: 'test'
  ...
# Subtest: chapter 36: the earlier pressure curve is pinned
ok 397 - chapter 36: the earlier pressure curve is pinned
  ---
  duration_ms: 0.105508
  type: 'test'
  ...
# Subtest: chapter 48: the earlier pressure curve is pinned
ok 398 - chapter 48: the earlier pressure curve is pinned
  ---
  duration_ms: 0.0668
  type: 'test'
  ...
# Subtest: second chapter introduces medium words; the first chapter keeps its short onboarding words
ok 399 - second chapter introduces medium words; the first chapter keeps its short onboarding words
  ---
  duration_ms: 0.232299
  type: 'test'
  ...
# Subtest: all 48 vocabulary distributions are positive, normalized, and length-bounded
ok 400 - all 48 vocabulary distributions are positive, normalized, and length-bounded
  ---
  duration_ms: 5.072283
  type: 'test'
  ...
# Subtest: early speed changes are explicit between chapters; no within-card rubber banding
ok 401 - early speed changes are explicit between chapters; no within-card rubber banding
  ---
  duration_ms: 9.358958
  type: 'test'
  ...
# Subtest: chapter 48 into Endless does not reset difficulty downward
ok 402 - chapter 48 into Endless does not reset difficulty downward
  ---
  duration_ms: 0.175613
  type: 'test'
  ...
# Subtest: music adds no tension in calm play and builds continuously through danger
ok 403 - music adds no tension in calm play and builds continuously through danger
  ---
  duration_ms: 0.586561
  type: 'test'
  ...
# Subtest: adaptive layers can be disabled without changing the baseline scene groove
ok 404 - adaptive layers can be disabled without changing the baseline scene groove
  ---
  duration_ms: 0.543807
  type: 'test'
  ...
# Subtest: menu: high pile never leaves critical layers playing over a modal
ok 405 - menu: high pile never leaves critical layers playing over a modal
  ---
  duration_ms: 0.077646
  type: 'test'
  ...
# Subtest: pause: high pile never leaves critical layers playing over a modal
ok 406 - pause: high pile never leaves critical layers playing over a modal
  ---
  duration_ms: 0.097146
  type: 'test'
  ...
# Subtest: clear: high pile never leaves critical layers playing over a modal
ok 407 - clear: high pile never leaves critical layers playing over a modal
  ---
  duration_ms: 0.048533
  type: 'test'
  ...
# Subtest: over: high pile never leaves critical layers playing over a modal
ok 408 - over: high pile never leaves critical layers playing over a modal
  ---
  duration_ms: 0.035884
  type: 'test'
  ...
# Subtest: music rejects invalid pressure and clamps out-of-range numbers
ok 409 - music rejects invalid pressure and clamps out-of-range numbers
  ---
  duration_ms: 0.091787
  type: 'test'
  ...
# Subtest: all four stems use one exact original music-cycle duration
ok 410 - all four stems use one exact original music-cycle duration
  ---
  duration_ms: 0.060722
  type: 'test'
  ...
# Subtest: near-boundary pressure changes cannot cause abrupt target jumps
ok 411 - near-boundary pressure changes cannot cause abrupt target jumps
  ---
  duration_ms: 0.238498
  type: 'test'
  ...
# Subtest: input sparkle targets the lowest eligible prefix without auto-submitting
ok 412 - input sparkle targets the lowest eligible prefix without auto-submitting
  ---
  duration_ms: 0.264698
  type: 'test'
  ...
# Subtest: full-word ready cue is feedback only until Enter
ok 413 - full-word ready cue is feedback only until Enter
  ---
  duration_ms: 0.363866
  type: 'test'
  ...
# Subtest: wrong prefixes get no match sparkle and no extra penalty
ok 414 - wrong prefixes get no match sparkle and no extra penalty
  ---
  duration_ms: 0.19284
  type: 'test'
  ...
# Subtest: same-length replacement emits a new key event; unchanged input does not
ok 415 - same-length replacement emits a new key event; unchanged input does not
  ---
  duration_ms: 0.300942
  type: 'test'
  ...
# Subtest: backspace does not trigger a new typing-ready sound
ok 416 - backspace does not trigger a new typing-ready sound
  ---
  duration_ms: 0.196535
  type: 'test'
  ...
# Subtest: ICE and queued SLOW each emit exactly one natural ending
ok 417 - ICE and queued SLOW each emit exactly one natural ending
  ---
  duration_ms: 0.589695
  type: 'test'
  ...
# Subtest: pause suspends effect-end events and spell lifetime
ok 418 - pause suspends effect-end events and spell lifetime
  ---
  duration_ms: 0.14705
  type: 'test'
  ...
# Subtest: clearing a chapter cancels effects without false expiration cues
ok 419 - clearing a chapter cancels effects without false expiration cues
  ---
  duration_ms: 0.349284
  type: 'test'
  ...
# Subtest: score tally is monotone, bounded, and finishes at the authoritative total
ok 420 - score tally is monotone, bounded, and finishes at the authoritative total
  ---
  duration_ms: 0.295153
  type: 'test'
  ...
# Subtest: large totals finish in the same time rather than counting each point
ok 421 - large totals finish in the same time rather than counting each point
  ---
  duration_ms: 0.112569
  type: 'test'
  ...
# Subtest: slow-frame tally never schedules a backlog of ticks
ok 422 - slow-frame tally never schedules a backlog of ticks
  ---
  duration_ms: 0.082995
  type: 'test'
  ...
# Subtest: tally skip completes once; a canceled tally cannot leak a completion
ok 423 - tally skip completes once; a canceled tally cannot leak a completion
  ---
  duration_ms: 0.1002
  type: 'test'
  ...
# Subtest: reduced motion displays the final score immediately
ok 424 - reduced motion displays the final score immediately
  ---
  duration_ms: 0.069615
  type: 'test'
  ...
# Subtest: score presentation cannot mutate game totals or earn duplicate points
ok 425 - score presentation cannot mutate game totals or earn duplicate points
  ---
  duration_ms: 0.302394
  type: 'test'
  ...
# Subtest: v3.1 storage migrates into v3.2.1 without rewriting the old key
ok 426 - v3.1 storage migrates into v3.2.1 without rewriting the old key
  ---
  duration_ms: 0.771629
  type: 'test'
  ...
# Subtest: adaptive music and shimmer preferences persist without changing score rules
ok 427 - adaptive music and shimmer preferences persist without changing score rules
  ---
  duration_ms: 0.202023
  type: 'test'
  ...
# Subtest: normal: the ink, emblem and drawn hardware have separate safe regions for every authored word
ok 428 - normal: the ink, emblem and drawn hardware have separate safe regions for every authored word
  ---
  duration_ms: 58.36294
  type: 'test'
  ...
# Subtest: fire: the ink, emblem and drawn hardware have separate safe regions for every authored word
ok 429 - fire: the ink, emblem and drawn hardware have separate safe regions for every authored word
  ---
  duration_ms: 13.929688
  type: 'test'
  ...
# Subtest: ice: the ink, emblem and drawn hardware have separate safe regions for every authored word
ok 430 - ice: the ink, emblem and drawn hardware have separate safe regions for every authored word
  ---
  duration_ms: 3.034254
  type: 'test'
  ...
# Subtest: slow: the ink, emblem and drawn hardware have separate safe regions for every authored word
ok 431 - slow: the ink, emblem and drawn hardware have separate safe regions for every authored word
  ---
  duration_ms: 3.587515
  type: 'test'
  ...
# Subtest: wind: the ink, emblem and drawn hardware have separate safe regions for every authored word
ok 432 - wind: the ink, emblem and drawn hardware have separate safe regions for every authored word
  ---
  duration_ms: 7.55532
  type: 'test'
  ...
# Subtest: bonus: the ink, emblem and drawn hardware have separate safe regions for every authored word
ok 433 - bonus: the ink, emblem and drawn hardware have separate safe regions for every authored word
  ---
  duration_ms: 1.564308
  type: 'test'
  ...
# Subtest: INK: short and long scrolls fit their actual content, not the old model width
ok 434 - INK: short and long scrolls fit their actual content, not the old model width
  ---
  duration_ms: 0.804157
  type: 'test'
  ...
# Subtest: I: short and long scrolls fit their actual content, not the old model width
ok 435 - I: short and long scrolls fit their actual content, not the old model width
  ---
  duration_ms: 0.10623
  type: 'test'
  ...
# Subtest: WONDER: short and long scrolls fit their actual content, not the old model width
ok 436 - WONDER: short and long scrolls fit their actual content, not the old model width
  ---
  duration_ms: 0.323405
  type: 'test'
  ...
# Subtest: STORY: short and long scrolls fit their actual content, not the old model width
ok 437 - STORY: short and long scrolls fit their actual content, not the old model width
  ---
  duration_ms: 0.302154
  type: 'test'
  ...
# Subtest: IMAGINE: short and long scrolls fit their actual content, not the old model width
ok 438 - IMAGINE: short and long scrolls fit their actual content, not the old model width
  ---
  duration_ms: 0.209144
  type: 'test'
  ...
# Subtest: BIOLUMINESCENT: short and long scrolls fit their actual content, not the old model width
ok 439 - BIOLUMINESCENT: short and long scrolls fit their actual content, not the old model width
  ---
  duration_ms: 0.066349
  type: 'test'
  ...
# Subtest: Extreme 24-W custom cards remain single-line with a protected crest and both rollers
ok 440 - Extreme 24-W custom cards remain single-line with a protected crest and both rollers
  ---
  duration_ms: 0.176544
  type: 'test'
  ...
# Subtest: Ink overhangs are accounted for rather than relying only on advance width
ok 441 - Ink overhangs are accounted for rather than relying only on advance width
  ---
  duration_ms: 0.104316
  type: 'test'
  ...
# Subtest: Geometry remains frozen and defaults invalid dimensions safely
ok 442 - Geometry remains frozen and defaults invalid dimensions safely
  ---
  duration_ms: 0.098357
  type: 'test'
  ...
# Subtest: The ornament and tassels fit inside the pre-existing texture padding
ok 443 - The ornament and tassels fit inside the pre-existing texture padding
  ---
  duration_ms: 0.05975
  type: 'test'
  ...
# Subtest: Native WIND paths use all six cubic coordinates while FIRE/ICE/SLOW also draw without invalid parameters
ok 444 - Native WIND paths use all six cubic coordinates while FIRE/ICE/SLOW also draw without invalid parameters
  ---
  duration_ms: 1.317317
  type: 'test'
  ...
# Subtest: Reduced-motion casting emits no animated drawing calls
ok 445 - Reduced-motion casting emits no animated drawing calls
  ---
  duration_ms: 0.138898
  type: 'test'
  ...
# Subtest: Sizing repeated scrolls does not mutate game state or advance either random stream
ok 446 - Sizing repeated scrolls does not mutate game state or advance either random stream
  ---
  duration_ms: 8.683314
  type: 'test'
  ...
# Subtest: Standalone compiler includes scroll dependency before its consumers and checks the assembled script
ok 447 - Standalone compiler includes scroll dependency before its consumers and checks the assembled script
  ---
  duration_ms: 0.369114
  type: 'test'
  ...
# Subtest: Build rejects inconsistent HTML/application/package identity before exporting
ok 448 - Build rejects inconsistent HTML/application/package identity before exporting
  ---
  duration_ms: 0.121543
  type: 'test'
  ...
# Subtest: All 746 authored words × 6 materials remain complete single rows at scale 0.5
ok 449 - All 746 authored words × 6 materials remain complete single rows at scale 0.5
  ---
  duration_ms: 26.026378
  type: 'test'
  ...
# Subtest: All 746 authored words × 6 materials remain complete single rows at scale 0.65
ok 450 - All 746 authored words × 6 materials remain complete single rows at scale 0.65
  ---
  duration_ms: 17.68868
  type: 'test'
  ...
# Subtest: All 746 authored words × 6 materials remain complete single rows at scale 0.72
ok 451 - All 746 authored words × 6 materials remain complete single rows at scale 0.72
  ---
  duration_ms: 27.683481
  type: 'test'
  ...
# Subtest: All 746 authored words × 6 materials remain complete single rows at scale 0.8355555556
ok 452 - All 746 authored words × 6 materials remain complete single rows at scale 0.8355555556
  ---
  duration_ms: 28.437013
  type: 'test'
  ...
# Subtest: All 746 authored words × 6 materials remain complete single rows at scale 1
ok 453 - All 746 authored words × 6 materials remain complete single rows at scale 1
  ---
  duration_ms: 11.786872
  type: 'test'
  ...
# Subtest: All 746 authored words × 6 materials remain complete single rows at scale 1.18
ok 454 - All 746 authored words × 6 materials remain complete single rows at scale 1.18
  ---
  duration_ms: 2.851661
  type: 'test'
  ...
# Subtest: All 746 authored words × 6 materials remain complete single rows at scale 1.5
ok 455 - All 746 authored words × 6 materials remain complete single rows at scale 1.5
  ---
  duration_ms: 2.907614
  type: 'test'
  ...
# Subtest: All 746 authored words × 6 materials remain complete single rows at scale 2
ok 456 - All 746 authored words × 6 materials remain complete single rows at scale 2
  ---
  duration_ms: 2.584599
  type: 'test'
  ...
# Subtest: 24 widest glyphs fit card bounds instead of wrapping or clipping
ok 457 - 24 widest glyphs fit card bounds instead of wrapping or clipping
  ---
  duration_ms: 0.575283
  type: 'test'
  ...
# Subtest: Renderer ignores an obsolete two-line layout and paints only the complete canonical word
ok 458 - Renderer ignores an obsolete two-line layout and paints only the complete canonical word
  ---
  duration_ms: 0.840872
  type: 'test'
  ...
# Subtest: New runs use non-repeating consecutive entropy seeds, including same-tick fallback
ok 459 - New runs use non-repeating consecutive entropy seeds, including same-tick fallback
  ---
  duration_ms: 4.318662
  type: 'test'
  ...
# Subtest: 100 default new runs do not reuse one seed or the INK/TALE/BOOK/PAGE opening
ok 460 - 100 default new runs do not reuse one seed or the INK/TALE/BOOK/PAGE opening
  ---
  duration_ms: 47.20643
  type: 'test'
  ...
# Subtest: 200 explicit run seeds produce 200 different twelve-word openings
ok 461 - 200 explicit run seeds produce 200 different twelve-word openings
  ---
  duration_ms: 104.378498
  type: 'test'
  ...
# Subtest: Chapter 1: random words use authored pools, no active duplicate or recent repeat
ok 462 - Chapter 1: random words use authored pools, no active duplicate or recent repeat
  ---
  duration_ms: 20.754872
  type: 'test'
  ...
# Subtest: Chapter 2: random words use authored pools, no active duplicate or recent repeat
ok 463 - Chapter 2: random words use authored pools, no active duplicate or recent repeat
  ---
  duration_ms: 5.399195
  type: 'test'
  ...
# Subtest: Chapter 6: random words use authored pools, no active duplicate or recent repeat
ok 464 - Chapter 6: random words use authored pools, no active duplicate or recent repeat
  ---
  duration_ms: 5.586776
  type: 'test'
  ...
# Subtest: Chapter 12: random words use authored pools, no active duplicate or recent repeat
ok 465 - Chapter 12: random words use authored pools, no active duplicate or recent repeat
  ---
  duration_ms: 3.852002
  type: 'test'
  ...
# Subtest: Chapter 24: random words use authored pools, no active duplicate or recent repeat
ok 466 - Chapter 24: random words use authored pools, no active duplicate or recent repeat
  ---
  duration_ms: 3.167935
  type: 'test'
  ...
# Subtest: Chapter 36: random words use authored pools, no active duplicate or recent repeat
ok 467 - Chapter 36: random words use authored pools, no active duplicate or recent repeat
  ---
  duration_ms: 3.584941
  type: 'test'
  ...
# Subtest: Chapter 48: random words use authored pools, no active duplicate or recent repeat
ok 468 - Chapter 48: random words use authored pools, no active duplicate or recent repeat
  ---
  duration_ms: 3.282858
  type: 'test'
  ...
# Subtest: Chapter 49: random words use authored pools, no active duplicate or recent repeat
ok 469 - Chapter 49: random words use authored pools, no active duplicate or recent repeat
  ---
  duration_ms: 2.675596
  type: 'test'
  ...
# Subtest: Chapter 200: random words use authored pools, no active duplicate or recent repeat
ok 470 - Chapter 200: random words use authored pools, no active duplicate or recent repeat
  ---
  duration_ms: 3.995527
  type: 'test'
  ...
# Subtest: Fixed seed plus word seed still reproduces the complete word and item sequence
ok 471 - Fixed seed plus word seed still reproduces the complete word and item sequence
  ---
  duration_ms: 4.12419
  type: 'test'
  ...
# Subtest: relaxed: retry draws new words but restores score, danger, books, pacing and item schedule
ok 472 - relaxed: retry draws new words but restores score, danger, books, pacing and item schedule
  ---
  duration_ms: 1.684008
  type: 'test'
  ...
# Subtest: classic: retry draws new words but restores score, danger, books, pacing and item schedule
ok 473 - classic: retry draws new words but restores score, danger, books, pacing and item schedule
  ---
  duration_ms: 0.947632
  type: 'test'
  ...
# Subtest: maniac: retry draws new words but restores score, danger, books, pacing and item schedule
ok 474 - maniac: retry draws new words but restores score, danger, books, pacing and item schedule
  ---
  duration_ms: 1.187482
  type: 'test'
  ...
# Subtest: Repeated retries cannot accumulate failed-attempt earnings
ok 475 - Repeated retries cannot accumulate failed-attempt earnings
  ---
  duration_ms: 1.5184
  type: 'test'
  ...
# Subtest: Continue restores the same vocabulary attempt, including a saved retry
ok 476 - Continue restores the same vocabulary attempt, including a saved retry
  ---
  duration_ms: 2.204019
  type: 'test'
  ...
# Subtest: Export/import preserves randomized vocabulary provenance without changing balance version
ok 477 - Export/import preserves randomized vocabulary provenance without changing balance version
  ---
  duration_ms: 1.029305
  type: 'test'
  ...
# Subtest: Older bookmarks without vocabulary metadata retain legacy opener on Continue, but Retry randomizes
ok 478 - Older bookmarks without vocabulary metadata retain legacy opener on Continue, but Retry randomizes
  ---
  duration_ms: 1.835264
  type: 'test'
  ...
# Subtest: Malformed vocabulary bookmark metadata is rejected
ok 479 - Malformed vocabulary bookmark metadata is rejected
  ---
  duration_ms: 0.241463
  type: 'test'
  ...
# Subtest: Renderer/readability calculations never advance the word RNG or change the model
ok 480 - Renderer/readability calculations never advance the word RNG or change the model
  ---
  duration_ms: 8.243973
  type: 'test'
  ...
# Subtest: Word randomness cannot inject stock, shorten spell durations, or alter the sparse tutorial
ok 481 - Word randomness cannot inject stock, shorten spell durations, or alter the sparse tutorial
  ---
  duration_ms: 71.115681
  type: 'test'
  ...
# Subtest: v3.5.1 preserves v3.5.0 bytes: asset-source/FOLIO_MATERIALS.md
ok 482 - v3.5.1 preserves v3.5.0 bytes: asset-source/FOLIO_MATERIALS.md
  ---
  duration_ms: 3.089286
  type: 'test'
  ...
# Subtest: v3.5.1 preserves v3.5.0 bytes: asset-source/README.md
ok 483 - v3.5.1 preserves v3.5.0 bytes: asset-source/README.md
  ---
  duration_ms: 0.165989
  type: 'test'
  ...
# Subtest: v3.5.1 preserves v3.5.0 bytes: asset-source/audio/SFX_Preview_Cue_Sheet.json
ok 484 - v3.5.1 preserves v3.5.0 bytes: asset-source/audio/SFX_Preview_Cue_Sheet.json
  ---
  duration_ms: 0.159839
  type: 'test'
  ...
# Subtest: v3.5.1 preserves v3.5.0 bytes: asset-source/audio/Typekeeper_SFX_Preview.flac
ok 485 - v3.5.1 preserves v3.5.0 bytes: asset-source/audio/Typekeeper_SFX_Preview.flac
  ---
  duration_ms: 0.477316
  type: 'test'
  ...
# Subtest: v3.5.1 preserves v3.5.0 bytes: asset-source/audio/Typekeeper_SFX_Preview.mp3
ok 486 - v3.5.1 preserves v3.5.0 bytes: asset-source/audio/Typekeeper_SFX_Preview.mp3
  ---
  duration_ms: 0.590817
  type: 'test'
  ...
# Subtest: v3.5.1 preserves v3.5.0 bytes: asset-source/book-fire.svg
ok 487 - v3.5.1 preserves v3.5.0 bytes: asset-source/book-fire.svg
  ---
  duration_ms: 0.112099
  type: 'test'
  ...
# Subtest: v3.5.1 preserves v3.5.0 bytes: asset-source/book-ice.svg
ok 488 - v3.5.1 preserves v3.5.0 bytes: asset-source/book-ice.svg
  ---
  duration_ms: 0.151607
  type: 'test'
  ...
# Subtest: v3.5.1 preserves v3.5.0 bytes: asset-source/book-slow.svg
ok 489 - v3.5.1 preserves v3.5.0 bytes: asset-source/book-slow.svg
  ---
  duration_ms: 0.18015
  type: 'test'
  ...
# Subtest: v3.5.1 preserves v3.5.0 bytes: asset-source/book-wind.svg
ok 490 - v3.5.1 preserves v3.5.0 bytes: asset-source/book-wind.svg
  ---
  duration_ms: 0.33986
  type: 'test'
  ...
# Subtest: v3.5.1 preserves v3.5.0 bytes: asset-source/expressions/alarmed.png
ok 491 - v3.5.1 preserves v3.5.0 bytes: asset-source/expressions/alarmed.png
  ---
  duration_ms: 0.589235
  type: 'test'
  ...
# Subtest: v3.5.1 preserves v3.5.0 bytes: asset-source/expressions/calm.png
ok 492 - v3.5.1 preserves v3.5.0 bytes: asset-source/expressions/calm.png
  ---
  duration_ms: 0.471167
  type: 'test'
  ...
# Subtest: v3.5.1 preserves v3.5.0 bytes: asset-source/expressions/celebrate.png
ok 493 - v3.5.1 preserves v3.5.0 bytes: asset-source/expressions/celebrate.png
  ---
  duration_ms: 0.495243
  type: 'test'
  ...
# Subtest: v3.5.1 preserves v3.5.0 bytes: asset-source/expressions/critical.png
ok 494 - v3.5.1 preserves v3.5.0 bytes: asset-source/expressions/critical.png
  ---
  duration_ms: 0.274822
  type: 'test'
  ...
# Subtest: v3.5.1 preserves v3.5.0 bytes: asset-source/expressions/defeated.png
ok 495 - v3.5.1 preserves v3.5.0 bytes: asset-source/expressions/defeated.png
  ---
  duration_ms: 0.342324
  type: 'test'
  ...
# Subtest: v3.5.1 preserves v3.5.0 bytes: asset-source/expressions/expression-contact-sheet.jpg
ok 496 - v3.5.1 preserves v3.5.0 bytes: asset-source/expressions/expression-contact-sheet.jpg
  ---
  duration_ms: 0.389494
  type: 'test'
  ...
# Subtest: v3.5.1 preserves v3.5.0 bytes: asset-source/expressions/focused.png
ok 497 - v3.5.1 preserves v3.5.0 bytes: asset-source/expressions/focused.png
  ---
  duration_ms: 0.345017
  type: 'test'
  ...
# Subtest: v3.5.1 preserves v3.5.0 bytes: asset-source/expressions/rig.json
ok 498 - v3.5.1 preserves v3.5.0 bytes: asset-source/expressions/rig.json
  ---
  duration_ms: 0.132488
  type: 'test'
  ...
# Subtest: v3.5.1 preserves v3.5.0 bytes: asset-source/expressions/worried.png
ok 499 - v3.5.1 preserves v3.5.0 bytes: asset-source/expressions/worried.png
  ---
  duration_ms: 0.375694
  type: 'test'
  ...
# Subtest: v3.5.1 preserves v3.5.0 bytes: asset-source/favicon.svg
ok 500 - v3.5.1 preserves v3.5.0 bytes: asset-source/favicon.svg
  ---
  duration_ms: 0.073
  type: 'test'
  ...
# Subtest: v3.5.1 preserves v3.5.0 bytes: asset-source/library-master.png
ok 501 - v3.5.1 preserves v3.5.0 bytes: asset-source/library-master.png
  ---
  duration_ms: 2.024839
  type: 'test'
  ...
# Subtest: v3.5.1 preserves v3.5.0 bytes: asset-source/music/arrangement.json
ok 502 - v3.5.1 preserves v3.5.0 bytes: asset-source/music/arrangement.json
  ---
  duration_ms: 0.267091
  type: 'test'
  ...
# Subtest: v3.5.1 preserves v3.5.0 bytes: asset-source/music/lanterns-and-letters.flac
ok 503 - v3.5.1 preserves v3.5.0 bytes: asset-source/music/lanterns-and-letters.flac
  ---
  duration_ms: 5.233425
  type: 'test'
  ...
# Subtest: v3.5.1 preserves v3.5.0 bytes: asset-source/music/lanterns-and-letters.mid
ok 504 - v3.5.1 preserves v3.5.0 bytes: asset-source/music/lanterns-and-letters.mid
  ---
  duration_ms: 0.31328
  type: 'test'
  ...
# Subtest: v3.5.1 preserves v3.5.0 bytes: asset-source/music/lanterns-and-letters.mp3
ok 505 - v3.5.1 preserves v3.5.0 bytes: asset-source/music/lanterns-and-letters.mp3
  ---
  duration_ms: 2.342266
  type: 'test'
  ...
# Subtest: v3.5.1 preserves v3.5.0 bytes: asset-source/music/lanterns-hearth.flac
ok 506 - v3.5.1 preserves v3.5.0 bytes: asset-source/music/lanterns-hearth.flac
  ---
  duration_ms: 5.604571
  type: 'test'
  ...
# Subtest: v3.5.1 preserves v3.5.0 bytes: asset-source/music/lanterns-motion.flac
ok 507 - v3.5.1 preserves v3.5.0 bytes: asset-source/music/lanterns-motion.flac
  ---
  duration_ms: 19.046658
  type: 'test'
  ...
# Subtest: v3.5.1 preserves v3.5.0 bytes: asset-source/music/lanterns-pressure.flac
ok 508 - v3.5.1 preserves v3.5.0 bytes: asset-source/music/lanterns-pressure.flac
  ---
  duration_ms: 1.724609
  type: 'test'
  ...
# Subtest: v3.5.1 preserves v3.5.0 bytes: asset-source/music/lanterns-urgency.flac
ok 509 - v3.5.1 preserves v3.5.0 bytes: asset-source/music/lanterns-urgency.flac
  ---
  duration_ms: 2.450057
  type: 'test'
  ...
# Subtest: v3.5.1 preserves v3.5.0 bytes: asset-source/music/pressure-and-relief-preview.flac
ok 510 - v3.5.1 preserves v3.5.0 bytes: asset-source/music/pressure-and-relief-preview.flac
  ---
  duration_ms: 2.636527
  type: 'test'
  ...
# Subtest: v3.5.1 preserves v3.5.0 bytes: asset-source/music/pressure-and-relief-preview.mp3
ok 511 - v3.5.1 preserves v3.5.0 bytes: asset-source/music/pressure-and-relief-preview.mp3
  ---
  duration_ms: 1.232239
  type: 'test'
  ...
# Subtest: v3.5.1 preserves v3.5.0 bytes: asset-source/music/pressure-arrangement.json
ok 512 - v3.5.1 preserves v3.5.0 bytes: asset-source/music/pressure-arrangement.json
  ---
  duration_ms: 0.378798
  type: 'test'
  ...
# Subtest: v3.5.1 preserves v3.5.0 bytes: asset-source/music/pressure-arrangement.mid
ok 513 - v3.5.1 preserves v3.5.0 bytes: asset-source/music/pressure-arrangement.mid
  ---
  duration_ms: 0.096044
  type: 'test'
  ...
# Subtest: v3.5.1 preserves v3.5.0 bytes: asset-source/music/pressure-score.json
ok 514 - v3.5.1 preserves v3.5.0 bytes: asset-source/music/pressure-score.json
  ---
  duration_ms: 0.085007
  type: 'test'
  ...
# Subtest: v3.5.1 preserves v3.5.0 bytes: asset-source/music/score.json
ok 515 - v3.5.1 preserves v3.5.0 bytes: asset-source/music/score.json
  ---
  duration_ms: 0.137627
  type: 'test'
  ...
# Subtest: v3.5.1 preserves v3.5.0 bytes: asset-source/typist-master.png
ok 516 - v3.5.1 preserves v3.5.0 bytes: asset-source/typist-master.png
  ---
  duration_ms: 0.336485
  type: 'test'
  ...
# Subtest: v3.5.1 preserves v3.5.0 bytes: public/assets/book-fire.svg
ok 517 - v3.5.1 preserves v3.5.0 bytes: public/assets/book-fire.svg
  ---
  duration_ms: 0.082514
  type: 'test'
  ...
# Subtest: v3.5.1 preserves v3.5.0 bytes: public/assets/book-ice.svg
ok 518 - v3.5.1 preserves v3.5.0 bytes: public/assets/book-ice.svg
  ---
  duration_ms: 0.059349
  type: 'test'
  ...
# Subtest: v3.5.1 preserves v3.5.0 bytes: public/assets/book-slow.svg
ok 519 - v3.5.1 preserves v3.5.0 bytes: public/assets/book-slow.svg
  ---
  duration_ms: 0.057776
  type: 'test'
  ...
# Subtest: v3.5.1 preserves v3.5.0 bytes: public/assets/book-wind.svg
ok 520 - v3.5.1 preserves v3.5.0 bytes: public/assets/book-wind.svg
  ---
  duration_ms: 0.062564
  type: 'test'
  ...
# Subtest: v3.5.1 preserves v3.5.0 bytes: public/assets/favicon.svg
ok 521 - v3.5.1 preserves v3.5.0 bytes: public/assets/favicon.svg
  ---
  duration_ms: 0.088572
  type: 'test'
  ...
# Subtest: v3.5.1 preserves v3.5.0 bytes: public/assets/icon-fire.svg
ok 522 - v3.5.1 preserves v3.5.0 bytes: public/assets/icon-fire.svg
  ---
  duration_ms: 0.066841
  type: 'test'
  ...
# Subtest: v3.5.1 preserves v3.5.0 bytes: public/assets/icon-ice.svg
ok 523 - v3.5.1 preserves v3.5.0 bytes: public/assets/icon-ice.svg
  ---
  duration_ms: 0.058779
  type: 'test'
  ...
# Subtest: v3.5.1 preserves v3.5.0 bytes: public/assets/icon-slow.svg
ok 524 - v3.5.1 preserves v3.5.0 bytes: public/assets/icon-slow.svg
  ---
  duration_ms: 0.058037
  type: 'test'
  ...
# Subtest: v3.5.1 preserves v3.5.0 bytes: public/assets/icon-wind.svg
ok 525 - v3.5.1 preserves v3.5.0 bytes: public/assets/icon-wind.svg
  ---
  duration_ms: 0.063966
  type: 'test'
  ...
# Subtest: v3.5.1 preserves v3.5.0 bytes: public/assets/lanterns-hearth.mp3
ok 526 - v3.5.1 preserves v3.5.0 bytes: public/assets/lanterns-hearth.mp3
  ---
  duration_ms: 2.903879
  type: 'test'
  ...
# Subtest: v3.5.1 preserves v3.5.0 bytes: public/assets/lanterns-motion.mp3
ok 527 - v3.5.1 preserves v3.5.0 bytes: public/assets/lanterns-motion.mp3
  ---
  duration_ms: 2.535196
  type: 'test'
  ...
# Subtest: v3.5.1 preserves v3.5.0 bytes: public/assets/lanterns-pressure.mp3
ok 528 - v3.5.1 preserves v3.5.0 bytes: public/assets/lanterns-pressure.mp3
  ---
  duration_ms: 1.278119
  type: 'test'
  ...
# Subtest: v3.5.1 preserves v3.5.0 bytes: public/assets/lanterns-urgency.mp3
ok 529 - v3.5.1 preserves v3.5.0 bytes: public/assets/lanterns-urgency.mp3
  ---
  duration_ms: 1.220462
  type: 'test'
  ...
# Subtest: v3.5.1 preserves v3.5.0 bytes: public/assets/library.webp
ok 530 - v3.5.1 preserves v3.5.0 bytes: public/assets/library.webp
  ---
  duration_ms: 3.714235
  type: 'test'
  ...
# Subtest: v3.5.1 preserves v3.5.0 bytes: public/assets/manifest.json
ok 531 - v3.5.1 preserves v3.5.0 bytes: public/assets/manifest.json
  ---
  duration_ms: 0.127171
  type: 'test'
  ...
# Subtest: v3.5.1 preserves v3.5.0 bytes: public/assets/paper.webp
ok 532 - v3.5.1 preserves v3.5.0 bytes: public/assets/paper.webp
  ---
  duration_ms: 0.078758
  type: 'test'
  ...
# Subtest: v3.5.1 preserves v3.5.0 bytes: public/assets/typist-alarmed.webp
ok 533 - v3.5.1 preserves v3.5.0 bytes: public/assets/typist-alarmed.webp
  ---
  duration_ms: 0.344688
  type: 'test'
  ...
# Subtest: v3.5.1 preserves v3.5.0 bytes: public/assets/typist-calm.webp
ok 534 - v3.5.1 preserves v3.5.0 bytes: public/assets/typist-calm.webp
  ---
  duration_ms: 0.266711
  type: 'test'
  ...
# Subtest: v3.5.1 preserves v3.5.0 bytes: public/assets/typist-celebrate.webp
ok 535 - v3.5.1 preserves v3.5.0 bytes: public/assets/typist-celebrate.webp
  ---
  duration_ms: 0.189154
  type: 'test'
  ...
# Subtest: v3.5.1 preserves v3.5.0 bytes: public/assets/typist-critical.webp
ok 536 - v3.5.1 preserves v3.5.0 bytes: public/assets/typist-critical.webp
  ---
  duration_ms: 0.197937
  type: 'test'
  ...
# Subtest: v3.5.1 preserves v3.5.0 bytes: public/assets/typist-defeated.webp
ok 537 - v3.5.1 preserves v3.5.0 bytes: public/assets/typist-defeated.webp
  ---
  duration_ms: 0.183495
  type: 'test'
  ...
# Subtest: v3.5.1 preserves v3.5.0 bytes: public/assets/typist-focused.webp
ok 538 - v3.5.1 preserves v3.5.0 bytes: public/assets/typist-focused.webp
  ---
  duration_ms: 0.217907
  type: 'test'
  ...
# Subtest: v3.5.1 preserves v3.5.0 bytes: public/assets/typist-worried.webp
ok 539 - v3.5.1 preserves v3.5.0 bytes: public/assets/typist-worried.webp
  ---
  duration_ms: 0.301903
  type: 'test'
  ...
# Subtest: v3.5.1 preserves v3.5.0 bytes: public/assets/typist.webp
ok 540 - v3.5.1 preserves v3.5.0 bytes: public/assets/typist.webp
  ---
  duration_ms: 0.194232
  type: 'test'
  ...
# Subtest: v3.5.1 preserves v3.5.0 bytes: src/audio/audio.js
ok 541 - v3.5.1 preserves v3.5.0 bytes: src/audio/audio.js
  ---
  duration_ms: 0.071497
  type: 'test'
  ...
# Subtest: v3.5.1 preserves v3.5.0 bytes: src/audio/mix.js
ok 542 - v3.5.1 preserves v3.5.0 bytes: src/audio/mix.js
  ---
  duration_ms: 0.056474
  type: 'test'
  ...
# Subtest: v3.5.1 preserves v3.5.0 bytes: src/data/campaign.js
ok 543 - v3.5.1 preserves v3.5.0 bytes: src/data/campaign.js
  ---
  duration_ms: 0.057086
  type: 'test'
  ...
# Subtest: v3.5.1 preserves v3.5.0 bytes: src/data/words.js
ok 544 - v3.5.1 preserves v3.5.0 bytes: src/data/words.js
  ---
  duration_ms: 0.053931
  type: 'test'
  ...
# Subtest: v3.5.1 preserves v3.5.0 bytes: src/game/assets.js
ok 545 - v3.5.1 preserves v3.5.0 bytes: src/game/assets.js
  ---
  duration_ms: 0.047882
  type: 'test'
  ...
# Subtest: v3.5.1 preserves v3.5.0 bytes: src/game/chapter-records.js
ok 546 - v3.5.1 preserves v3.5.0 bytes: src/game/chapter-records.js
  ---
  duration_ms: 0.04671
  type: 'test'
  ...
# Subtest: v3.5.1 preserves v3.5.0 bytes: src/game/clock.js
ok 547 - v3.5.1 preserves v3.5.0 bytes: src/game/clock.js
  ---
  duration_ms: 0.060641
  type: 'test'
  ...
# Subtest: v3.5.1 preserves v3.5.0 bytes: src/game/controls.js
ok 548 - v3.5.1 preserves v3.5.0 bytes: src/game/controls.js
  ---
  duration_ms: 0.051087
  type: 'test'
  ...
# Subtest: v3.5.1 preserves v3.5.0 bytes: src/game/economy.js
ok 549 - v3.5.1 preserves v3.5.0 bytes: src/game/economy.js
  ---
  duration_ms: 0.100031
  type: 'test'
  ...
# Subtest: v3.5.1 preserves v3.5.0 bytes: src/game/model.js
ok 550 - v3.5.1 preserves v3.5.0 bytes: src/game/model.js
  ---
  duration_ms: 0.0731
  type: 'test'
  ...
# Subtest: v3.5.1 preserves v3.5.0 bytes: src/game/pressure.js
ok 551 - v3.5.1 preserves v3.5.0 bytes: src/game/pressure.js
  ---
  duration_ms: 0.049494
  type: 'test'
  ...
# Subtest: v3.5.1 preserves v3.5.0 bytes: src/game/random.js
ok 552 - v3.5.1 preserves v3.5.0 bytes: src/game/random.js
  ---
  duration_ms: 0.04656
  type: 'test'
  ...
# Subtest: v3.5.1 preserves v3.5.0 bytes: src/game/rules.js
ok 553 - v3.5.1 preserves v3.5.0 bytes: src/game/rules.js
  ---
  duration_ms: 0.052069
  type: 'test'
  ...
# Subtest: v3.5.1 preserves v3.5.0 bytes: src/game/storage.js
ok 554 - v3.5.1 preserves v3.5.0 bytes: src/game/storage.js
  ---
  duration_ms: 0.057336
  type: 'test'
  ...
# Subtest: v3.5.1 preserves v3.5.0 bytes: src/render/book-leaf.js
ok 555 - v3.5.1 preserves v3.5.0 bytes: src/render/book-leaf.js
  ---
  duration_ms: 0.049945
  type: 'test'
  ...
# Subtest: v3.5.1 preserves v3.5.0 bytes: src/render/chapter-art.js
ok 556 - v3.5.1 preserves v3.5.0 bytes: src/render/chapter-art.js
  ---
  duration_ms: 0.065649
  type: 'test'
  ...
# Subtest: v3.5.1 preserves v3.5.0 bytes: src/render/classic-renderer.js
ok 557 - v3.5.1 preserves v3.5.0 bytes: src/render/classic-renderer.js
  ---
  duration_ms: 0.063005
  type: 'test'
  ...
# Subtest: v3.5.1 preserves v3.5.0 bytes: src/render/elemental-art.js
ok 558 - v3.5.1 preserves v3.5.0 bytes: src/render/elemental-art.js
  ---
  duration_ms: 0.055613
  type: 'test'
  ...
# Subtest: v3.5.1 preserves v3.5.0 bytes: src/render/imperial-scroll.js
ok 559 - v3.5.1 preserves v3.5.0 bytes: src/render/imperial-scroll.js
  ---
  duration_ms: 0.052569
  type: 'test'
  ...
# Subtest: v3.5.1 preserves v3.5.0 bytes: src/render/renderer.js
ok 560 - v3.5.1 preserves v3.5.0 bytes: src/render/renderer.js
  ---
  duration_ms: 0.077947
  type: 'test'
  ...
# Subtest: v3.5.1 preserves v3.5.0 bytes: src/ui/contextual-guidance.js
ok 561 - v3.5.1 preserves v3.5.0 bytes: src/ui/contextual-guidance.js
  ---
  duration_ms: 1.796627
  type: 'test'
  ...
# Subtest: v3.5.1 preserves v3.5.0 bytes: src/ui/icons.js
ok 562 - v3.5.1 preserves v3.5.0 bytes: src/ui/icons.js
  ---
  duration_ms: 0.100882
  type: 'test'
  ...
# Subtest: v3.5.1 preserves v3.5.0 bytes: src/ui/journey.js
ok 563 - v3.5.1 preserves v3.5.0 bytes: src/ui/journey.js
  ---
  duration_ms: 0.062894
  type: 'test'
  ...
# Subtest: v3.5.1 preserves v3.5.0 bytes: src/ui/score-rollup.js
ok 564 - v3.5.1 preserves v3.5.0 bytes: src/ui/score-rollup.js
  ---
  duration_ms: 0.104277
  type: 'test'
  ...
# Subtest: HUD geometry is immutable and simulation-independent
ok 565 - HUD geometry is immutable and simulation-independent
  ---
  duration_ms: 0.207631
  type: 'test'
  ...
# Subtest: Key tabs never share the readiness row at the largest label size
ok 566 - Key tabs never share the readiness row at the largest label size
  ---
  duration_ms: 0.582745
  type: 'test'
  ...
# Subtest: Readable interface sizing stays finite, capped, physically useful at scale 0.25
ok 567 - Readable interface sizing stays finite, capped, physically useful at scale 0.25
  ---
  duration_ms: 0.192829
  type: 'test'
  ...
# Subtest: Readable interface sizing stays finite, capped, physically useful at scale 0.4
ok 568 - Readable interface sizing stays finite, capped, physically useful at scale 0.4
  ---
  duration_ms: 0.058417
  type: 'test'
  ...
# Subtest: Readable interface sizing stays finite, capped, physically useful at scale 0.515555556
ok 569 - Readable interface sizing stays finite, capped, physically useful at scale 0.515555556
  ---
  duration_ms: 0.042113
  type: 'test'
  ...
# Subtest: Readable interface sizing stays finite, capped, physically useful at scale 0.648888889
ok 570 - Readable interface sizing stays finite, capped, physically useful at scale 0.648888889
  ---
  duration_ms: 0.055614
  type: 'test'
  ...
# Subtest: Readable interface sizing stays finite, capped, physically useful at scale 0.782222222
ok 571 - Readable interface sizing stays finite, capped, physically useful at scale 0.782222222
  ---
  duration_ms: 0.077977
  type: 'test'
  ...
# Subtest: Readable interface sizing stays finite, capped, physically useful at scale 0.835555556
ok 572 - Readable interface sizing stays finite, capped, physically useful at scale 0.835555556
  ---
  duration_ms: 0.050435
  type: 'test'
  ...
# Subtest: Readable interface sizing stays finite, capped, physically useful at scale 1
ok 573 - Readable interface sizing stays finite, capped, physically useful at scale 1
  ---
  duration_ms: 0.039379
  type: 'test'
  ...
# Subtest: Readable interface sizing stays finite, capped, physically useful at scale 1.2
ok 574 - Readable interface sizing stays finite, capped, physically useful at scale 1.2
  ---
  duration_ms: 0.036845
  type: 'test'
  ...
# Subtest: Invalid scale NaN gets a safe finite fallback
ok 575 - Invalid scale NaN gets a safe finite fallback
  ---
  duration_ms: 0.149103
  type: 'test'
  ...
# Subtest: Invalid scale Infinity gets a safe finite fallback
ok 576 - Invalid scale Infinity gets a safe finite fallback
  ---
  duration_ms: 0.050206
  type: 'test'
  ...
# Subtest: Invalid scale -1 gets a safe finite fallback
ok 577 - Invalid scale -1 gets a safe finite fallback
  ---
  duration_ms: 0.036524
  type: 'test'
  ...
# Subtest: Invalid scale 0 gets a safe finite fallback
ok 578 - Invalid scale 0 gets a safe finite fallback
  ---
  duration_ms: 0.044077
  type: 'test'
  ...
# Subtest: Invalid scale undefined gets a safe finite fallback
ok 579 - Invalid scale undefined gets a safe finite fallback
  ---
  duration_ms: 0.036184
  type: 'test'
  ...
# Subtest: Short context descriptions state the shipping effects without inventing rewards
ok 580 - Short context descriptions state the shipping effects without inventing rewards
  ---
  duration_ms: 0.223345
  type: 'test'
  ...
# Subtest: One integrated rescue element and accessible meter; no old free-floating clone
ok 581 - One integrated rescue element and accessible meter; no old free-floating clone
  ---
  duration_ms: 0.191938
  type: 'test'
  ...
# Subtest: Context help and transient messages share the defined well; keyboard precedence is explicit
ok 582 - Context help and transient messages share the defined well; keyboard precedence is explicit
  ---
  duration_ms: 0.171958
  type: 'test'
  ...
# Subtest: campaign has 48 unique named stages across eight six-stage wings
ok 583 - campaign has 48 unique named stages across eight six-stage wings
  ---
  duration_ms: 1.08613
  type: 'test'
  ...
# Subtest: eight trials occur at the end of each wing
ok 584 - eight trials occur at the end of each wing
  ---
  duration_ms: 0.67304
  type: 'test'
  ...
# Subtest: all 48 stages have smooth rising speed and falling arrival interval
ok 585 - all 48 stages have smooth rising speed and falling arrival interval
  ---
  duration_ms: 0.61295
  type: 'test'
  ...
# Subtest: endless mode is named and has bounded speed and spawn intervals
ok 586 - endless mode is named and has bounded speed and spawn intervals
  ---
  duration_ms: 0.121342
  type: 'test'
  ...
# Subtest: every numbered hotkey and numpad key maps to its spell
ok 587 - every numbered hotkey and numpad key maps to its spell
  ---
  duration_ms: 4.236529
  type: 'test'
  ...
# Subtest: hotkeys ignore modifiers, key repeat, IME and ordinary typing
ok 588 - hotkeys ignore modifiers, key repeat, IME and ordinary typing
  ---
  duration_ms: 0.179379
  type: 'test'
  ...
# Subtest: quick cast preserves the typed buffer and records input provenance
ok 589 - quick cast preserves the typed buffer and records input provenance
  ---
  duration_ms: 1.616245
  type: 'test'
  ...
# Subtest: quick FIRE is unambiguous even with a falling FIRE word
ok 590 - quick FIRE is unambiguous even with a falling FIRE word
  ---
  duration_ms: 0.289034
  type: 'test'
  ...
# Subtest: empty FIRE does not waste inventory
ok 591 - empty FIRE does not waste inventory
  ---
  duration_ms: 0.402434
  type: 'test'
  ...
# Subtest: empty WIND does not waste inventory
ok 592 - empty WIND does not waste inventory
  ---
  duration_ms: 1.114884
  type: 'test'
  ...
# Subtest: active SLOW cannot waste a second book
ok 593 - active SLOW cannot waste a second book
  ---
  duration_ms: 6.73616
  type: 'test'
  ...
# Subtest: SLOW creates breathing room in spawn countdown as well as motion
ok 594 - SLOW creates breathing room in spawn countdown as well as motion
  ---
  duration_ms: 0.297076
  type: 'test'
  ...
# Subtest: casting after ICE expires consumes the next book once
ok 595 - casting after ICE expires consumes the next book once
  ---
  duration_ms: 0.41347
  type: 'test'
  ...
# Subtest: anti-doublecast cooldown applies per power without blocking combinations
ok 596 - anti-doublecast cooldown applies per power without blocking combinations
  ---
  duration_ms: 0.297998
  type: 'test'
  ...
# Subtest: pressure state thresholds include every exact boundary
ok 597 - pressure state thresholds include every exact boundary
  ---
  duration_ms: 0.09994
  type: 'test'
  ...
# Subtest: defeat and celebration override the normal pressure expression
ok 598 - defeat and celebration override the normal pressure expression
  ---
  duration_ms: 0.060922
  type: 'test'
  ...
# Subtest: WIND immediately restores the calm gameplay state
ok 599 - WIND immediately restores the calm gameplay state
  ---
  duration_ms: 2.845291
  type: 'test'
  ...
# Subtest: pressure events fire on transitions rather than every frame
ok 600 - pressure events fire on transitions rather than every frame
  ---
  duration_ms: 0.165688
  type: 'test'
  ...
# Subtest: mastery stars use documented gold, silver and bronze thresholds
ok 601 - mastery stars use documented gold, silver and bronze thresholds
  ---
  duration_ms: 0.108663
  type: 'test'
  ...
# Subtest: stage summaries use stage-local WPM and accuracy
ok 602 - stage summaries use stage-local WPM and accuracy
  ---
  duration_ms: 0.874432
  type: 'test'
  ...
# Subtest: a full campaign advances through all 48 stages without stale phase or progress
ok 603 - a full campaign advances through all 48 stages without stale phase or progress
  ---
  duration_ms: 11.067603
  type: 'test'
  ...
# Subtest: checkpoint restores score, books, danger and completed stages at the next boundary
ok 604 - checkpoint restores score, books, danger and completed stages at the next boundary
  ---
  duration_ms: 0.677617
  type: 'test'
  ...
# Subtest: checkpoint is validated before being saved
ok 605 - checkpoint is validated before being saved
  ---
  duration_ms: 0.769795
  type: 'test'
  ...
# Subtest: checkpoint survives actual store serialization and clear is persistent
ok 606 - checkpoint survives actual store serialization and clear is persistent
  ---
  duration_ms: 0.868504
  type: 'test'
  ...
# Subtest: mastery keeps the best grade and paces stay independent
ok 607 - mastery keeps the best grade and paces stay independent
  ---
  duration_ms: 2.495296
  type: 'test'
  ...
# Subtest: practice can improve an earned grade but cannot create expedition progress
ok 608 - practice can improve an earned grade but cannot create expedition progress
  ---
  duration_ms: 0.497277
  type: 'test'
  ...
# Subtest: save export/import merges rather than duplicates records
ok 609 - save export/import merges rather than duplicates records
  ---
  duration_ms: 0.933591
  type: 'test'
  ...
# Subtest: current, practice and legacy records are not mixed in best score
ok 610 - current, practice and legacy records are not mixed in best score
  ---
  duration_ms: 0.337186
  type: 'test'
  ...
# Subtest: record time windows use date cutoffs and actual records
ok 611 - record time windows use date cutoffs and actual records
  ---
  duration_ms: 0.151607
  type: 'test'
  ...
# Subtest: legacy migration tolerates null and malformed rows and tags valid V1 scores
ok 612 - legacy migration tolerates null and malformed rows and tags valid V1 scores
  ---
  duration_ms: 0.252359
  type: 'test'
  ...
# Subtest: wide words allocate glyph-aware card widths
ok 613 - wide words allocate glyph-aware card widths
  ---
  duration_ms: 3.77109
  type: 'test'
  ...
# Subtest: spawned long cards remain wholly within the game field
ok 614 - spawned long cards remain wholly within the game field
  ---
  duration_ms: 6.403431
  type: 'test'
  ...
# Subtest: pause freezes cooldowns and resume does not erase partial input
ok 615 - pause freezes cooldowns and resume does not erase partial input
  ---
  duration_ms: 0.455844
  type: 'test'
  ...
# Subtest: checkpoint cannot be imported into a different pace slot
ok 616 - checkpoint cannot be imported into a different pace slot
  ---
  duration_ms: 0.358839
  type: 'test'
  ...
1..616
# tests 616
# suites 0
# pass 616
# fail 0
# cancelled 0
# skipped 0
# todo 0
# duration_ms 2210.840183
