
> typekeeper-enchanted-library@3.5.0 test
> node --test

TAP version 13
# Subtest: Differential-test reference hashes match the immutable user-uploaded 3.4.0 source
ok 1 - Differential-test reference hashes match the immutable user-uploaded 3.4.0 source
  ---
  duration_ms: 2.198344
  type: 'test'
  ...
# Subtest: All authored rules, pace curves, power metadata and 1..100 chapter configurations match 3.4
ok 2 - All authored rules, pace curves, power metadata and 1..100 chapter configurations match 3.4
  ---
  duration_ms: 2.992738
  type: 'test'
  ...
# Subtest: 3.4 → 3.5 authoritative parity: chapter 1, all three paces, identical genuine spawns/actions
ok 3 - 3.4 → 3.5 authoritative parity: chapter 1, all three paces, identical genuine spawns/actions
  ---
  duration_ms: 31.114245
  type: 'test'
  ...
# Subtest: 3.4 → 3.5 authoritative parity: chapter 2, all three paces, identical genuine spawns/actions
ok 4 - 3.4 → 3.5 authoritative parity: chapter 2, all three paces, identical genuine spawns/actions
  ---
  duration_ms: 24.203213
  type: 'test'
  ...
# Subtest: 3.4 → 3.5 authoritative parity: chapter 3, all three paces, identical genuine spawns/actions
ok 5 - 3.4 → 3.5 authoritative parity: chapter 3, all three paces, identical genuine spawns/actions
  ---
  duration_ms: 13.785239
  type: 'test'
  ...
# Subtest: 3.4 → 3.5 authoritative parity: chapter 4, all three paces, identical genuine spawns/actions
ok 6 - 3.4 → 3.5 authoritative parity: chapter 4, all three paces, identical genuine spawns/actions
  ---
  duration_ms: 11.342798
  type: 'test'
  ...
# Subtest: 3.4 → 3.5 authoritative parity: chapter 5, all three paces, identical genuine spawns/actions
ok 7 - 3.4 → 3.5 authoritative parity: chapter 5, all three paces, identical genuine spawns/actions
  ---
  duration_ms: 17.465121
  type: 'test'
  ...
# Subtest: 3.4 → 3.5 authoritative parity: chapter 6, all three paces, identical genuine spawns/actions
ok 8 - 3.4 → 3.5 authoritative parity: chapter 6, all three paces, identical genuine spawns/actions
  ---
  duration_ms: 33.995806
  type: 'test'
  ...
# Subtest: 3.4 → 3.5 authoritative parity: chapter 7, all three paces, identical genuine spawns/actions
ok 9 - 3.4 → 3.5 authoritative parity: chapter 7, all three paces, identical genuine spawns/actions
  ---
  duration_ms: 16.97211
  type: 'test'
  ...
# Subtest: 3.4 → 3.5 authoritative parity: chapter 8, all three paces, identical genuine spawns/actions
ok 10 - 3.4 → 3.5 authoritative parity: chapter 8, all three paces, identical genuine spawns/actions
  ---
  duration_ms: 23.32291
  type: 'test'
  ...
# Subtest: 3.4 → 3.5 authoritative parity: chapter 9, all three paces, identical genuine spawns/actions
ok 11 - 3.4 → 3.5 authoritative parity: chapter 9, all three paces, identical genuine spawns/actions
  ---
  duration_ms: 12.167017
  type: 'test'
  ...
# Subtest: 3.4 → 3.5 authoritative parity: chapter 10, all three paces, identical genuine spawns/actions
ok 12 - 3.4 → 3.5 authoritative parity: chapter 10, all three paces, identical genuine spawns/actions
  ---
  duration_ms: 10.801746
  type: 'test'
  ...
# Subtest: 3.4 → 3.5 authoritative parity: chapter 11, all three paces, identical genuine spawns/actions
ok 13 - 3.4 → 3.5 authoritative parity: chapter 11, all three paces, identical genuine spawns/actions
  ---
  duration_ms: 13.527342
  type: 'test'
  ...
# Subtest: 3.4 → 3.5 authoritative parity: chapter 12, all three paces, identical genuine spawns/actions
ok 14 - 3.4 → 3.5 authoritative parity: chapter 12, all three paces, identical genuine spawns/actions
  ---
  duration_ms: 16.688093
  type: 'test'
  ...
# Subtest: 3.4 → 3.5 authoritative parity: chapter 13, all three paces, identical genuine spawns/actions
ok 15 - 3.4 → 3.5 authoritative parity: chapter 13, all three paces, identical genuine spawns/actions
  ---
  duration_ms: 12.316562
  type: 'test'
  ...
# Subtest: 3.4 → 3.5 authoritative parity: chapter 14, all three paces, identical genuine spawns/actions
ok 16 - 3.4 → 3.5 authoritative parity: chapter 14, all three paces, identical genuine spawns/actions
  ---
  duration_ms: 8.50957
  type: 'test'
  ...
# Subtest: 3.4 → 3.5 authoritative parity: chapter 15, all three paces, identical genuine spawns/actions
ok 17 - 3.4 → 3.5 authoritative parity: chapter 15, all three paces, identical genuine spawns/actions
  ---
  duration_ms: 10.429586
  type: 'test'
  ...
# Subtest: 3.4 → 3.5 authoritative parity: chapter 16, all three paces, identical genuine spawns/actions
ok 18 - 3.4 → 3.5 authoritative parity: chapter 16, all three paces, identical genuine spawns/actions
  ---
  duration_ms: 9.81395
  type: 'test'
  ...
# Subtest: 3.4 → 3.5 authoritative parity: chapter 17, all three paces, identical genuine spawns/actions
ok 19 - 3.4 → 3.5 authoritative parity: chapter 17, all three paces, identical genuine spawns/actions
  ---
  duration_ms: 11.249639
  type: 'test'
  ...
# Subtest: 3.4 → 3.5 authoritative parity: chapter 18, all three paces, identical genuine spawns/actions
ok 20 - 3.4 → 3.5 authoritative parity: chapter 18, all three paces, identical genuine spawns/actions
  ---
  duration_ms: 13.594934
  type: 'test'
  ...
# Subtest: 3.4 → 3.5 authoritative parity: chapter 19, all three paces, identical genuine spawns/actions
ok 21 - 3.4 → 3.5 authoritative parity: chapter 19, all three paces, identical genuine spawns/actions
  ---
  duration_ms: 12.354369
  type: 'test'
  ...
# Subtest: 3.4 → 3.5 authoritative parity: chapter 20, all three paces, identical genuine spawns/actions
ok 22 - 3.4 → 3.5 authoritative parity: chapter 20, all three paces, identical genuine spawns/actions
  ---
  duration_ms: 13.538649
  type: 'test'
  ...
# Subtest: 3.4 → 3.5 authoritative parity: chapter 21, all three paces, identical genuine spawns/actions
ok 23 - 3.4 → 3.5 authoritative parity: chapter 21, all three paces, identical genuine spawns/actions
  ---
  duration_ms: 17.206802
  type: 'test'
  ...
# Subtest: 3.4 → 3.5 authoritative parity: chapter 22, all three paces, identical genuine spawns/actions
ok 24 - 3.4 → 3.5 authoritative parity: chapter 22, all three paces, identical genuine spawns/actions
  ---
  duration_ms: 13.322994
  type: 'test'
  ...
# Subtest: 3.4 → 3.5 authoritative parity: chapter 23, all three paces, identical genuine spawns/actions
ok 25 - 3.4 → 3.5 authoritative parity: chapter 23, all three paces, identical genuine spawns/actions
  ---
  duration_ms: 12.537876
  type: 'test'
  ...
# Subtest: 3.4 → 3.5 authoritative parity: chapter 24, all three paces, identical genuine spawns/actions
ok 26 - 3.4 → 3.5 authoritative parity: chapter 24, all three paces, identical genuine spawns/actions
  ---
  duration_ms: 14.483389
  type: 'test'
  ...
# Subtest: 3.4 → 3.5 authoritative parity: chapter 25, all three paces, identical genuine spawns/actions
ok 27 - 3.4 → 3.5 authoritative parity: chapter 25, all three paces, identical genuine spawns/actions
  ---
  duration_ms: 12.915312
  type: 'test'
  ...
# Subtest: 3.4 → 3.5 authoritative parity: chapter 26, all three paces, identical genuine spawns/actions
ok 28 - 3.4 → 3.5 authoritative parity: chapter 26, all three paces, identical genuine spawns/actions
  ---
  duration_ms: 13.116364
  type: 'test'
  ...
# Subtest: 3.4 → 3.5 authoritative parity: chapter 27, all three paces, identical genuine spawns/actions
ok 29 - 3.4 → 3.5 authoritative parity: chapter 27, all three paces, identical genuine spawns/actions
  ---
  duration_ms: 13.382585
  type: 'test'
  ...
# Subtest: 3.4 → 3.5 authoritative parity: chapter 28, all three paces, identical genuine spawns/actions
ok 30 - 3.4 → 3.5 authoritative parity: chapter 28, all three paces, identical genuine spawns/actions
  ---
  duration_ms: 12.660579
  type: 'test'
  ...
# Subtest: 3.4 → 3.5 authoritative parity: chapter 29, all three paces, identical genuine spawns/actions
ok 31 - 3.4 → 3.5 authoritative parity: chapter 29, all three paces, identical genuine spawns/actions
  ---
  duration_ms: 12.913229
  type: 'test'
  ...
# Subtest: 3.4 → 3.5 authoritative parity: chapter 30, all three paces, identical genuine spawns/actions
ok 32 - 3.4 → 3.5 authoritative parity: chapter 30, all three paces, identical genuine spawns/actions
  ---
  duration_ms: 13.072479
  type: 'test'
  ...
# Subtest: 3.4 → 3.5 authoritative parity: chapter 31, all three paces, identical genuine spawns/actions
ok 33 - 3.4 → 3.5 authoritative parity: chapter 31, all three paces, identical genuine spawns/actions
  ---
  duration_ms: 12.783674
  type: 'test'
  ...
# Subtest: 3.4 → 3.5 authoritative parity: chapter 32, all three paces, identical genuine spawns/actions
ok 34 - 3.4 → 3.5 authoritative parity: chapter 32, all three paces, identical genuine spawns/actions
  ---
  duration_ms: 16.778789
  type: 'test'
  ...
# Subtest: 3.4 → 3.5 authoritative parity: chapter 33, all three paces, identical genuine spawns/actions
ok 35 - 3.4 → 3.5 authoritative parity: chapter 33, all three paces, identical genuine spawns/actions
  ---
  duration_ms: 13.768074
  type: 'test'
  ...
# Subtest: 3.4 → 3.5 authoritative parity: chapter 34, all three paces, identical genuine spawns/actions
ok 36 - 3.4 → 3.5 authoritative parity: chapter 34, all three paces, identical genuine spawns/actions
  ---
  duration_ms: 13.619601
  type: 'test'
  ...
# Subtest: 3.4 → 3.5 authoritative parity: chapter 35, all three paces, identical genuine spawns/actions
ok 37 - 3.4 → 3.5 authoritative parity: chapter 35, all three paces, identical genuine spawns/actions
  ---
  duration_ms: 15.201047
  type: 'test'
  ...
# Subtest: 3.4 → 3.5 authoritative parity: chapter 36, all three paces, identical genuine spawns/actions
ok 38 - 3.4 → 3.5 authoritative parity: chapter 36, all three paces, identical genuine spawns/actions
  ---
  duration_ms: 13.135143
  type: 'test'
  ...
# Subtest: 3.4 → 3.5 authoritative parity: chapter 37, all three paces, identical genuine spawns/actions
ok 39 - 3.4 → 3.5 authoritative parity: chapter 37, all three paces, identical genuine spawns/actions
  ---
  duration_ms: 16.694332
  type: 'test'
  ...
# Subtest: 3.4 → 3.5 authoritative parity: chapter 38, all three paces, identical genuine spawns/actions
ok 40 - 3.4 → 3.5 authoritative parity: chapter 38, all three paces, identical genuine spawns/actions
  ---
  duration_ms: 30.060091
  type: 'test'
  ...
# Subtest: 3.4 → 3.5 authoritative parity: chapter 39, all three paces, identical genuine spawns/actions
ok 41 - 3.4 → 3.5 authoritative parity: chapter 39, all three paces, identical genuine spawns/actions
  ---
  duration_ms: 22.189436
  type: 'test'
  ...
# Subtest: 3.4 → 3.5 authoritative parity: chapter 40, all three paces, identical genuine spawns/actions
ok 42 - 3.4 → 3.5 authoritative parity: chapter 40, all three paces, identical genuine spawns/actions
  ---
  duration_ms: 17.968297
  type: 'test'
  ...
# Subtest: 3.4 → 3.5 authoritative parity: chapter 41, all three paces, identical genuine spawns/actions
ok 43 - 3.4 → 3.5 authoritative parity: chapter 41, all three paces, identical genuine spawns/actions
  ---
  duration_ms: 14.423008
  type: 'test'
  ...
# Subtest: 3.4 → 3.5 authoritative parity: chapter 42, all three paces, identical genuine spawns/actions
ok 44 - 3.4 → 3.5 authoritative parity: chapter 42, all three paces, identical genuine spawns/actions
  ---
  duration_ms: 14.021024
  type: 'test'
  ...
# Subtest: 3.4 → 3.5 authoritative parity: chapter 43, all three paces, identical genuine spawns/actions
ok 45 - 3.4 → 3.5 authoritative parity: chapter 43, all three paces, identical genuine spawns/actions
  ---
  duration_ms: 13.87865
  type: 'test'
  ...
# Subtest: 3.4 → 3.5 authoritative parity: chapter 44, all three paces, identical genuine spawns/actions
ok 46 - 3.4 → 3.5 authoritative parity: chapter 44, all three paces, identical genuine spawns/actions
  ---
  duration_ms: 13.809866
  type: 'test'
  ...
# Subtest: 3.4 → 3.5 authoritative parity: chapter 45, all three paces, identical genuine spawns/actions
ok 47 - 3.4 → 3.5 authoritative parity: chapter 45, all three paces, identical genuine spawns/actions
  ---
  duration_ms: 13.774203
  type: 'test'
  ...
# Subtest: 3.4 → 3.5 authoritative parity: chapter 46, all three paces, identical genuine spawns/actions
ok 48 - 3.4 → 3.5 authoritative parity: chapter 46, all three paces, identical genuine spawns/actions
  ---
  duration_ms: 17.007923
  type: 'test'
  ...
# Subtest: 3.4 → 3.5 authoritative parity: chapter 47, all three paces, identical genuine spawns/actions
ok 49 - 3.4 → 3.5 authoritative parity: chapter 47, all three paces, identical genuine spawns/actions
  ---
  duration_ms: 17.451591
  type: 'test'
  ...
# Subtest: 3.4 → 3.5 authoritative parity: chapter 48, all three paces, identical genuine spawns/actions
ok 50 - 3.4 → 3.5 authoritative parity: chapter 48, all three paces, identical genuine spawns/actions
  ---
  duration_ms: 14.115806
  type: 'test'
  ...
# Subtest: Miss, late-submit, compound FIRE/ICE/SLOW/WIND, and restoration retain exact 3.4 authority
ok 51 - Miss, late-submit, compound FIRE/ICE/SLOW/WIND, and restoration retain exact 3.4 authority
  ---
  duration_ms: 3.26679
  type: 'test'
  ...
# Subtest: 3.5.0 identifies the folio/caption build while retaining 3.2.1 balance
ok 52 - 3.5.0 identifies the folio/caption build while retaining 3.2.1 balance
  ---
  duration_ms: 0.817949
  type: 'test'
  ...
# Subtest: normal: immutable local folio material contains complete valid color roles
ok 53 - normal: immutable local folio material contains complete valid color roles
  ---
  duration_ms: 0.336116
  type: 'test'
  ...
# Subtest: fire: immutable local folio material contains complete valid color roles
ok 54 - fire: immutable local folio material contains complete valid color roles
  ---
  duration_ms: 0.143125
  type: 'test'
  ...
# Subtest: ice: immutable local folio material contains complete valid color roles
ok 55 - ice: immutable local folio material contains complete valid color roles
  ---
  duration_ms: 0.06699
  type: 'test'
  ...
# Subtest: slow: immutable local folio material contains complete valid color roles
ok 56 - slow: immutable local folio material contains complete valid color roles
  ---
  duration_ms: 0.122854
  type: 'test'
  ...
# Subtest: wind: immutable local folio material contains complete valid color roles
ok 57 - wind: immutable local folio material contains complete valid color roles
  ---
  duration_ms: 0.058959
  type: 'test'
  ...
# Subtest: bonus: immutable local folio material contains complete valid color roles
ok 58 - bonus: immutable local folio material contains complete valid color roles
  ---
  duration_ms: 0.10596
  type: 'test'
  ...
# Subtest: Unknown material has a safe normal-page fallback
ok 59 - Unknown material has a safe normal-page fallback
  ---
  duration_ms: 0.07361
  type: 'test'
  ...
# Subtest: Folio width 112: decoration stays outside the central ink lane
ok 60 - Folio width 112: decoration stays outside the central ink lane
  ---
  duration_ms: 0.330897
  type: 'test'
  ...
# Subtest: Folio width 160: decoration stays outside the central ink lane
ok 61 - Folio width 160: decoration stays outside the central ink lane
  ---
  duration_ms: 0.24663
  type: 'test'
  ...
# Subtest: Folio width 240: decoration stays outside the central ink lane
ok 62 - Folio width 240: decoration stays outside the central ink lane
  ---
  duration_ms: 0.103886
  type: 'test'
  ...
# Subtest: Folio width 410: decoration stays outside the central ink lane
ok 63 - Folio width 410: decoration stays outside the central ink lane
  ---
  duration_ms: 0.049605
  type: 'test'
  ...
# Subtest: Folio width 520: decoration stays outside the central ink lane
ok 64 - Folio width 520: decoration stays outside the central ink lane
  ---
  duration_ms: 0.05337
  type: 'test'
  ...
# Subtest: Folio width 620: decoration stays outside the central ink lane
ok 65 - Folio width 620: decoration stays outside the central ink lane
  ---
  duration_ms: 0.05957
  type: 'test'
  ...
# Subtest: Folio width 708: decoration stays outside the central ink lane
ok 66 - Folio width 708: decoration stays outside the central ink lane
  ---
  duration_ms: 0.038829
  type: 'test'
  ...
# Subtest: Folio metrics bound malformed inputs without nonfinite texture sizes
ok 67 - Folio metrics bound malformed inputs without nonfinite texture sizes
  ---
  duration_ms: 0.147251
  type: 'test'
  ...
# Subtest: All six book styles remain different without relying on new labels or fonts
ok 68 - All six book styles remain different without relying on new labels or fonts
  ---
  duration_ms: 0.076876
  type: 'test'
  ...
# Subtest: Single-baseline text block still draws only full canonical strings; crest uses shared scroll coordinates
ok 69 - Single-baseline text block still draws only full canonical strings; crest uses shared scroll coordinates
  ---
  duration_ms: 0.368975
  type: 'test'
  ...
# Subtest: Book art does not change single-line layout width, height, or full-word content
ok 70 - Book art does not change single-line layout width, height, or full-word content
  ---
  duration_ms: 0.589767
  type: 'test'
  ...
# Subtest: 3.5: all out-of-scope 3.4 runtime sources and existing art/audio assets remain byte-identical
ok 71 - 3.5: all out-of-scope 3.4 runtime sources and existing art/audio assets remain byte-identical
  ---
  duration_ms: 40.044689
  type: 'test'
  ...
# Subtest: Chapter 1: First Light has its own named, title-aligned cosmetic profile
ok 72 - Chapter 1: First Light has its own named, title-aligned cosmetic profile
  ---
  duration_ms: 3.464337
  type: 'test'
  ...
# Subtest: Chapter 2: Ink & Paper has its own named, title-aligned cosmetic profile
ok 73 - Chapter 2: Ink & Paper has its own named, title-aligned cosmetic profile
  ---
  duration_ms: 0.456666
  type: 'test'
  ...
# Subtest: Chapter 3: A Quiet Rhythm has its own named, title-aligned cosmetic profile
ok 74 - Chapter 3: A Quiet Rhythm has its own named, title-aligned cosmetic profile
  ---
  duration_ms: 0.277076
  type: 'test'
  ...
# Subtest: Chapter 4: The First Spark has its own named, title-aligned cosmetic profile
ok 75 - Chapter 4: The First Spark has its own named, title-aligned cosmetic profile
  ---
  duration_ms: 0.721915
  type: 'test'
  ...
# Subtest: Chapter 5: Between the Lines has its own named, title-aligned cosmetic profile
ok 76 - Chapter 5: Between the Lines has its own named, title-aligned cosmetic profile
  ---
  duration_ms: 0.28586
  type: 'test'
  ...
# Subtest: Chapter 6: The Opening Bell has its own named, title-aligned cosmetic profile
ok 77 - Chapter 6: The Opening Bell has its own named, title-aligned cosmetic profile
  ---
  duration_ms: 0.379881
  type: 'test'
  ...
# Subtest: Chapter 7: Emerald Leaves has its own named, title-aligned cosmetic profile
ok 78 - Chapter 7: Emerald Leaves has its own named, title-aligned cosmetic profile
  ---
  duration_ms: 0.375975
  type: 'test'
  ...
# Subtest: Chapter 8: A Growing Tale has its own named, title-aligned cosmetic profile
ok 79 - Chapter 8: A Growing Tale has its own named, title-aligned cosmetic profile
  ---
  duration_ms: 0.296736
  type: 'test'
  ...
# Subtest: Chapter 9: Branches of Thought has its own named, title-aligned cosmetic profile
ok 80 - Chapter 9: Branches of Thought has its own named, title-aligned cosmetic profile
  ---
  duration_ms: 0.515155
  type: 'test'
  ...
# Subtest: Chapter 10: Rain on Glass has its own named, title-aligned cosmetic profile
ok 81 - Chapter 10: Rain on Glass has its own named, title-aligned cosmetic profile
  ---
  duration_ms: 0.467813
  type: 'test'
  ...
# Subtest: Chapter 11: Hidden Blossoms has its own named, title-aligned cosmetic profile
ok 82 - Chapter 11: Hidden Blossoms has its own named, title-aligned cosmetic profile
  ---
  duration_ms: 0.896387
  type: 'test'
  ...
# Subtest: Chapter 12: The Garden Gate has its own named, title-aligned cosmetic profile
ok 83 - Chapter 12: The Garden Gate has its own named, title-aligned cosmetic profile
  ---
  duration_ms: 0.304137
  type: 'test'
  ...
# Subtest: Chapter 13: Golden Gears has its own named, title-aligned cosmetic profile
ok 84 - Chapter 13: Golden Gears has its own named, title-aligned cosmetic profile
  ---
  duration_ms: 0.413431
  type: 'test'
  ...
# Subtest: Chapter 14: A Measured Beat has its own named, title-aligned cosmetic profile
ok 85 - Chapter 14: A Measured Beat has its own named, title-aligned cosmetic profile
  ---
  duration_ms: 0.164176
  type: 'test'
  ...
# Subtest: Chapter 15: Pendulum Pages has its own named, title-aligned cosmetic profile
ok 86 - Chapter 15: Pendulum Pages has its own named, title-aligned cosmetic profile
  ---
  duration_ms: 0.236455
  type: 'test'
  ...
# Subtest: Chapter 16: Stolen Seconds has its own named, title-aligned cosmetic profile
ok 87 - Chapter 16: Stolen Seconds has its own named, title-aligned cosmetic profile
  ---
  duration_ms: 0.210125
  type: 'test'
  ...
# Subtest: Chapter 17: The Eleventh Hour has its own named, title-aligned cosmetic profile
ok 88 - Chapter 17: The Eleventh Hour has its own named, title-aligned cosmetic profile
  ---
  duration_ms: 0.250917
  type: 'test'
  ...
# Subtest: Chapter 18: The Clock Strikes has its own named, title-aligned cosmetic profile
ok 89 - Chapter 18: The Clock Strikes has its own named, title-aligned cosmetic profile
  ---
  duration_ms: 0.335935
  type: 'test'
  ...
# Subtest: Chapter 19: Silver Breath has its own named, title-aligned cosmetic profile
ok 90 - Chapter 19: Silver Breath has its own named, title-aligned cosmetic profile
  ---
  duration_ms: 0.262595
  type: 'test'
  ...
# Subtest: Chapter 20: Crystal Margins has its own named, title-aligned cosmetic profile
ok 91 - Chapter 20: Crystal Margins has its own named, title-aligned cosmetic profile
  ---
  duration_ms: 0.418219
  type: 'test'
  ...
# Subtest: Chapter 21: The Still Page has its own named, title-aligned cosmetic profile
ok 92 - Chapter 21: The Still Page has its own named, title-aligned cosmetic profile
  ---
  duration_ms: 0.155013
  type: 'test'
  ...
# Subtest: Chapter 22: Winter Whispers has its own named, title-aligned cosmetic profile
ok 93 - Chapter 22: Winter Whispers has its own named, title-aligned cosmetic profile
  ---
  duration_ms: 0.122183
  type: 'test'
  ...
# Subtest: Chapter 23: Cold Precision has its own named, title-aligned cosmetic profile
ok 94 - Chapter 23: Cold Precision has its own named, title-aligned cosmetic profile
  ---
  duration_ms: 0.134563
  type: 'test'
  ...
# Subtest: Chapter 24: The Frozen Seal has its own named, title-aligned cosmetic profile
ok 95 - Chapter 24: The Frozen Seal has its own named, title-aligned cosmetic profile
  ---
  duration_ms: 0.127031
  type: 'test'
  ...
# Subtest: Chapter 25: Kindling has its own named, title-aligned cosmetic profile
ok 96 - Chapter 25: Kindling has its own named, title-aligned cosmetic profile
  ---
  duration_ms: 0.100191
  type: 'test'
  ...
# Subtest: Chapter 26: Letters of Flame has its own named, title-aligned cosmetic profile
ok 97 - Chapter 26: Letters of Flame has its own named, title-aligned cosmetic profile
  ---
  duration_ms: 0.09335
  type: 'test'
  ...
# Subtest: Chapter 27: The Warmest Ink has its own named, title-aligned cosmetic profile
ok 98 - Chapter 27: The Warmest Ink has its own named, title-aligned cosmetic profile
  ---
  duration_ms: 0.118878
  type: 'test'
  ...
# Subtest: Chapter 28: Firelight Fables has its own named, title-aligned cosmetic profile
ok 99 - Chapter 28: Firelight Fables has its own named, title-aligned cosmetic profile
  ---
  duration_ms: 0.118358
  type: 'test'
  ...
# Subtest: Chapter 29: Under Pressure has its own named, title-aligned cosmetic profile
ok 100 - Chapter 29: Under Pressure has its own named, title-aligned cosmetic profile
  ---
  duration_ms: 0.166059
  type: 'test'
  ...
# Subtest: Chapter 30: The Burning Chapter has its own named, title-aligned cosmetic profile
ok 101 - Chapter 30: The Burning Chapter has its own named, title-aligned cosmetic profile
  ---
  duration_ms: 0.14598
  type: 'test'
  ...
# Subtest: Chapter 31: Starlit Script has its own named, title-aligned cosmetic profile
ok 102 - Chapter 31: Starlit Script has its own named, title-aligned cosmetic profile
  ---
  duration_ms: 0.175824
  type: 'test'
  ...
# Subtest: Chapter 32: The Long View has its own named, title-aligned cosmetic profile
ok 103 - Chapter 32: The Long View has its own named, title-aligned cosmetic profile
  ---
  duration_ms: 0.087692
  type: 'test'
  ...
# Subtest: Chapter 33: Celestial Signs has its own named, title-aligned cosmetic profile
ok 104 - Chapter 33: Celestial Signs has its own named, title-aligned cosmetic profile
  ---
  duration_ms: 0.109685
  type: 'test'
  ...
# Subtest: Chapter 34: Orbiting Ideas has its own named, title-aligned cosmetic profile
ok 105 - Chapter 34: Orbiting Ideas has its own named, title-aligned cosmetic profile
  ---
  duration_ms: 0.09987
  type: 'test'
  ...
# Subtest: Chapter 35: Constellations has its own named, title-aligned cosmetic profile
ok 106 - Chapter 35: Constellations has its own named, title-aligned cosmetic profile
  ---
  duration_ms: 0.151287
  type: 'test'
  ...
# Subtest: Chapter 36: The Starfall Trial has its own named, title-aligned cosmetic profile
ok 107 - Chapter 36: The Starfall Trial has its own named, title-aligned cosmetic profile
  ---
  duration_ms: 0.172129
  type: 'test'
  ...
# Subtest: Chapter 37: After Hours has its own named, title-aligned cosmetic profile
ok 108 - Chapter 37: After Hours has its own named, title-aligned cosmetic profile
  ---
  duration_ms: 0.122254
  type: 'test'
  ...
# Subtest: Chapter 38: Secret Passages has its own named, title-aligned cosmetic profile
ok 109 - Chapter 38: Secret Passages has its own named, title-aligned cosmetic profile
  ---
  duration_ms: 0.074191
  type: 'test'
  ...
# Subtest: Chapter 39: Velvet Shadows has its own named, title-aligned cosmetic profile
ok 110 - Chapter 39: Velvet Shadows has its own named, title-aligned cosmetic profile
  ---
  duration_ms: 0.08018
  type: 'test'
  ...
# Subtest: Chapter 40: The Lost Manuscript has its own named, title-aligned cosmetic profile
ok 111 - Chapter 40: The Lost Manuscript has its own named, title-aligned cosmetic profile
  ---
  duration_ms: 0.072018
  type: 'test'
  ...
# Subtest: Chapter 41: One Last Candle has its own named, title-aligned cosmetic profile
ok 112 - Chapter 41: One Last Candle has its own named, title-aligned cosmetic profile
  ---
  duration_ms: 0.084367
  type: 'test'
  ...
# Subtest: Chapter 42: The Midnight Key has its own named, title-aligned cosmetic profile
ok 113 - Chapter 42: The Midnight Key has its own named, title-aligned cosmetic profile
  ---
  duration_ms: 0.06612
  type: 'test'
  ...
# Subtest: Chapter 43: The Final Volume has its own named, title-aligned cosmetic profile
ok 114 - Chapter 43: The Final Volume has its own named, title-aligned cosmetic profile
  ---
  duration_ms: 0.548404
  type: 'test'
  ...
# Subtest: Chapter 44: Pages Without End has its own named, title-aligned cosmetic profile
ok 115 - Chapter 44: Pages Without End has its own named, title-aligned cosmetic profile
  ---
  duration_ms: 0.135254
  type: 'test'
  ...
# Subtest: Chapter 45: A Thousand Voices has its own named, title-aligned cosmetic profile
ok 116 - Chapter 45: A Thousand Voices has its own named, title-aligned cosmetic profile
  ---
  duration_ms: 0.11982
  type: 'test'
  ...
# Subtest: Chapter 46: The Master Scribe has its own named, title-aligned cosmetic profile
ok 117 - Chapter 46: The Master Scribe has its own named, title-aligned cosmetic profile
  ---
  duration_ms: 0.110306
  type: 'test'
  ...
# Subtest: Chapter 47: The Last Word has its own named, title-aligned cosmetic profile
ok 118 - Chapter 47: The Last Word has its own named, title-aligned cosmetic profile
  ---
  duration_ms: 0.125048
  type: 'test'
  ...
# Subtest: Chapter 48: The Typekeeper has its own named, title-aligned cosmetic profile
ok 119 - Chapter 48: The Typekeeper has its own named, title-aligned cosmetic profile
  ---
  duration_ms: 0.147661
  type: 'test'
  ...
# Subtest: Exactly 48 unique cosmetic IDs correspond to the existing 48 campaign titles
ok 120 - Exactly 48 unique cosmetic IDs correspond to the existing 48 campaign titles
  ---
  duration_ms: 0.650217
  type: 'test'
  ...
# Subtest: Endless and invalid low chapter requests reuse bounded profiles rather than allocate unbounded art
ok 121 - Endless and invalid low chapter requests reuse bounded profiles rather than allocate unbounded art
  ---
  duration_ms: 0.08628
  type: 'test'
  ...
# Subtest: Reduced motion removes chapter ambient drawing, not chapter identity
ok 122 - Reduced motion removes chapter ambient drawing, not chapter identity
  ---
  duration_ms: 0.094242
  type: 'test'
  ...
# Subtest: All native-path argument counts remain valid for FIRE and ICE across the complete cast envelope
ok 123 - All native-path argument counts remain valid for FIRE and ICE across the complete cast envelope
  ---
  duration_ms: 1.693545
  type: 'test'
  ...
# Subtest: FIRE and ICE destruction draw valid, balanced paths at onset, peak and completion
ok 124 - FIRE and ICE destruction draw valid, balanced paths at onset, peak and completion
  ---
  duration_ms: 3.974474
  type: 'test'
  ...
# Subtest: Elemental cast envelope never returns nonfinite or unbounded intensity
ok 125 - Elemental cast envelope never returns nonfinite or unbounded intensity
  ---
  duration_ms: 0.209765
  type: 'test'
  ...
# Subtest: Freeze entry, hold, thaw and reduced-motion state are bounded
ok 126 - Freeze entry, hold, thaw and reduced-motion state are bounded
  ---
  duration_ms: 0.335514
  type: 'test'
  ...
# Subtest: Elemental cache obeys byte and entry budgets under many surface widths
ok 127 - Elemental cache obeys byte and entry budgets under many surface widths
  ---
  duration_ms: 0.275494
  type: 'test'
  ...
# Subtest: 48 room profiles and VFX calculations do not advance either model random stream
ok 128 - 48 room profiles and VFX calculations do not advance either model random stream
  ---
  duration_ms: 8.191772
  type: 'test'
  ...
# Subtest: 3.5 preservation: original assets, economy, RNG, controls and scroll geometry are byte-identical
ok 129 - 3.5 preservation: original assets, economy, RNG, controls and scroll geometry are byte-identical
  ---
  duration_ms: 48.134097
  type: 'test'
  ...
# Subtest: Standalone builder includes both new presentation dependencies before the renderer
ok 130 - Standalone builder includes both new presentation dependencies before the renderer
  ---
  duration_ms: 0.355304
  type: 'test'
  ...
# Subtest: Star explanation shares the actual thresholds, including both simultaneous deficits
ok 131 - Star explanation shares the actual thresholds, including both simultaneous deficits
  ---
  duration_ms: 1.62291
  type: 'test'
  ...
# Subtest: Every generated next-star instruction actually reaches that star when fulfilled
ok 132 - Every generated next-star instruction actually reaches that star when fulfilled
  ---
  duration_ms: 2.960129
  type: 'test'
  ...
# Subtest: 100% submission accuracy with three misses remains one star, not a new scoring rule
ok 133 - 100% submission accuracy with three misses remains one star, not a new scoring rule
  ---
  duration_ms: 1.435687
  type: 'test'
  ...
# Subtest: Eight real multiplier upgrades occur at 8..64, never at 5/15 or after cap
ok 134 - Eight real multiplier upgrades occur at 8..64, never at 5/15 or after cap
  ---
  duration_ms: 1.769058
  type: 'test'
  ...
# Subtest: Authoritative 7 → 8 event and word points agree
ok 135 - Authoritative 7 → 8 event and word points agree
  ---
  duration_ms: 0.749727
  type: 'test'
  ...
# Subtest: Authoritative 15 → 16 event and word points agree
ok 136 - Authoritative 15 → 16 event and word points agree
  ---
  duration_ms: 0.130346
  type: 'test'
  ...
# Subtest: Authoritative 63 → 64 event and word points agree
ok 137 - Authoritative 63 → 64 event and word points agree
  ---
  duration_ms: 0.177276
  type: 'test'
  ...
# Subtest: Wrong input resets the multiplier; next correct input does not invent a level-up
ok 138 - Wrong input resets the multiplier; next correct input does not invent a level-up
  ---
  duration_ms: 0.320682
  type: 'test'
  ...
# Subtest: Restoring an existing streak/checkpoint emits no spurious multiplier upgrade
ok 139 - Restoring an existing streak/checkpoint emits no spurious multiplier upgrade
  ---
  duration_ms: 0.756397
  type: 'test'
  ...
# Subtest: Audio milestone reacts to one model event, not its own correct-word modulus
ok 140 - Audio milestone reacts to one model event, not its own correct-word modulus
  ---
  duration_ms: 0.775967
  type: 'test'
  ...
# Subtest: Record keys isolate all 288 pace/mode/chapter combinations and the ruleset
ok 141 - Record keys isolate all 288 pace/mode/chapter combinations and the ruleset
  ---
  duration_ms: 0.680492
  type: 'test'
  ...
# Subtest: Chapter PB captures the previous atomic attempt before updating
ok 142 - Chapter PB captures the previous atomic attempt before updating
  ---
  duration_ms: 0.69185
  type: 'test'
  ...
# Subtest: Ties/lower scores never mix WPM, accuracy or medal maxima into the score-best attempt
ok 143 - Ties/lower scores never mix WPM, accuracy or medal maxima into the score-best attempt
  ---
  duration_ms: 0.290356
  type: 'test'
  ...
# Subtest: Practice, different pace and other chapter cannot beat a campaign chapter PB
ok 144 - Practice, different pace and other chapter cannot beat a campaign chapter PB
  ---
  duration_ms: 0.260211
  type: 'test'
  ...
# Subtest: Old saves preserve settings, mastery and checkpoints without inventing scoped PBs
ok 145 - Old saves preserve settings, mastery and checkpoints without inventing scoped PBs
  ---
  duration_ms: 1.322098
  type: 'test'
  ...
# Subtest: Scoped save round trip retains actual word sequence provenance
ok 146 - Scoped save round trip retains actual word sequence provenance
  ---
  duration_ms: 0.281203
  type: 'test'
  ...
# Subtest: Malformed or unscoped imports are rejected instead of promoted to a trusted PB
ok 147 - Malformed or unscoped imports are rejected instead of promoted to a trusted PB
  ---
  duration_ms: 0.309064
  type: 'test'
  ...
# Subtest: Missing random provenance stays missing, not a fabricated seed or sequence version
ok 148 - Missing random provenance stays missing, not a fabricated seed or sequence version
  ---
  duration_ms: 0.128643
  type: 'test'
  ...
# Subtest: Mastery improvement has priority; unchanged attempts receive no fake celebration
ok 149 - Mastery improvement has priority; unchanged attempts receive no fake celebration
  ---
  duration_ms: 13.714944
  type: 'test'
  ...
# Subtest: ENTER guidance is exact-match only and disappears after first actual save
ok 150 - ENTER guidance is exact-match only and disappears after first actual save
  ---
  duration_ms: 0.229305
  type: 'test'
  ...
# Subtest: ICE hint waits for a usable spell and six visible active seconds, not wall time
ok 151 - ICE hint waits for a usable spell and six visible active seconds, not wall time
  ---
  duration_ms: 0.264518
  type: 'test'
  ...
# Subtest: Hint toggle and pause hide prompts without consuming their learning window
ok 152 - Hint toggle and pause hide prompts without consuming their learning window
  ---
  duration_ms: 0.139109
  type: 'test'
  ...
# Subtest: Laptop helper labels meet the proposed 14 CSS-pixel target without changing word geometry
ok 153 - Laptop helper labels meet the proposed 14 CSS-pixel target without changing word geometry
  ---
  duration_ms: 0.23918
  type: 'test'
  ...
# Subtest: Journey metadata exists at exactly eight campaign boundaries, never practice/endless
ok 154 - Journey metadata exists at exactly eight campaign boundaries, never practice/endless
  ---
  duration_ms: 0.271839
  type: 'test'
  ...
# Subtest: Restored wing markers require all six campaign clears, not practice-only stars
ok 155 - Restored wing markers require all six campaign clears, not practice-only stars
  ---
  duration_ms: 0.195874
  type: 'test'
  ...
# Subtest: Eight distinct small seals and landmarks reuse bounded identities beyond the campaign
ok 156 - Eight distinct small seals and landmarks reuse bounded identities beyond the campaign
  ---
  duration_ms: 0.218728
  type: 'test'
  ...
# Subtest: wing ceremony is bounded, pausable, skippable, cancel-safe and motion-optional
ok 157 - wing ceremony is bounded, pausable, skippable, cancel-safe and motion-optional
  ---
  duration_ms: 0.321633
  type: 'test'
  ...
# Subtest: finale ceremony is bounded, pausable, skippable, cancel-safe and motion-optional
ok 158 - finale ceremony is bounded, pausable, skippable, cancel-safe and motion-optional
  ---
  duration_ms: 0.077847
  type: 'test'
  ...
# Subtest: v3.2.1 capacity is two per spell, eight in total; effect strength is preserved
ok 159 - v3.2.1 capacity is two per spell, eight in total; effect strength is preserved
  ---
  duration_ms: 1.035256
  type: 'test'
  ...
# Subtest: relaxed: a new campaign has no books and only one chapter-one opportunity
ok 160 - relaxed: a new campaign has no books and only one chapter-one opportunity
  ---
  duration_ms: 3.156535
  type: 'test'
  ...
# Subtest: relaxed: opening is 10–15% gentler, 4–6 is 5–10% gentler, then rejoins the curve
ok 161 - relaxed: opening is 10–15% gentler, 4–6 is 5–10% gentler, then rejoins the curve
  ---
  duration_ms: 0.325769
  type: 'test'
  ...
# Subtest: relaxed: every chapter remains monotone with no opening or Endless difficulty reset
ok 162 - relaxed: every chapter remains monotone with no opening or Endless difficulty reset
  ---
  duration_ms: 0.569817
  type: 'test'
  ...
# Subtest: classic: a new campaign has no books and only one chapter-one opportunity
ok 163 - classic: a new campaign has no books and only one chapter-one opportunity
  ---
  duration_ms: 0.753202
  type: 'test'
  ...
# Subtest: classic: opening is 10–15% gentler, 4–6 is 5–10% gentler, then rejoins the curve
ok 164 - classic: opening is 10–15% gentler, 4–6 is 5–10% gentler, then rejoins the curve
  ---
  duration_ms: 0.085318
  type: 'test'
  ...
# Subtest: classic: every chapter remains monotone with no opening or Endless difficulty reset
ok 165 - classic: every chapter remains monotone with no opening or Endless difficulty reset
  ---
  duration_ms: 0.897248
  type: 'test'
  ...
# Subtest: maniac: a new campaign has no books and only one chapter-one opportunity
ok 166 - maniac: a new campaign has no books and only one chapter-one opportunity
  ---
  duration_ms: 1.372973
  type: 'test'
  ...
# Subtest: maniac: opening is 10–15% gentler, 4–6 is 5–10% gentler, then rejoins the curve
ok 167 - maniac: opening is 10–15% gentler, 4–6 is 5–10% gentler, then rejoins the curve
  ---
  duration_ms: 0.470307
  type: 'test'
  ...
# Subtest: maniac: every chapter remains monotone with no opening or Endless difficulty reset
ok 168 - maniac: every chapter remains monotone with no opening or Endless difficulty reset
  ---
  duration_ms: 1.921027
  type: 'test'
  ...
# Subtest: chapter 1: actual opportunity gaps stay inside 8–11 arrivals
ok 169 - chapter 1: actual opportunity gaps stay inside 8–11 arrivals
  ---
  duration_ms: 9.423303
  type: 'test'
  ...
# Subtest: chapter 4: actual opportunity gaps stay inside 8–11 arrivals
ok 170 - chapter 4: actual opportunity gaps stay inside 8–11 arrivals
  ---
  duration_ms: 5.931365
  type: 'test'
  ...
# Subtest: chapter 7: actual opportunity gaps stay inside 8–10 arrivals
ok 171 - chapter 7: actual opportunity gaps stay inside 8–10 arrivals
  ---
  duration_ms: 4.028075
  type: 'test'
  ...
# Subtest: chapter 11: actual opportunity gaps stay inside 8–10 arrivals
ok 172 - chapter 11: actual opportunity gaps stay inside 8–10 arrivals
  ---
  duration_ms: 3.723086
  type: 'test'
  ...
# Subtest: chapter 13: actual opportunity gaps stay inside 7–10 arrivals
ok 173 - chapter 13: actual opportunity gaps stay inside 7–10 arrivals
  ---
  duration_ms: 2.771585
  type: 'test'
  ...
# Subtest: chapter 23: actual opportunity gaps stay inside 7–10 arrivals
ok 174 - chapter 23: actual opportunity gaps stay inside 7–10 arrivals
  ---
  duration_ms: 2.35516
  type: 'test'
  ...
# Subtest: chapter 25: actual opportunity gaps stay inside 6–9 arrivals
ok 175 - chapter 25: actual opportunity gaps stay inside 6–9 arrivals
  ---
  duration_ms: 2.420838
  type: 'test'
  ...
# Subtest: chapter 47: actual opportunity gaps stay inside 6–9 arrivals
ok 176 - chapter 47: actual opportunity gaps stay inside 6–9 arrivals
  ---
  duration_ms: 2.509703
  type: 'test'
  ...
# Subtest: chapter 49: actual opportunity gaps stay inside 6–9 arrivals
ok 177 - chapter 49: actual opportunity gaps stay inside 6–9 arrivals
  ---
  duration_ms: 2.476873
  type: 'test'
  ...
# Subtest: trial 6: first opportunity in wave one, then one every eight arrivals
ok 178 - trial 6: first opportunity in wave one, then one every eight arrivals
  ---
  duration_ms: 1.931223
  type: 'test'
  ...
# Subtest: trial 12: first opportunity in wave one, then one every eight arrivals
ok 179 - trial 12: first opportunity in wave one, then one every eight arrivals
  ---
  duration_ms: 0.997188
  type: 'test'
  ...
# Subtest: trial 18: first opportunity in wave one, then one every eight arrivals
ok 180 - trial 18: first opportunity in wave one, then one every eight arrivals
  ---
  duration_ms: 0.774204
  type: 'test'
  ...
# Subtest: trial 24: first opportunity in wave one, then one every eight arrivals
ok 181 - trial 24: first opportunity in wave one, then one every eight arrivals
  ---
  duration_ms: 0.730287
  type: 'test'
  ...
# Subtest: trial 30: first opportunity in wave one, then one every eight arrivals
ok 182 - trial 30: first opportunity in wave one, then one every eight arrivals
  ---
  duration_ms: 1.242097
  type: 'test'
  ...
# Subtest: trial 36: first opportunity in wave one, then one every eight arrivals
ok 183 - trial 36: first opportunity in wave one, then one every eight arrivals
  ---
  duration_ms: 0.761805
  type: 'test'
  ...
# Subtest: trial 42: first opportunity in wave one, then one every eight arrivals
ok 184 - trial 42: first opportunity in wave one, then one every eight arrivals
  ---
  duration_ms: 0.57862
  type: 'test'
  ...
# Subtest: trial 48: first opportunity in wave one, then one every eight arrivals
ok 185 - trial 48: first opportunity in wave one, then one every eight arrivals
  ---
  duration_ms: 0.524599
  type: 'test'
  ...
# Subtest: trial 54: first opportunity in wave one, then one every eight arrivals
ok 186 - trial 54: first opportunity in wave one, then one every eight arrivals
  ---
  duration_ms: 0.536296
  type: 'test'
  ...
# Subtest: trial 102: first opportunity in wave one, then one every eight arrivals
ok 187 - trial 102: first opportunity in wave one, then one every eight arrivals
  ---
  duration_ms: 0.706212
  type: 'test'
  ...
# Subtest: trial 198: first opportunity in wave one, then one every eight arrivals
ok 188 - trial 198: first opportunity in wave one, then one every eight arrivals
  ---
  duration_ms: 0.510087
  type: 'test'
  ...
# Subtest: first opportunity must be typed; merely appearing grants no spell
ok 189 - first opportunity must be typed; merely appearing grants no spell
  ---
  duration_ms: 0.673692
  type: 'test'
  ...
# Subtest: missing the introductory ICE does not gift another tutorial set
ok 190 - missing the introductory ICE does not gift another tutorial set
  ---
  duration_ms: 0.680733
  type: 'test'
  ...
# Subtest: burning a spell grants no inventory and does not accelerate its replacement opportunity
ok 191 - burning a spell grants no inventory and does not accelerate its replacement opportunity
  ---
  duration_ms: 0.584579
  type: 'test'
  ...
# Subtest: full shelves still cap at two; overflow remains a scored word, not another book
ok 192 - full shelves still cap at two; overflow remains a scored word, not another book
  ---
  duration_ms: 0.379661
  type: 'test'
  ...
# Subtest: entering a normal chapter does not restart the reward countdown or refill books
ok 193 - entering a normal chapter does not restart the reward countdown or refill books
  ---
  duration_ms: 1.02485
  type: 'test'
  ...
# Subtest: trial entry pulls a distant drop into wave one, without giving an extra one
ok 194 - trial entry pulls a distant drop into wave one, without giving an extra one
  ---
  duration_ms: 0.567633
  type: 'test'
  ...
# Subtest: an already due spell remains due rather than being delayed by trial setup
ok 195 - an already due spell remains due rather than being delayed by trial setup
  ---
  duration_ms: 0.521634
  type: 'test'
  ...
# Subtest: trial preferences never break the four-spell bag or grant free rescue inventory
ok 196 - trial preferences never break the four-spell bag or grant free rescue inventory
  ---
  duration_ms: 0.470667
  type: 'test'
  ...
# Subtest: blocked candidate does not consume the countdown or a power-bag entry
ok 197 - blocked candidate does not consume the countdown or a power-bag entry
  ---
  duration_ms: 1.03088
  type: 'test'
  ...
# Subtest: canceling a reserved card at chapter clear never loses a bag entry
ok 198 - canceling a reserved card at chapter clear never loses a bag entry
  ---
  duration_ms: 0.25262
  type: 'test'
  ...
# Subtest: pausing and waiting never manufacture or consume spell opportunities
ok 199 - pausing and waiting never manufacture or consume spell opportunities
  ---
  duration_ms: 0.347492
  type: 'test'
  ...
# Subtest: active ICE freezes the scheduled arrival counter as well as card positions
ok 200 - active ICE freezes the scheduled arrival counter as well as card positions
  ---
  duration_ms: 0.318429
  type: 'test'
  ...
# Subtest: danger and score do not change scheduled spell types or gaps
ok 201 - danger and score do not change scheduled spell types or gaps
  ---
  duration_ms: 4.108505
  type: 'test'
  ...
# Subtest: each shuffled cycle still includes all four spells in all campaign wings
ok 202 - each shuffled cycle still includes all four spells in all campaign wings
  ---
  duration_ms: 26.818148
  type: 'test'
  ...
# Subtest: chapter 1 boundary preserves words, spacing, cycle and inventory through save/restore
ok 203 - chapter 1 boundary preserves words, spacing, cycle and inventory through save/restore
  ---
  duration_ms: 4.527084
  type: 'test'
  ...
# Subtest: chapter 5 boundary preserves words, spacing, cycle and inventory through save/restore
ok 204 - chapter 5 boundary preserves words, spacing, cycle and inventory through save/restore
  ---
  duration_ms: 2.646267
  type: 'test'
  ...
# Subtest: chapter 6 boundary preserves words, spacing, cycle and inventory through save/restore
ok 205 - chapter 6 boundary preserves words, spacing, cycle and inventory through save/restore
  ---
  duration_ms: 5.114057
  type: 'test'
  ...
# Subtest: chapter 11 boundary preserves words, spacing, cycle and inventory through save/restore
ok 206 - chapter 11 boundary preserves words, spacing, cycle and inventory through save/restore
  ---
  duration_ms: 1.907828
  type: 'test'
  ...
# Subtest: chapter 12 boundary preserves words, spacing, cycle and inventory through save/restore
ok 207 - chapter 12 boundary preserves words, spacing, cycle and inventory through save/restore
  ---
  duration_ms: 3.989647
  type: 'test'
  ...
# Subtest: chapter 23 boundary preserves words, spacing, cycle and inventory through save/restore
ok 208 - chapter 23 boundary preserves words, spacing, cycle and inventory through save/restore
  ---
  duration_ms: 1.585523
  type: 'test'
  ...
# Subtest: chapter 24 boundary preserves words, spacing, cycle and inventory through save/restore
ok 209 - chapter 24 boundary preserves words, spacing, cycle and inventory through save/restore
  ---
  duration_ms: 1.62383
  type: 'test'
  ...
# Subtest: chapter 35 boundary preserves words, spacing, cycle and inventory through save/restore
ok 210 - chapter 35 boundary preserves words, spacing, cycle and inventory through save/restore
  ---
  duration_ms: 9.703134
  type: 'test'
  ...
# Subtest: chapter 36 boundary preserves words, spacing, cycle and inventory through save/restore
ok 211 - chapter 36 boundary preserves words, spacing, cycle and inventory through save/restore
  ---
  duration_ms: 1.469017
  type: 'test'
  ...
# Subtest: chapter 47 boundary preserves words, spacing, cycle and inventory through save/restore
ok 212 - chapter 47 boundary preserves words, spacing, cycle and inventory through save/restore
  ---
  duration_ms: 1.156228
  type: 'test'
  ...
# Subtest: retry starts the same sparse chapter again, without accumulating failed-attempt books
ok 213 - retry starts the same sparse chapter again, without accumulating failed-attempt books
  ---
  duration_ms: 1.06503
  type: 'test'
  ...
# Subtest: 3.2 save migration caps stock at two, preserves mastery/preferences, and leaves original bytes untouched
ok 214 - 3.2 save migration caps stock at two, preserves mastery/preferences, and leaves original bytes untouched
  ---
  duration_ms: 0.621684
  type: 'test'
  ...
# Subtest: migrated checkpoint keeps the old scoring provenance after new-rules play and re-export
ok 215 - migrated checkpoint keeps the old scoring provenance after new-rules play and re-export
  ---
  duration_ms: 0.902907
  type: 'test'
  ...
# Subtest: fresh current saves cannot import a third charge by claiming the new ruleset
ok 216 - fresh current saves cannot import a third charge by claiming the new ruleset
  ---
  duration_ms: 0.109554
  type: 'test'
  ...
# Subtest: current saves must include a valid schedule; old missing schedules have an explicit fallback
ok 217 - current saves must include a valid schedule; old missing schedules have an explicit fallback
  ---
  duration_ms: 0.208503
  type: 'test'
  ...
# Subtest: invalid schedule values are rejected rather than granting unlimited imminent drops
ok 218 - invalid schedule values are rejected rather than granting unlimited imminent drops
  ---
  duration_ms: 0.17975
  type: 'test'
  ...
# Subtest: restored inventory and schedule are isolated from imported object mutations
ok 219 - restored inventory and schedule are isolated from imported object mutations
  ---
  duration_ms: 0.354373
  type: 'test'
  ...
# Subtest: model restore also clamps legacy charges when called directly by a trusted loader
ok 220 - model restore also clamps legacy charges when called directly by a trusted loader
  ---
  duration_ms: 0.150336
  type: 'test'
  ...
# Subtest: authored non-trial gap endpoints are reachable and trial setup is idempotent
ok 221 - authored non-trial gap endpoints are reachable and trial setup is idempotent
  ---
  duration_ms: 0.125859
  type: 'test'
  ...
# Subtest: Practice and Endless do not receive the campaign introduction again
ok 222 - Practice and Endless do not receive the campaign introduction again
  ---
  duration_ms: 0.12646
  type: 'test'
  ...
# Subtest: UI stock pips derive from the same authoritative capacity as game rules
ok 223 - UI stock pips derive from the same authoritative capacity as game rules
  ---
  duration_ms: 0.402014
  type: 'test'
  ...
# Subtest: relaxed: all 48 chapters stay within smooth speed and interval bounds
ok 224 - relaxed: all 48 chapters stay within smooth speed and interval bounds
  ---
  duration_ms: 1.81631
  type: 'test'
  ...
# Subtest: relaxed: all spawned ordinary and power cards remain fully readable and non-overlapping
ok 225 - relaxed: all spawned ordinary and power cards remain fully readable and non-overlapping
  ---
  duration_ms: 72.771017
  type: 'test'
  ...
# Subtest: classic: all 48 chapters stay within smooth speed and interval bounds
ok 226 - classic: all 48 chapters stay within smooth speed and interval bounds
  ---
  duration_ms: 0.283786
  type: 'test'
  ...
# Subtest: classic: all spawned ordinary and power cards remain fully readable and non-overlapping
ok 227 - classic: all spawned ordinary and power cards remain fully readable and non-overlapping
  ---
  duration_ms: 95.623865
  type: 'test'
  ...
# Subtest: maniac: all 48 chapters stay within smooth speed and interval bounds
ok 228 - maniac: all 48 chapters stay within smooth speed and interval bounds
  ---
  duration_ms: 0.207702
  type: 'test'
  ...
# Subtest: maniac: all spawned ordinary and power cards remain fully readable and non-overlapping
ok 229 - maniac: all spawned ordinary and power cards remain fully readable and non-overlapping
  ---
  duration_ms: 37.569939
  type: 'test'
  ...
# Subtest: vocabulary mixture is normalized at every campaign and endless chapter
ok 230 - vocabulary mixture is normalized at every campaign and endless chapter
  ---
  duration_ms: 0.563006
  type: 'test'
  ...
# Subtest: no abrupt dictionary mix switch remains at 5, 13, 25 or 37
ok 231 - no abrupt dictionary mix switch remains at 5, 13, 25 or 37
  ---
  duration_ms: 0.1328
  type: 'test'
  ...
# Subtest: newly introduced words obey their chapter length cap
ok 232 - newly introduced words obey their chapter length cap
  ---
  duration_ms: 2.319957
  type: 'test'
  ...
# Subtest: a fast clear shortens empty-field downtime without changing falling speed
ok 233 - a fast clear shortens empty-field downtime without changing falling speed
  ---
  duration_ms: 0.616777
  type: 'test'
  ...
# Subtest: empty-field acceleration never interrupts a trial breathing interval
ok 234 - empty-field acceleration never interrupts a trial breathing interval
  ---
  duration_ms: 0.197117
  type: 'test'
  ...
# Subtest: trial spawns follow five-word waves with a visible breathing interval
ok 235 - trial spawns follow five-word waves with a visible breathing interval
  ---
  duration_ms: 0.209796
  type: 'test'
  ...
# Subtest: no surplus cards are spawned when the board already contains the remaining quota
ok 236 - no surplus cards are spawned when the board already contains the remaining quota
  ---
  duration_ms: 0.09917
  type: 'test'
  ...
# Subtest: a final-word completion clears exactly once with no stranded next-stage timers
ok 237 - a final-word completion clears exactly once with no stranded next-stage timers
  ---
  duration_ms: 0.831449
  type: 'test'
  ...
# Subtest: active text duplicates do not occur in authored spawns
ok 238 - active text duplicates do not occur in authored spawns
  ---
  duration_ms: 1.985525
  type: 'test'
  ...
# Subtest: blocked spawn preserves the exact next card rather than rerolling its reward
ok 239 - blocked spawn preserves the exact next card rather than rerolling its reward
  ---
  duration_ms: 0.357297
  type: 'test'
  ...
# Subtest: a shuffled power cycle includes all four spells before repeating
ok 240 - a shuffled power cycle includes all four spells before repeating
  ---
  duration_ms: 0.584498
  type: 'test'
  ...
# Subtest: power selection prefers a not-full shelf inside the remaining bag
ok 241 - power selection prefers a not-full shelf inside the remaining bag
  ---
  duration_ms: 0.118088
  type: 'test'
  ...
# Subtest: full shelves never inflate inventory on collection
ok 242 - full shelves never inflate inventory on collection
  ---
  duration_ms: 0.132699
  type: 'test'
  ...
# Subtest: first chapter introduces one earned ICE opportunity, not four free tutorial powers
ok 243 - first chapter introduces one earned ICE opportunity, not four free tutorial powers
  ---
  duration_ms: 0.415405
  type: 'test'
  ...
# Subtest: empty FIRE and WIND are STORED rather than falsely actionable READY
ok 244 - empty FIRE and WIND are STORED rather than falsely actionable READY
  ---
  duration_ms: 0.160241
  type: 'test'
  ...
# Subtest: readiness reflects per-spell cooldown as well as inventory
ok 245 - readiness reflects per-spell cooldown as well as inventory
  ---
  duration_ms: 0.53229
  type: 'test'
  ...
# Subtest: SLOW cast before ICE retains every unspent second while frozen
ok 246 - SLOW cast before ICE retains every unspent second while frozen
  ---
  duration_ms: 0.51863
  type: 'test'
  ...
# Subtest: SLOW cast during ICE is queued without consuming duration
ok 247 - SLOW cast during ICE is queued without consuming duration
  ---
  duration_ms: 0.278368
  type: 'test'
  ...
# Subtest: a second queued SLOW does not consume a second book
ok 248 - a second queued SLOW does not consume a second book
  ---
  duration_ms: 0.138648
  type: 'test'
  ...
# Subtest: ICE ending within a tick applies only the remaining unfrozen fraction
ok 249 - ICE ending within a tick applies only the remaining unfrozen fraction
  ---
  duration_ms: 0.147392
  type: 'test'
  ...
# Subtest: SLOW expiry integrates slowed and normal motion within the same tick
ok 250 - SLOW expiry integrates slowed and normal motion within the same tick
  ---
  duration_ms: 0.103445
  type: 'test'
  ...
# Subtest: pause freezes queued spells and spell readiness
ok 251 - pause freezes queued spells and spell readiness
  ---
  duration_ms: 0.309315
  type: 'test'
  ...
# Subtest: FIRE guarantees a short recovery instead of an immediate replacement spawn
ok 252 - FIRE guarantees a short recovery instead of an immediate replacement spawn
  ---
  duration_ms: 0.1527
  type: 'test'
  ...
# Subtest: WIND clears only pressure; it never silently removes falling cards
ok 253 - WIND clears only pressure; it never silently removes falling cards
  ---
  duration_ms: 0.228293
  type: 'test'
  ...
# Subtest: a just-landed exact submission has one miss penalty, not miss plus typo
ok 254 - a just-landed exact submission has one miss penalty, not miss plus typo
  ---
  duration_ms: 0.165769
  type: 'test'
  ...
# Subtest: late-submission protection expires after the declared grace window
ok 255 - late-submission protection expires after the declared grace window
  ---
  duration_ms: 0.140251
  type: 'test'
  ...
# Subtest: the same expired word cannot repeatedly trigger late protection
ok 256 - the same expired word cannot repeatedly trigger late protection
  ---
  duration_ms: 0.104267
  type: 'test'
  ...
# Subtest: a still-live duplicate wins over the recently landed copy
ok 257 - a still-live duplicate wins over the recently landed copy
  ---
  duration_ms: 0.105138
  type: 'test'
  ...
# Subtest: a recently FIRE-cleared typed word does not create a phantom typo penalty
ok 258 - a recently FIRE-cleared typed word does not create a phantom typo penalty
  ---
  duration_ms: 0.110285
  type: 'test'
  ...
# Subtest: late protection cannot rescue an already terminal full-pile result
ok 259 - late protection cannot rescue an already terminal full-pile result
  ---
  duration_ms: 0.095143
  type: 'test'
  ...
# Subtest: chapter RNG is independent from how many earlier frames were simulated
ok 260 - chapter RNG is independent from how many earlier frames were simulated
  ---
  duration_ms: 0.074371
  type: 'test'
  ...
# Subtest: uninterrupted next chapter and restored bookmark produce identical cards
ok 261 - uninterrupted next chapter and restored bookmark produce identical cards
  ---
  duration_ms: 1.139152
  type: 'test'
  ...
# Subtest: chapter-boundary bookmark includes the pending power cycle
ok 262 - chapter-boundary bookmark includes the pending power cycle
  ---
  duration_ms: 0.247542
  type: 'test'
  ...
# Subtest: mid-chapter state cannot masquerade as a safe chapter bookmark
ok 263 - mid-chapter state cannot masquerade as a safe chapter bookmark
  ---
  duration_ms: 0.154452
  type: 'test'
  ...
# Subtest: first chapter can be bookmarked before a single word arrives
ok 264 - first chapter can be bookmarked before a single word arrives
  ---
  duration_ms: 0.764349
  type: 'test'
  ...
# Subtest: failed chapter retains its opening score and stock, recording retry count
ok 265 - failed chapter retains its opening score and stock, recording retry count
  ---
  duration_ms: 0.815676
  type: 'test'
  ...
# Subtest: retry increments cannot corrupt another expedition or chapter
ok 266 - retry increments cannot corrupt another expedition or chapter
  ---
  duration_ms: 0.348854
  type: 'test'
  ...
# Subtest: repeating a failed chapter cannot double-award its previous earned score
ok 267 - repeating a failed chapter cannot double-award its previous earned score
  ---
  duration_ms: 0.642065
  type: 'test'
  ...
# Subtest: campaign final clear cannot advance into chapter 49
ok 268 - campaign final clear cannot advance into chapter 49
  ---
  duration_ms: 0.221473
  type: 'test'
  ...
# Subtest: practice completion cannot advance into a multi-chapter practice score
ok 269 - practice completion cannot advance into a multi-chapter practice score
  ---
  duration_ms: 0.176615
  type: 'test'
  ...
# Subtest: endless can progress without receiving a false campaign victory
ok 270 - endless can progress without receiving a false campaign victory
  ---
  duration_ms: 0.234642
  type: 'test'
  ...
# Subtest: campaign victory cannot be declared in the middle of chapter 48
ok 271 - campaign victory cannot be declared in the middle of chapter 48
  ---
  duration_ms: 0.245819
  type: 'test'
  ...
# Subtest: retirement snapshots retain a voluntary finish distinction
ok 272 - retirement snapshots retain a voluntary finish distinction
  ---
  duration_ms: 0.17323
  type: 'test'
  ...
# Subtest: practice mastery on an unlocked chapter saves without unlocking another chapter
ok 273 - practice mastery on an unlocked chapter saves without unlocking another chapter
  ---
  duration_ms: 0.51216
  type: 'test'
  ...
# Subtest: practice cannot generate stars on a locked chapter
ok 274 - practice cannot generate stars on a locked chapter
  ---
  duration_ms: 0.093841
  type: 'test'
  ...
# Subtest: campaign clear after practice can unlock the next chapter
ok 275 - campaign clear after practice can unlock the next chapter
  ---
  duration_ms: 0.193782
  type: 'test'
  ...
# Subtest: practice best score is chapter-specific, not simply the longest chapter
ok 276 - practice best score is chapter-specific, not simply the longest chapter
  ---
  duration_ms: 0.35253
  type: 'test'
  ...
# Subtest: old rulesets remain in Legacy and cannot become a current personal best
ok 277 - old rulesets remain in Legacy and cannot become a current personal best
  ---
  duration_ms: 0.125759
  type: 'test'
  ...
# Subtest: a migrated in-progress expedition keeps its original scoring provenance
ok 278 - a migrated in-progress expedition keeps its original scoring provenance
  ---
  duration_ms: 0.470007
  type: 'test'
  ...
# Subtest: v3 migration does not overwrite or delete the original saved bytes
ok 279 - v3 migration does not overwrite or delete the original saved bytes
  ---
  duration_ms: 0.352009
  type: 'test'
  ...
# Subtest: corrupt power bags and nonfinite checkpoint identifiers are rejected
ok 280 - corrupt power bags and nonfinite checkpoint identifiers are rejected
  ---
  duration_ms: 0.231908
  type: 'test'
  ...
# Subtest: actual completed-stage score replaces only the comparable ruleset best
ok 281 - actual completed-stage score replaces only the comparable ruleset best
  ---
  duration_ms: 0.224638
  type: 'test'
  ...
# Subtest: paused application settings reject invalid volume and difficulty values
ok 282 - paused application settings reject invalid volume and difficulty values
  ---
  duration_ms: 0.151628
  type: 'test'
  ...
# Subtest: nonfinite and zero deltas cannot poison the game clock
ok 283 - nonfinite and zero deltas cannot poison the game clock
  ---
  duration_ms: 0.145098
  type: 'test'
  ...
# Subtest: long-session replay memory is bounded and truncation is explicit
ok 284 - long-session replay memory is bounded and truncation is explicit
  ---
  duration_ms: 20.555465
  type: 'test'
  ...
# Subtest: renderer frame rate cannot change a fixed-tick authored run
ok 285 - renderer frame rate cannot change a fixed-tick authored run
  ---
  duration_ms: 14.154414
  type: 'test'
  ...
# Subtest: 250 seeded adversarial sessions retain finite state, terminal uniqueness and stock bounds
ok 286 - 250 seeded adversarial sessions retain finite state, terminal uniqueness and stock bounds
  ---
  duration_ms: 226.104001
  type: 'test'
  ...
# Subtest: merging new-rule practice medals cannot revoke an old-rule campaign clear
ok 287 - merging new-rule practice medals cannot revoke an old-rule campaign clear
  ---
  duration_ms: 0.380622
  type: 'test'
  ...
# Subtest: corrupt current save is quarantined and a valid untouched v3 save is recovered
ok 288 - corrupt current save is quarantined and a valid untouched v3 save is recovered
  ---
  duration_ms: 0.258929
  type: 'test'
  ...
# Subtest: normalization accepts English letters, uppercases and bounds the buffer
ok 289 - normalization accepts English letters, uppercases and bounds the buffer
  ---
  duration_ms: 1.068115
  type: 'test'
  ...
# Subtest: dictionary is substantial, uppercase, unique within tiers, and all words fit the buffer
ok 290 - dictionary is substantial, uppercase, unique within tiers, and all words fit the buffer
  ---
  duration_ms: 0.577098
  type: 'test'
  ...
# Subtest: seeded random generator repeats exactly
ok 291 - seeded random generator repeats exactly
  ---
  duration_ms: 1.146763
  type: 'test'
  ...
# Subtest: fresh game is in menu, with no starting power stock
ok 292 - fresh game is in menu, with no starting power stock
  ---
  duration_ms: 0.453872
  type: 'test'
  ...
# Subtest: start resets all run state
ok 293 - start resets all run state
  ---
  duration_ms: 0.343466
  type: 'test'
  ...
# Subtest: complete exact word once, update points/progress/characters
ok 294 - complete exact word once, update points/progress/characters
  ---
  duration_ms: 0.529626
  type: 'test'
  ...
# Subtest: partial input never auto-clears or penalizes
ok 295 - partial input never auto-clears or penalizes
  ---
  duration_ms: 0.209595
  type: 'test'
  ...
# Subtest: empty Enter is a true no-op
ok 296 - empty Enter is a true no-op
  ---
  duration_ms: 0.219681
  type: 'test'
  ...
# Subtest: invalid submission penalizes once and clears the buffer
ok 297 - invalid submission penalizes once and clears the buffer
  ---
  duration_ms: 0.456927
  type: 'test'
  ...
# Subtest: editing a prefix is non-destructive
ok 298 - editing a prefix is non-destructive
  ---
  duration_ms: 0.388544
  type: 'test'
  ...
# Subtest: duplicate words resolve the lowest exact match
ok 299 - duplicate words resolve the lowest exact match
  ---
  duration_ms: 0.292099
  type: 'test'
  ...
# Subtest: ties are stable by ID
ok 300 - ties are stable by ID
  ---
  duration_ms: 0.136234
  type: 'test'
  ...
# Subtest: shared prefix does not lock onto a target
ok 301 - shared prefix does not lock onto a target
  ---
  duration_ms: 0.177216
  type: 'test'
  ...
# Subtest: falling FIRE word takes priority over available command
ok 302 - falling FIRE word takes priority over available command
  ---
  duration_ms: 0.134191
  type: 'test'
  ...
# Subtest: power collection is immediate and capped at two
ok 303 - power collection is immediate and capped at two
  ---
  duration_ms: 0.2259
  type: 'test'
  ...
# Subtest: all four power-card families grant the corresponding book
ok 304 - all four power-card families grant the corresponding book
  ---
  duration_ms: 0.217677
  type: 'test'
  ...
# Subtest: unavailable spell costs no points or danger and grants no stock
ok 305 - unavailable spell costs no points or danger and grants no stock
  ---
  duration_ms: 0.219751
  type: 'test'
  ...
# Subtest: FIRE clears active cards without scoring, progress, or harvesting books
ok 306 - FIRE clears active cards without scoring, progress, or harvesting books
  ---
  duration_ms: 0.347973
  type: 'test'
  ...
# Subtest: FIRE consumes exactly one charge per nonempty cast
ok 307 - FIRE consumes exactly one charge per nonempty cast
  ---
  duration_ms: 0.188484
  type: 'test'
  ...
# Subtest: ICE stops words and spawn timer for its duration
ok 308 - ICE stops words and spawn timer for its duration
  ---
  duration_ms: 0.85119
  type: 'test'
  ...
# Subtest: ICE active recast is rejected and preserves the next book
ok 309 - ICE active recast is rejected and preserves the next book
  ---
  duration_ms: 0.265489
  type: 'test'
  ...
# Subtest: SLOW scales motion by exactly 0.42
ok 310 - SLOW scales motion by exactly 0.42
  ---
  duration_ms: 0.174412
  type: 'test'
  ...
# Subtest: ICE and SLOW coexist; SLOW time is banked until ICE ends
ok 311 - ICE and SLOW coexist; SLOW time is banked until ICE ends
  ---
  duration_ms: 0.202945
  type: 'test'
  ...
# Subtest: WIND fully clears danger and paper without clearing active words
ok 312 - WIND fully clears danger and paper without clearing active words
  ---
  duration_ms: 0.427913
  type: 'test'
  ...
# Subtest: pause freezes timers, positions, game time, and spawn countdown
ok 313 - pause freezes timers, positions, game time, and spawn countdown
  ---
  duration_ms: 0.457217
  type: 'test'
  ...
# Subtest: paused input cannot change buffer or score
ok 314 - paused input cannot change buffer or score
  ---
  duration_ms: 0.170236
  type: 'test'
  ...
# Subtest: miss adds the configured danger once and clears streak
ok 315 - miss adds the configured danger once and clears streak
  ---
  duration_ms: 0.226821
  type: 'test'
  ...
# Subtest: dark miss penalty is larger; dark completion earns double
ok 316 - dark miss penalty is larger; dark completion earns double
  ---
  duration_ms: 0.292019
  type: 'test'
  ...
# Subtest: game over is terminal and emits only once
ok 317 - game over is terminal and emits only once
  ---
  duration_ms: 0.216816
  type: 'test'
  ...
# Subtest: an invalid submission can end a run at the limit
ok 318 - an invalid submission can end a run at the limit
  ---
  duration_ms: 0.118518
  type: 'test'
  ...
# Subtest: word submitted just before impact cannot subsequently land
ok 319 - word submitted just before impact cannot subsequently land
  ---
  duration_ms: 0.123115
  type: 'test'
  ...
# Subtest: perfect chapter awards 100 x level plus 250, then clears field
ok 320 - perfect chapter awards 100 x level plus 250, then clears field
  ---
  duration_ms: 0.335545
  type: 'test'
  ...
# Subtest: imperfect chapter excludes perfect bonus
ok 321 - imperfect chapter excludes perfect bonus
  ---
  duration_ms: 0.170306
  type: 'test'
  ...
# Subtest: next chapter resets quota and timed effects but retains danger and stock
ok 322 - next chapter resets quota and timed effects but retains danger and stock
  ---
  duration_ms: 0.215694
  type: 'test'
  ...
# Subtest: streak multiplier grows at eight and caps at three
ok 323 - streak multiplier grows at eight and caps at three
  ---
  duration_ms: 0.06631
  type: 'test'
  ...
# Subtest: word accuracy is submission accuracy, not a keystroke claim
ok 324 - word accuracy is submission accuracy, not a keystroke claim
  ---
  duration_ms: 0.108493
  type: 'test'
  ...
# Subtest: WPM uses correctly completed characters and active time
ok 325 - WPM uses correctly completed characters and active time
  ---
  duration_ms: 0.080941
  type: 'test'
  ...
# Subtest: same seed and input sequence yield the same simulation
ok 326 - same seed and input sequence yield the same simulation
  ---
  duration_ms: 4.303278
  type: 'test'
  ...
# Subtest: spawn bounds keep whole cards on the playfield
ok 327 - spawn bounds keep whole cards on the playfield
  ---
  duration_ms: 3.530286
  type: 'test'
  ...
# Subtest: spawn is bounded at 12 simultaneous cards
ok 328 - spawn is bounded at 12 simultaneous cards
  ---
  duration_ms: 0.120331
  type: 'test'
  ...
# Subtest: special cards include explicit glyph padding
ok 329 - special cards include explicit glyph padding
  ---
  duration_ms: 0.158218
  type: 'test'
  ...
# Subtest: level speed and quotas increase but remain bounded
ok 330 - level speed and quotas increase but remain bounded
  ---
  duration_ms: 0.092609
  type: 'test'
  ...
# Subtest: pace choice changes speed without changing correctness rules
ok 331 - pace choice changes speed without changing correctness rules
  ---
  duration_ms: 0.063055
  type: 'test'
  ...
# Subtest: fixed clock creates 60 bounded simulation steps over one second
ok 332 - fixed clock creates 60 bounded simulation steps over one second
  ---
  duration_ms: 0.195834
  type: 'test'
  ...
# Subtest: clock does not simulate a hidden-tab catch-up burst
ok 333 - clock does not simulate a hidden-tab catch-up burst
  ---
  duration_ms: 0.096245
  type: 'test'
  ...
# Subtest: settings and local records round-trip with schema validation
ok 334 - settings and local records round-trip with schema validation
  ---
  duration_ms: 0.925561
  type: 'test'
  ...
# Subtest: malformed local data recovers safely
ok 335 - malformed local data recovers safely
  ---
  duration_ms: 0.308143
  type: 'test'
  ...
# Subtest: unavailable storage is explicitly session-only
ok 336 - unavailable storage is explicitly session-only
  ---
  duration_ms: 0.133171
  type: 'test'
  ...
# Subtest: blocked storage never crashes game state
ok 337 - blocked storage never crashes game state
  ---
  duration_ms: 0.219219
  type: 'test'
  ...
# Subtest: records filter malformed entries and maintain independent pace bests
ok 338 - records filter malformed entries and maintain independent pace bests
  ---
  duration_ms: 0.162184
  type: 'test'
  ...
# Subtest: clearing records retains settings
ok 339 - clearing records retains settings
  ---
  duration_ms: 0.144507
  type: 'test'
  ...
# Subtest: new players get the original score without a separate setup screen
ok 340 - new players get the original score without a separate setup screen
  ---
  duration_ms: 0.907815
  type: 'test'
  ...
# Subtest: music, effects, and master volume have independent bounded defaults
ok 341 - music, effects, and master volume have independent bounded defaults
  ---
  duration_ms: 0.41891
  type: 'test'
  ...
# Subtest: default gameplay HUD is focused, not a metrics dashboard
ok 342 - default gameplay HUD is focused, not a metrics dashboard
  ---
  duration_ms: 0.117116
  type: 'test'
  ...
# Subtest: returning players have a configurable resume safety countdown
ok 343 - returning players have a configurable resume safety countdown
  ---
  duration_ms: 0.079149
  type: 'test'
  ...
# Subtest: v2 settings and records migrate non-destructively into Typekeeper
ok 344 - v2 settings and records migrate non-destructively into Typekeeper
  ---
  duration_ms: 1.09781
  type: 'test'
  ...
# Subtest: current Typekeeper preferences take priority over old defaults
ok 345 - current Typekeeper preferences take priority over old defaults
  ---
  duration_ms: 0.153541
  type: 'test'
  ...
# Subtest: new audio preferences persist through actual serialization
ok 346 - new audio preferences persist through actual serialization
  ---
  duration_ms: 0.753904
  type: 'test'
  ...
# Subtest: invalid imported audio gains do not reach the mixer
ok 347 - invalid imported audio gains do not reach the mixer
  ---
  duration_ms: 0.151849
  type: 'test'
  ...
# Subtest: new presentation toggles serialize without changing active game rules
ok 348 - new presentation toggles serialize without changing active game rules
  ---
  duration_ms: 0.320352
  type: 'test'
  ...
# Subtest: Typekeeper save exports identify the product and preserve schema compatibility
ok 349 - Typekeeper save exports identify the product and preserve schema compatibility
  ---
  duration_ms: 0.733783
  type: 'test'
  ...
# Subtest: migrated saves retain all earned mastery and chapter bookmarks
ok 350 - migrated saves retain all earned mastery and chapter bookmarks
  ---
  duration_ms: 2.750875
  type: 'test'
  ...
# Subtest: pile restoration agrees with the danger meter after a bookmark
ok 351 - pile restoration agrees with the danger meter after a bookmark
  ---
  duration_ms: 0.537928
  type: 'test'
  ...
# Subtest: restored pile does not retain references to imported data
ok 352 - restored pile does not retain references to imported data
  ---
  duration_ms: 0.902467
  type: 'test'
  ...
# Subtest: older checkpoints reconstruct visual papers for existing danger
ok 353 - older checkpoints reconstruct visual papers for existing danger
  ---
  duration_ms: 0.323456
  type: 'test'
  ...
# Subtest: malformed pile objects are rejected before save import
ok 354 - malformed pile objects are rejected before save import
  ---
  duration_ms: 0.211719
  type: 'test'
  ...
# Subtest: oversized or out-of-field imported piles are rejected
ok 355 - oversized or out-of-field imported piles are rejected
  ---
  duration_ms: 0.33983
  type: 'test'
  ...
# Subtest: campaign finale now uses the Typekeeper identity
ok 356 - campaign finale now uses the Typekeeper identity
  ---
  duration_ms: 0.07294
  type: 'test'
  ...
# Subtest: HTML contains no website header, footer, or edition labeling
ok 357 - HTML contains no website header, footer, or edition labeling
  ---
  duration_ms: 0.353341
  type: 'test'
  ...
# Subtest: live menu source removes prototype and defensive copy
ok 358 - live menu source removes prototype and defensive copy
  ---
  duration_ms: 0.254112
  type: 'test'
  ...
# Subtest: original score has two equal-length, original phase-aligned stems
ok 359 - original score has two equal-length, original phase-aligned stems
  ---
  duration_ms: 0.180461
  type: 'test'
  ...
# Subtest: both music exports are included locally and stay under 3 MiB each
ok 360 - both music exports are included locally and stay under 3 MiB each
  ---
  duration_ms: 0.188603
  type: 'test'
  ...
# Subtest: source soundtrack includes editable MIDI and lossless masters
ok 361 - source soundtrack includes editable MIDI and lossless masters
  ---
  duration_ms: 0.123886
  type: 'test'
  ...
# Subtest: old placeholder nocturne is not shipped as a runtime asset
ok 362 - old placeholder nocturne is not shipped as a runtime asset
  ---
  duration_ms: 0.071878
  type: 'test'
  ...
# Subtest: no font binaries or remote font dependencies are required
ok 363 - no font binaries or remote font dependencies are required
  ---
  duration_ms: 0.280882
  type: 'test'
  ...
# Subtest: Application 3.5.0 retains the 3.2.1 gameplay ruleset and resource capacity
ok 364 - Application 3.5.0 retains the 3.2.1 gameplay ruleset and resource capacity
  ---
  duration_ms: 1.283809
  type: 'test'
  ...
# Subtest: Source hashes preserve untouched 3.4 modules; changed rules/model are covered by dual-model parity tests
ok 365 - Source hashes preserve untouched 3.4 modules; changed rules/model are covered by dual-model parity tests
  ---
  duration_ms: 40.650109
  type: 'test'
  ...
# Subtest: Room state 1 follows campaign chapters 1–6
ok 366 - Room state 1 follows campaign chapters 1–6
  ---
  duration_ms: 0.346411
  type: 'test'
  ...
# Subtest: Room state 2 follows campaign chapters 7–12
ok 367 - Room state 2 follows campaign chapters 7–12
  ---
  duration_ms: 0.075033
  type: 'test'
  ...
# Subtest: Room state 3 follows campaign chapters 13–18
ok 368 - Room state 3 follows campaign chapters 13–18
  ---
  duration_ms: 0.167912
  type: 'test'
  ...
# Subtest: Room state 4 follows campaign chapters 19–24
ok 369 - Room state 4 follows campaign chapters 19–24
  ---
  duration_ms: 0.082974
  type: 'test'
  ...
# Subtest: Room state 5 follows campaign chapters 25–30
ok 370 - Room state 5 follows campaign chapters 25–30
  ---
  duration_ms: 0.10651
  type: 'test'
  ...
# Subtest: Room state 6 follows campaign chapters 31–36
ok 371 - Room state 6 follows campaign chapters 31–36
  ---
  duration_ms: 0.061082
  type: 'test'
  ...
# Subtest: Room state 7 follows campaign chapters 37–42
ok 372 - Room state 7 follows campaign chapters 37–42
  ---
  duration_ms: 0.194062
  type: 'test'
  ...
# Subtest: Room state 8 follows campaign chapters 43–48
ok 373 - Room state 8 follows campaign chapters 43–48
  ---
  duration_ms: 0.31321
  type: 'test'
  ...
# Subtest: Endless reuses the final room rather than generating unbounded stage textures
ok 374 - Endless reuses the final room rather than generating unbounded stage textures
  ---
  duration_ms: 0.131928
  type: 'test'
  ...
# Subtest: Visual prefix target is the same lowest-y, lowest-ID candidate as the model
ok 375 - Visual prefix target is the same lowest-y, lowest-ID candidate as the model
  ---
  duration_ms: 0.137056
  type: 'test'
  ...
# Subtest: Target selection never reorders the live model array
ok 376 - Target selection never reorders the live model array
  ---
  duration_ms: 0.721855
  type: 'test'
  ...
# Subtest: Words stay readable at presentation scale 0.72
ok 377 - Words stay readable at presentation scale 0.72
  ---
  duration_ms: 0.432009
  type: 'test'
  ...
# Subtest: Words stay readable at presentation scale 0.8355555556
ok 378 - Words stay readable at presentation scale 0.8355555556
  ---
  duration_ms: 0.204398
  type: 'test'
  ...
# Subtest: Words stay readable at presentation scale 1.18
ok 379 - Words stay readable at presentation scale 1.18
  ---
  duration_ms: 0.101372
  type: 'test'
  ...
# Subtest: EXTRAORDINARY remains one complete string and never splits into rows
ok 380 - EXTRAORDINARY remains one complete string and never splits into rows
  ---
  duration_ms: 0.098067
  type: 'test'
  ...
# Subtest: Physical-text material layouts leave room for all four element icons
ok 381 - Physical-text material layouts leave room for all four element icons
  ---
  duration_ms: 0.096635
  type: 'test'
  ...
# Subtest: Display-only collision resolution never changes y, speed, text or source coordinates
ok 382 - Display-only collision resolution never changes y, speed, text or source coordinates
  ---
  duration_ms: 0.290387
  type: 'test'
  ...
# Subtest: Display separation clamps complete card edges inside the playfield
ok 383 - Display separation clamps complete card edges inside the playfield
  ---
  duration_ms: 0.180371
  type: 'test'
  ...
# Subtest: Defeat ceremony lasts 1.2 presentation seconds and completes exactly once
ok 384 - Defeat ceremony lasts 1.2 presentation seconds and completes exactly once
  ---
  duration_ms: 0.233571
  type: 'test'
  ...
# Subtest: Chapter closure lasts less than a second and is independently skippable
ok 385 - Chapter closure lasts less than a second and is independently skippable
  ---
  duration_ms: 0.082494
  type: 'test'
  ...
# Subtest: Hidden-page time does not consume the ceremony
ok 386 - Hidden-page time does not consume the ceremony
  ---
  duration_ms: 0.101823
  type: 'test'
  ...
# Subtest: Canceling a ceremony prevents stale UI callbacks after retry or menu
ok 387 - Canceling a ceremony prevents stale UI callbacks after retry or menu
  ---
  duration_ms: 0.059429
  type: 'test'
  ...
# Subtest: Reduced-motion ceremonies complete immediately without simulated game time
ok 388 - Reduced-motion ceremonies complete immediately without simulated game time
  ---
  duration_ms: 0.058167
  type: 'test'
  ...
# Subtest: Long frame gaps cannot create a giant catch-up through the outcome presentation
ok 389 - Long frame gaps cannot create a giant catch-up through the outcome presentation
  ---
  duration_ms: 0.05327
  type: 'test'
  ...
# Subtest: Ceremony payload and progress never award a second model score
ok 390 - Ceremony payload and progress never award a second model score
  ---
  duration_ms: 1.070849
  type: 'test'
  ...
# Subtest: Presentation layout and effects do not change the authored 48-stage pace curve
ok 391 - Presentation layout and effects do not change the authored 48-stage pace curve
  ---
  duration_ms: 0.402825
  type: 'test'
  ...
# Subtest: chapter 1: the earlier pressure curve is pinned
ok 392 - chapter 1: the earlier pressure curve is pinned
  ---
  duration_ms: 0.934464
  type: 'test'
  ...
# Subtest: chapter 3: the earlier pressure curve is pinned
ok 393 - chapter 3: the earlier pressure curve is pinned
  ---
  duration_ms: 0.094692
  type: 'test'
  ...
# Subtest: chapter 6: the earlier pressure curve is pinned
ok 394 - chapter 6: the earlier pressure curve is pinned
  ---
  duration_ms: 0.099169
  type: 'test'
  ...
# Subtest: chapter 12: the earlier pressure curve is pinned
ok 395 - chapter 12: the earlier pressure curve is pinned
  ---
  duration_ms: 0.074422
  type: 'test'
  ...
# Subtest: chapter 24: the earlier pressure curve is pinned
ok 396 - chapter 24: the earlier pressure curve is pinned
  ---
  duration_ms: 0.150126
  type: 'test'
  ...
# Subtest: chapter 36: the earlier pressure curve is pinned
ok 397 - chapter 36: the earlier pressure curve is pinned
  ---
  duration_ms: 0.107842
  type: 'test'
  ...
# Subtest: chapter 48: the earlier pressure curve is pinned
ok 398 - chapter 48: the earlier pressure curve is pinned
  ---
  duration_ms: 0.29948
  type: 'test'
  ...
# Subtest: second chapter introduces medium words; the first chapter keeps its short onboarding words
ok 399 - second chapter introduces medium words; the first chapter keeps its short onboarding words
  ---
  duration_ms: 0.243305
  type: 'test'
  ...
# Subtest: all 48 vocabulary distributions are positive, normalized, and length-bounded
ok 400 - all 48 vocabulary distributions are positive, normalized, and length-bounded
  ---
  duration_ms: 3.901434
  type: 'test'
  ...
# Subtest: early speed changes are explicit between chapters; no within-card rubber banding
ok 401 - early speed changes are explicit between chapters; no within-card rubber banding
  ---
  duration_ms: 1.178672
  type: 'test'
  ...
# Subtest: chapter 48 into Endless does not reset difficulty downward
ok 402 - chapter 48 into Endless does not reset difficulty downward
  ---
  duration_ms: 0.157206
  type: 'test'
  ...
# Subtest: music adds no tension in calm play and builds continuously through danger
ok 403 - music adds no tension in calm play and builds continuously through danger
  ---
  duration_ms: 0.439671
  type: 'test'
  ...
# Subtest: adaptive layers can be disabled without changing the baseline scene groove
ok 404 - adaptive layers can be disabled without changing the baseline scene groove
  ---
  duration_ms: 0.562295
  type: 'test'
  ...
# Subtest: menu: high pile never leaves critical layers playing over a modal
ok 405 - menu: high pile never leaves critical layers playing over a modal
  ---
  duration_ms: 0.071988
  type: 'test'
  ...
# Subtest: pause: high pile never leaves critical layers playing over a modal
ok 406 - pause: high pile never leaves critical layers playing over a modal
  ---
  duration_ms: 0.037055
  type: 'test'
  ...
# Subtest: clear: high pile never leaves critical layers playing over a modal
ok 407 - clear: high pile never leaves critical layers playing over a modal
  ---
  duration_ms: 0.030426
  type: 'test'
  ...
# Subtest: over: high pile never leaves critical layers playing over a modal
ok 408 - over: high pile never leaves critical layers playing over a modal
  ---
  duration_ms: 0.04005
  type: 'test'
  ...
# Subtest: music rejects invalid pressure and clamps out-of-range numbers
ok 409 - music rejects invalid pressure and clamps out-of-range numbers
  ---
  duration_ms: 0.083546
  type: 'test'
  ...
# Subtest: all four stems use one exact original music-cycle duration
ok 410 - all four stems use one exact original music-cycle duration
  ---
  duration_ms: 0.054693
  type: 'test'
  ...
# Subtest: near-boundary pressure changes cannot cause abrupt target jumps
ok 411 - near-boundary pressure changes cannot cause abrupt target jumps
  ---
  duration_ms: 0.2258
  type: 'test'
  ...
# Subtest: input sparkle targets the lowest eligible prefix without auto-submitting
ok 412 - input sparkle targets the lowest eligible prefix without auto-submitting
  ---
  duration_ms: 0.272991
  type: 'test'
  ...
# Subtest: full-word ready cue is feedback only until Enter
ok 413 - full-word ready cue is feedback only until Enter
  ---
  duration_ms: 0.32571
  type: 'test'
  ...
# Subtest: wrong prefixes get no match sparkle and no extra penalty
ok 414 - wrong prefixes get no match sparkle and no extra penalty
  ---
  duration_ms: 0.187071
  type: 'test'
  ...
# Subtest: same-length replacement emits a new key event; unchanged input does not
ok 415 - same-length replacement emits a new key event; unchanged input does not
  ---
  duration_ms: 0.254002
  type: 'test'
  ...
# Subtest: backspace does not trigger a new typing-ready sound
ok 416 - backspace does not trigger a new typing-ready sound
  ---
  duration_ms: 0.175664
  type: 'test'
  ...
# Subtest: ICE and queued SLOW each emit exactly one natural ending
ok 417 - ICE and queued SLOW each emit exactly one natural ending
  ---
  duration_ms: 0.271558
  type: 'test'
  ...
# Subtest: pause suspends effect-end events and spell lifetime
ok 418 - pause suspends effect-end events and spell lifetime
  ---
  duration_ms: 0.133591
  type: 'test'
  ...
# Subtest: clearing a chapter cancels effects without false expiration cues
ok 419 - clearing a chapter cancels effects without false expiration cues
  ---
  duration_ms: 0.287492
  type: 'test'
  ...
# Subtest: score tally is monotone, bounded, and finishes at the authoritative total
ok 420 - score tally is monotone, bounded, and finishes at the authoritative total
  ---
  duration_ms: 0.329615
  type: 'test'
  ...
# Subtest: large totals finish in the same time rather than counting each point
ok 421 - large totals finish in the same time rather than counting each point
  ---
  duration_ms: 0.108874
  type: 'test'
  ...
# Subtest: slow-frame tally never schedules a backlog of ticks
ok 422 - slow-frame tally never schedules a backlog of ticks
  ---
  duration_ms: 0.083616
  type: 'test'
  ...
# Subtest: tally skip completes once; a canceled tally cannot leak a completion
ok 423 - tally skip completes once; a canceled tally cannot leak a completion
  ---
  duration_ms: 0.099038
  type: 'test'
  ...
# Subtest: reduced motion displays the final score immediately
ok 424 - reduced motion displays the final score immediately
  ---
  duration_ms: 0.070145
  type: 'test'
  ...
# Subtest: score presentation cannot mutate game totals or earn duplicate points
ok 425 - score presentation cannot mutate game totals or earn duplicate points
  ---
  duration_ms: 0.268474
  type: 'test'
  ...
# Subtest: v3.1 storage migrates into v3.2.1 without rewriting the old key
ok 426 - v3.1 storage migrates into v3.2.1 without rewriting the old key
  ---
  duration_ms: 0.761915
  type: 'test'
  ...
# Subtest: adaptive music and shimmer preferences persist without changing score rules
ok 427 - adaptive music and shimmer preferences persist without changing score rules
  ---
  duration_ms: 0.240331
  type: 'test'
  ...
# Subtest: normal: the ink, emblem and drawn hardware have separate safe regions for every authored word
ok 428 - normal: the ink, emblem and drawn hardware have separate safe regions for every authored word
  ---
  duration_ms: 15.009229
  type: 'test'
  ...
# Subtest: fire: the ink, emblem and drawn hardware have separate safe regions for every authored word
ok 429 - fire: the ink, emblem and drawn hardware have separate safe regions for every authored word
  ---
  duration_ms: 12.458946
  type: 'test'
  ...
# Subtest: ice: the ink, emblem and drawn hardware have separate safe regions for every authored word
ok 430 - ice: the ink, emblem and drawn hardware have separate safe regions for every authored word
  ---
  duration_ms: 14.196217
  type: 'test'
  ...
# Subtest: slow: the ink, emblem and drawn hardware have separate safe regions for every authored word
ok 431 - slow: the ink, emblem and drawn hardware have separate safe regions for every authored word
  ---
  duration_ms: 1.951594
  type: 'test'
  ...
# Subtest: wind: the ink, emblem and drawn hardware have separate safe regions for every authored word
ok 432 - wind: the ink, emblem and drawn hardware have separate safe regions for every authored word
  ---
  duration_ms: 4.166412
  type: 'test'
  ...
# Subtest: bonus: the ink, emblem and drawn hardware have separate safe regions for every authored word
ok 433 - bonus: the ink, emblem and drawn hardware have separate safe regions for every authored word
  ---
  duration_ms: 3.054081
  type: 'test'
  ...
# Subtest: INK: short and long scrolls fit their actual content, not the old model width
ok 434 - INK: short and long scrolls fit their actual content, not the old model width
  ---
  duration_ms: 0.817599
  type: 'test'
  ...
# Subtest: I: short and long scrolls fit their actual content, not the old model width
ok 435 - I: short and long scrolls fit their actual content, not the old model width
  ---
  duration_ms: 0.095464
  type: 'test'
  ...
# Subtest: WONDER: short and long scrolls fit their actual content, not the old model width
ok 436 - WONDER: short and long scrolls fit their actual content, not the old model width
  ---
  duration_ms: 0.324287
  type: 'test'
  ...
# Subtest: STORY: short and long scrolls fit their actual content, not the old model width
ok 437 - STORY: short and long scrolls fit their actual content, not the old model width
  ---
  duration_ms: 0.287321
  type: 'test'
  ...
# Subtest: IMAGINE: short and long scrolls fit their actual content, not the old model width
ok 438 - IMAGINE: short and long scrolls fit their actual content, not the old model width
  ---
  duration_ms: 0.181633
  type: 'test'
  ...
# Subtest: BIOLUMINESCENT: short and long scrolls fit their actual content, not the old model width
ok 439 - BIOLUMINESCENT: short and long scrolls fit their actual content, not the old model width
  ---
  duration_ms: 0.062684
  type: 'test'
  ...
# Subtest: Extreme 24-W custom cards remain single-line with a protected crest and both rollers
ok 440 - Extreme 24-W custom cards remain single-line with a protected crest and both rollers
  ---
  duration_ms: 0.135183
  type: 'test'
  ...
# Subtest: Ink overhangs are accounted for rather than relying only on advance width
ok 441 - Ink overhangs are accounted for rather than relying only on advance width
  ---
  duration_ms: 0.127902
  type: 'test'
  ...
# Subtest: Geometry remains frozen and defaults invalid dimensions safely
ok 442 - Geometry remains frozen and defaults invalid dimensions safely
  ---
  duration_ms: 0.103706
  type: 'test'
  ...
# Subtest: The ornament and tassels fit inside the pre-existing texture padding
ok 443 - The ornament and tassels fit inside the pre-existing texture padding
  ---
  duration_ms: 0.055934
  type: 'test'
  ...
# Subtest: Native WIND paths use all six cubic coordinates while FIRE/ICE/SLOW also draw without invalid parameters
ok 444 - Native WIND paths use all six cubic coordinates while FIRE/ICE/SLOW also draw without invalid parameters
  ---
  duration_ms: 2.117933
  type: 'test'
  ...
# Subtest: Reduced-motion casting emits no animated drawing calls
ok 445 - Reduced-motion casting emits no animated drawing calls
  ---
  duration_ms: 0.109354
  type: 'test'
  ...
# Subtest: Sizing repeated scrolls does not mutate game state or advance either random stream
ok 446 - Sizing repeated scrolls does not mutate game state or advance either random stream
  ---
  duration_ms: 5.886618
  type: 'test'
  ...
# Subtest: Standalone compiler includes scroll dependency before its consumers and checks the assembled script
ok 447 - Standalone compiler includes scroll dependency before its consumers and checks the assembled script
  ---
  duration_ms: 0.306271
  type: 'test'
  ...
# Subtest: Build rejects inconsistent HTML/application/package identity before exporting
ok 448 - Build rejects inconsistent HTML/application/package identity before exporting
  ---
  duration_ms: 0.14631
  type: 'test'
  ...
# Subtest: All 746 authored words × 6 materials remain complete single rows at scale 0.5
ok 449 - All 746 authored words × 6 materials remain complete single rows at scale 0.5
  ---
  duration_ms: 16.696245
  type: 'test'
  ...
# Subtest: All 746 authored words × 6 materials remain complete single rows at scale 0.65
ok 450 - All 746 authored words × 6 materials remain complete single rows at scale 0.65
  ---
  duration_ms: 5.340647
  type: 'test'
  ...
# Subtest: All 746 authored words × 6 materials remain complete single rows at scale 0.72
ok 451 - All 746 authored words × 6 materials remain complete single rows at scale 0.72
  ---
  duration_ms: 9.305957
  type: 'test'
  ...
# Subtest: All 746 authored words × 6 materials remain complete single rows at scale 0.8355555556
ok 452 - All 746 authored words × 6 materials remain complete single rows at scale 0.8355555556
  ---
  duration_ms: 10.109244
  type: 'test'
  ...
# Subtest: All 746 authored words × 6 materials remain complete single rows at scale 1
ok 453 - All 746 authored words × 6 materials remain complete single rows at scale 1
  ---
  duration_ms: 1.964502
  type: 'test'
  ...
# Subtest: All 746 authored words × 6 materials remain complete single rows at scale 1.18
ok 454 - All 746 authored words × 6 materials remain complete single rows at scale 1.18
  ---
  duration_ms: 1.858082
  type: 'test'
  ...
# Subtest: All 746 authored words × 6 materials remain complete single rows at scale 1.5
ok 455 - All 746 authored words × 6 materials remain complete single rows at scale 1.5
  ---
  duration_ms: 1.591542
  type: 'test'
  ...
# Subtest: All 746 authored words × 6 materials remain complete single rows at scale 2
ok 456 - All 746 authored words × 6 materials remain complete single rows at scale 2
  ---
  duration_ms: 1.877832
  type: 'test'
  ...
# Subtest: 24 widest glyphs fit card bounds instead of wrapping or clipping
ok 457 - 24 widest glyphs fit card bounds instead of wrapping or clipping
  ---
  duration_ms: 0.484138
  type: 'test'
  ...
# Subtest: Renderer ignores an obsolete two-line layout and paints only the complete canonical word
ok 458 - Renderer ignores an obsolete two-line layout and paints only the complete canonical word
  ---
  duration_ms: 0.62539
  type: 'test'
  ...
# Subtest: New runs use non-repeating consecutive entropy seeds, including same-tick fallback
ok 459 - New runs use non-repeating consecutive entropy seeds, including same-tick fallback
  ---
  duration_ms: 3.69919
  type: 'test'
  ...
# Subtest: 100 default new runs do not reuse one seed or the INK/TALE/BOOK/PAGE opening
ok 460 - 100 default new runs do not reuse one seed or the INK/TALE/BOOK/PAGE opening
  ---
  duration_ms: 29.751517
  type: 'test'
  ...
# Subtest: 200 explicit run seeds produce 200 different twelve-word openings
ok 461 - 200 explicit run seeds produce 200 different twelve-word openings
  ---
  duration_ms: 68.650123
  type: 'test'
  ...
# Subtest: Chapter 1: random words use authored pools, no active duplicate or recent repeat
ok 462 - Chapter 1: random words use authored pools, no active duplicate or recent repeat
  ---
  duration_ms: 6.558608
  type: 'test'
  ...
# Subtest: Chapter 2: random words use authored pools, no active duplicate or recent repeat
ok 463 - Chapter 2: random words use authored pools, no active duplicate or recent repeat
  ---
  duration_ms: 5.421789
  type: 'test'
  ...
# Subtest: Chapter 6: random words use authored pools, no active duplicate or recent repeat
ok 464 - Chapter 6: random words use authored pools, no active duplicate or recent repeat
  ---
  duration_ms: 4.227334
  type: 'test'
  ...
# Subtest: Chapter 12: random words use authored pools, no active duplicate or recent repeat
ok 465 - Chapter 12: random words use authored pools, no active duplicate or recent repeat
  ---
  duration_ms: 3.714313
  type: 'test'
  ...
# Subtest: Chapter 24: random words use authored pools, no active duplicate or recent repeat
ok 466 - Chapter 24: random words use authored pools, no active duplicate or recent repeat
  ---
  duration_ms: 2.971586
  type: 'test'
  ...
# Subtest: Chapter 36: random words use authored pools, no active duplicate or recent repeat
ok 467 - Chapter 36: random words use authored pools, no active duplicate or recent repeat
  ---
  duration_ms: 2.936173
  type: 'test'
  ...
# Subtest: Chapter 48: random words use authored pools, no active duplicate or recent repeat
ok 468 - Chapter 48: random words use authored pools, no active duplicate or recent repeat
  ---
  duration_ms: 3.06086
  type: 'test'
  ...
# Subtest: Chapter 49: random words use authored pools, no active duplicate or recent repeat
ok 469 - Chapter 49: random words use authored pools, no active duplicate or recent repeat
  ---
  duration_ms: 3.049384
  type: 'test'
  ...
# Subtest: Chapter 200: random words use authored pools, no active duplicate or recent repeat
ok 470 - Chapter 200: random words use authored pools, no active duplicate or recent repeat
  ---
  duration_ms: 2.828672
  type: 'test'
  ...
# Subtest: Fixed seed plus word seed still reproduces the complete word and item sequence
ok 471 - Fixed seed plus word seed still reproduces the complete word and item sequence
  ---
  duration_ms: 4.139162
  type: 'test'
  ...
# Subtest: relaxed: retry draws new words but restores score, danger, books, pacing and item schedule
ok 472 - relaxed: retry draws new words but restores score, danger, books, pacing and item schedule
  ---
  duration_ms: 2.356672
  type: 'test'
  ...
# Subtest: classic: retry draws new words but restores score, danger, books, pacing and item schedule
ok 473 - classic: retry draws new words but restores score, danger, books, pacing and item schedule
  ---
  duration_ms: 0.96492
  type: 'test'
  ...
# Subtest: maniac: retry draws new words but restores score, danger, books, pacing and item schedule
ok 474 - maniac: retry draws new words but restores score, danger, books, pacing and item schedule
  ---
  duration_ms: 0.921755
  type: 'test'
  ...
# Subtest: Repeated retries cannot accumulate failed-attempt earnings
ok 475 - Repeated retries cannot accumulate failed-attempt earnings
  ---
  duration_ms: 1.817202
  type: 'test'
  ...
# Subtest: Continue restores the same vocabulary attempt, including a saved retry
ok 476 - Continue restores the same vocabulary attempt, including a saved retry
  ---
  duration_ms: 2.033737
  type: 'test'
  ...
# Subtest: Export/import preserves randomized vocabulary provenance without changing balance version
ok 477 - Export/import preserves randomized vocabulary provenance without changing balance version
  ---
  duration_ms: 1.047875
  type: 'test'
  ...
# Subtest: Older bookmarks without vocabulary metadata retain legacy opener on Continue, but Retry randomizes
ok 478 - Older bookmarks without vocabulary metadata retain legacy opener on Continue, but Retry randomizes
  ---
  duration_ms: 1.982129
  type: 'test'
  ...
# Subtest: Malformed vocabulary bookmark metadata is rejected
ok 479 - Malformed vocabulary bookmark metadata is rejected
  ---
  duration_ms: 0.230877
  type: 'test'
  ...
# Subtest: Renderer/readability calculations never advance the word RNG or change the model
ok 480 - Renderer/readability calculations never advance the word RNG or change the model
  ---
  duration_ms: 6.615012
  type: 'test'
  ...
# Subtest: Word randomness cannot inject stock, shorten spell durations, or alter the sparse tutorial
ok 481 - Word randomness cannot inject stock, shorten spell durations, or alter the sparse tutorial
  ---
  duration_ms: 35.83451
  type: 'test'
  ...
# Subtest: campaign has 48 unique named stages across eight six-stage wings
ok 482 - campaign has 48 unique named stages across eight six-stage wings
  ---
  duration_ms: 2.279055
  type: 'test'
  ...
# Subtest: eight trials occur at the end of each wing
ok 483 - eight trials occur at the end of each wing
  ---
  duration_ms: 0.626031
  type: 'test'
  ...
# Subtest: all 48 stages have smooth rising speed and falling arrival interval
ok 484 - all 48 stages have smooth rising speed and falling arrival interval
  ---
  duration_ms: 0.607683
  type: 'test'
  ...
# Subtest: endless mode is named and has bounded speed and spawn intervals
ok 485 - endless mode is named and has bounded speed and spawn intervals
  ---
  duration_ms: 0.148333
  type: 'test'
  ...
# Subtest: every numbered hotkey and numpad key maps to its spell
ok 486 - every numbered hotkey and numpad key maps to its spell
  ---
  duration_ms: 0.221112
  type: 'test'
  ...
# Subtest: hotkeys ignore modifiers, key repeat, IME and ordinary typing
ok 487 - hotkeys ignore modifiers, key repeat, IME and ordinary typing
  ---
  duration_ms: 0.128523
  type: 'test'
  ...
# Subtest: quick cast preserves the typed buffer and records input provenance
ok 488 - quick cast preserves the typed buffer and records input provenance
  ---
  duration_ms: 0.988295
  type: 'test'
  ...
# Subtest: quick FIRE is unambiguous even with a falling FIRE word
ok 489 - quick FIRE is unambiguous even with a falling FIRE word
  ---
  duration_ms: 0.26579
  type: 'test'
  ...
# Subtest: empty FIRE does not waste inventory
ok 490 - empty FIRE does not waste inventory
  ---
  duration_ms: 0.364317
  type: 'test'
  ...
# Subtest: empty WIND does not waste inventory
ok 491 - empty WIND does not waste inventory
  ---
  duration_ms: 0.357848
  type: 'test'
  ...
# Subtest: active SLOW cannot waste a second book
ok 492 - active SLOW cannot waste a second book
  ---
  duration_ms: 1.751492
  type: 'test'
  ...
# Subtest: SLOW creates breathing room in spawn countdown as well as motion
ok 493 - SLOW creates breathing room in spawn countdown as well as motion
  ---
  duration_ms: 0.23299
  type: 'test'
  ...
# Subtest: casting after ICE expires consumes the next book once
ok 494 - casting after ICE expires consumes the next book once
  ---
  duration_ms: 0.367092
  type: 'test'
  ...
# Subtest: anti-doublecast cooldown applies per power without blocking combinations
ok 495 - anti-doublecast cooldown applies per power without blocking combinations
  ---
  duration_ms: 0.299721
  type: 'test'
  ...
# Subtest: pressure state thresholds include every exact boundary
ok 496 - pressure state thresholds include every exact boundary
  ---
  duration_ms: 0.094271
  type: 'test'
  ...
# Subtest: defeat and celebration override the normal pressure expression
ok 497 - defeat and celebration override the normal pressure expression
  ---
  duration_ms: 0.057306
  type: 'test'
  ...
# Subtest: WIND immediately restores the calm gameplay state
ok 498 - WIND immediately restores the calm gameplay state
  ---
  duration_ms: 0.105749
  type: 'test'
  ...
# Subtest: pressure events fire on transitions rather than every frame
ok 499 - pressure events fire on transitions rather than every frame
  ---
  duration_ms: 0.130416
  type: 'test'
  ...
# Subtest: mastery stars use documented gold, silver and bronze thresholds
ok 500 - mastery stars use documented gold, silver and bronze thresholds
  ---
  duration_ms: 0.090346
  type: 'test'
  ...
# Subtest: stage summaries use stage-local WPM and accuracy
ok 501 - stage summaries use stage-local WPM and accuracy
  ---
  duration_ms: 1.142187
  type: 'test'
  ...
# Subtest: a full campaign advances through all 48 stages without stale phase or progress
ok 502 - a full campaign advances through all 48 stages without stale phase or progress
  ---
  duration_ms: 6.714482
  type: 'test'
  ...
# Subtest: checkpoint restores score, books, danger and completed stages at the next boundary
ok 503 - checkpoint restores score, books, danger and completed stages at the next boundary
  ---
  duration_ms: 0.703457
  type: 'test'
  ...
# Subtest: checkpoint is validated before being saved
ok 504 - checkpoint is validated before being saved
  ---
  duration_ms: 0.731649
  type: 'test'
  ...
# Subtest: checkpoint survives actual store serialization and clear is persistent
ok 505 - checkpoint survives actual store serialization and clear is persistent
  ---
  duration_ms: 0.855025
  type: 'test'
  ...
# Subtest: mastery keeps the best grade and paces stay independent
ok 506 - mastery keeps the best grade and paces stay independent
  ---
  duration_ms: 0.238799
  type: 'test'
  ...
# Subtest: practice can improve an earned grade but cannot create expedition progress
ok 507 - practice can improve an earned grade but cannot create expedition progress
  ---
  duration_ms: 0.147181
  type: 'test'
  ...
# Subtest: save export/import merges rather than duplicates records
ok 508 - save export/import merges rather than duplicates records
  ---
  duration_ms: 0.877869
  type: 'test'
  ...
# Subtest: current, practice and legacy records are not mixed in best score
ok 509 - current, practice and legacy records are not mixed in best score
  ---
  duration_ms: 0.29245
  type: 'test'
  ...
# Subtest: record time windows use date cutoffs and actual records
ok 510 - record time windows use date cutoffs and actual records
  ---
  duration_ms: 0.148894
  type: 'test'
  ...
# Subtest: legacy migration tolerates null and malformed rows and tags valid V1 scores
ok 511 - legacy migration tolerates null and malformed rows and tags valid V1 scores
  ---
  duration_ms: 0.237397
  type: 'test'
  ...
# Subtest: wide words allocate glyph-aware card widths
ok 512 - wide words allocate glyph-aware card widths
  ---
  duration_ms: 0.087822
  type: 'test'
  ...
# Subtest: spawned long cards remain wholly within the game field
ok 513 - spawned long cards remain wholly within the game field
  ---
  duration_ms: 4.51071
  type: 'test'
  ...
# Subtest: pause freezes cooldowns and resume does not erase partial input
ok 514 - pause freezes cooldowns and resume does not erase partial input
  ---
  duration_ms: 0.743948
  type: 'test'
  ...
# Subtest: checkpoint cannot be imported into a different pace slot
ok 515 - checkpoint cannot be imported into a different pace slot
  ---
  duration_ms: 0.223055
  type: 'test'
  ...
1..515
# tests 515
# suites 0
# pass 515
# fail 0
# cancelled 0
# skipped 0
# todo 0
# duration_ms 1178.204635
