
> typekeeper-enchanted-library@3.6.0 test
> node --test

TAP version 13
# Subtest: Differential-test reference hashes match the immutable user-uploaded 3.4.0 source
ok 1 - Differential-test reference hashes match the immutable user-uploaded 3.4.0 source
  ---
  duration_ms: 2.591187
  type: 'test'
  ...
# Subtest: All authored rules, pace curves, power metadata and 1..100 chapter configurations match 3.4
ok 2 - All authored rules, pace curves, power metadata and 1..100 chapter configurations match 3.4
  ---
  duration_ms: 2.868637
  type: 'test'
  ...
# Subtest: 3.4 → 3.5 authoritative parity: chapter 1, all three paces, identical genuine spawns/actions
ok 3 - 3.4 → 3.5 authoritative parity: chapter 1, all three paces, identical genuine spawns/actions
  ---
  duration_ms: 32.547402
  type: 'test'
  ...
# Subtest: 3.4 → 3.5 authoritative parity: chapter 2, all three paces, identical genuine spawns/actions
ok 4 - 3.4 → 3.5 authoritative parity: chapter 2, all three paces, identical genuine spawns/actions
  ---
  duration_ms: 22.23457
  type: 'test'
  ...
# Subtest: 3.4 → 3.5 authoritative parity: chapter 3, all three paces, identical genuine spawns/actions
ok 5 - 3.4 → 3.5 authoritative parity: chapter 3, all three paces, identical genuine spawns/actions
  ---
  duration_ms: 33.341935
  type: 'test'
  ...
# Subtest: 3.4 → 3.5 authoritative parity: chapter 4, all three paces, identical genuine spawns/actions
ok 6 - 3.4 → 3.5 authoritative parity: chapter 4, all three paces, identical genuine spawns/actions
  ---
  duration_ms: 26.959218
  type: 'test'
  ...
# Subtest: 3.4 → 3.5 authoritative parity: chapter 5, all three paces, identical genuine spawns/actions
ok 7 - 3.4 → 3.5 authoritative parity: chapter 5, all three paces, identical genuine spawns/actions
  ---
  duration_ms: 22.284374
  type: 'test'
  ...
# Subtest: 3.4 → 3.5 authoritative parity: chapter 6, all three paces, identical genuine spawns/actions
ok 8 - 3.4 → 3.5 authoritative parity: chapter 6, all three paces, identical genuine spawns/actions
  ---
  duration_ms: 34.759559
  type: 'test'
  ...
# Subtest: 3.4 → 3.5 authoritative parity: chapter 7, all three paces, identical genuine spawns/actions
ok 9 - 3.4 → 3.5 authoritative parity: chapter 7, all three paces, identical genuine spawns/actions
  ---
  duration_ms: 16.913772
  type: 'test'
  ...
# Subtest: 3.4 → 3.5 authoritative parity: chapter 8, all three paces, identical genuine spawns/actions
ok 10 - 3.4 → 3.5 authoritative parity: chapter 8, all three paces, identical genuine spawns/actions
  ---
  duration_ms: 16.673377
  type: 'test'
  ...
# Subtest: 3.4 → 3.5 authoritative parity: chapter 9, all three paces, identical genuine spawns/actions
ok 11 - 3.4 → 3.5 authoritative parity: chapter 9, all three paces, identical genuine spawns/actions
  ---
  duration_ms: 18.966063
  type: 'test'
  ...
# Subtest: 3.4 → 3.5 authoritative parity: chapter 10, all three paces, identical genuine spawns/actions
ok 12 - 3.4 → 3.5 authoritative parity: chapter 10, all three paces, identical genuine spawns/actions
  ---
  duration_ms: 17.598713
  type: 'test'
  ...
# Subtest: 3.4 → 3.5 authoritative parity: chapter 11, all three paces, identical genuine spawns/actions
ok 13 - 3.4 → 3.5 authoritative parity: chapter 11, all three paces, identical genuine spawns/actions
  ---
  duration_ms: 22.455587
  type: 'test'
  ...
# Subtest: 3.4 → 3.5 authoritative parity: chapter 12, all three paces, identical genuine spawns/actions
ok 14 - 3.4 → 3.5 authoritative parity: chapter 12, all three paces, identical genuine spawns/actions
  ---
  duration_ms: 34.156829
  type: 'test'
  ...
# Subtest: 3.4 → 3.5 authoritative parity: chapter 13, all three paces, identical genuine spawns/actions
ok 15 - 3.4 → 3.5 authoritative parity: chapter 13, all three paces, identical genuine spawns/actions
  ---
  duration_ms: 20.080454
  type: 'test'
  ...
# Subtest: 3.4 → 3.5 authoritative parity: chapter 14, all three paces, identical genuine spawns/actions
ok 16 - 3.4 → 3.5 authoritative parity: chapter 14, all three paces, identical genuine spawns/actions
  ---
  duration_ms: 9.491158
  type: 'test'
  ...
# Subtest: 3.4 → 3.5 authoritative parity: chapter 15, all three paces, identical genuine spawns/actions
ok 17 - 3.4 → 3.5 authoritative parity: chapter 15, all three paces, identical genuine spawns/actions
  ---
  duration_ms: 14.122029
  type: 'test'
  ...
# Subtest: 3.4 → 3.5 authoritative parity: chapter 16, all three paces, identical genuine spawns/actions
ok 18 - 3.4 → 3.5 authoritative parity: chapter 16, all three paces, identical genuine spawns/actions
  ---
  duration_ms: 12.31565
  type: 'test'
  ...
# Subtest: 3.4 → 3.5 authoritative parity: chapter 17, all three paces, identical genuine spawns/actions
ok 19 - 3.4 → 3.5 authoritative parity: chapter 17, all three paces, identical genuine spawns/actions
  ---
  duration_ms: 12.601942
  type: 'test'
  ...
# Subtest: 3.4 → 3.5 authoritative parity: chapter 18, all three paces, identical genuine spawns/actions
ok 20 - 3.4 → 3.5 authoritative parity: chapter 18, all three paces, identical genuine spawns/actions
  ---
  duration_ms: 12.954113
  type: 'test'
  ...
# Subtest: 3.4 → 3.5 authoritative parity: chapter 19, all three paces, identical genuine spawns/actions
ok 21 - 3.4 → 3.5 authoritative parity: chapter 19, all three paces, identical genuine spawns/actions
  ---
  duration_ms: 9.907533
  type: 'test'
  ...
# Subtest: 3.4 → 3.5 authoritative parity: chapter 20, all three paces, identical genuine spawns/actions
ok 22 - 3.4 → 3.5 authoritative parity: chapter 20, all three paces, identical genuine spawns/actions
  ---
  duration_ms: 13.611624
  type: 'test'
  ...
# Subtest: 3.4 → 3.5 authoritative parity: chapter 21, all three paces, identical genuine spawns/actions
ok 23 - 3.4 → 3.5 authoritative parity: chapter 21, all three paces, identical genuine spawns/actions
  ---
  duration_ms: 14.765038
  type: 'test'
  ...
# Subtest: 3.4 → 3.5 authoritative parity: chapter 22, all three paces, identical genuine spawns/actions
ok 24 - 3.4 → 3.5 authoritative parity: chapter 22, all three paces, identical genuine spawns/actions
  ---
  duration_ms: 16.761786
  type: 'test'
  ...
# Subtest: 3.4 → 3.5 authoritative parity: chapter 23, all three paces, identical genuine spawns/actions
ok 25 - 3.4 → 3.5 authoritative parity: chapter 23, all three paces, identical genuine spawns/actions
  ---
  duration_ms: 13.52057
  type: 'test'
  ...
# Subtest: 3.4 → 3.5 authoritative parity: chapter 24, all three paces, identical genuine spawns/actions
ok 26 - 3.4 → 3.5 authoritative parity: chapter 24, all three paces, identical genuine spawns/actions
  ---
  duration_ms: 14.294893
  type: 'test'
  ...
# Subtest: 3.4 → 3.5 authoritative parity: chapter 25, all three paces, identical genuine spawns/actions
ok 27 - 3.4 → 3.5 authoritative parity: chapter 25, all three paces, identical genuine spawns/actions
  ---
  duration_ms: 13.005208
  type: 'test'
  ...
# Subtest: 3.4 → 3.5 authoritative parity: chapter 26, all three paces, identical genuine spawns/actions
ok 28 - 3.4 → 3.5 authoritative parity: chapter 26, all three paces, identical genuine spawns/actions
  ---
  duration_ms: 12.620511
  type: 'test'
  ...
# Subtest: 3.4 → 3.5 authoritative parity: chapter 27, all three paces, identical genuine spawns/actions
ok 29 - 3.4 → 3.5 authoritative parity: chapter 27, all three paces, identical genuine spawns/actions
  ---
  duration_ms: 12.996366
  type: 'test'
  ...
# Subtest: 3.4 → 3.5 authoritative parity: chapter 28, all three paces, identical genuine spawns/actions
ok 30 - 3.4 → 3.5 authoritative parity: chapter 28, all three paces, identical genuine spawns/actions
  ---
  duration_ms: 12.723422
  type: 'test'
  ...
# Subtest: 3.4 → 3.5 authoritative parity: chapter 29, all three paces, identical genuine spawns/actions
ok 31 - 3.4 → 3.5 authoritative parity: chapter 29, all three paces, identical genuine spawns/actions
  ---
  duration_ms: 12.923257
  type: 'test'
  ...
# Subtest: 3.4 → 3.5 authoritative parity: chapter 30, all three paces, identical genuine spawns/actions
ok 32 - 3.4 → 3.5 authoritative parity: chapter 30, all three paces, identical genuine spawns/actions
  ---
  duration_ms: 13.287475
  type: 'test'
  ...
# Subtest: 3.4 → 3.5 authoritative parity: chapter 31, all three paces, identical genuine spawns/actions
ok 33 - 3.4 → 3.5 authoritative parity: chapter 31, all three paces, identical genuine spawns/actions
  ---
  duration_ms: 13.410543
  type: 'test'
  ...
# Subtest: 3.4 → 3.5 authoritative parity: chapter 32, all three paces, identical genuine spawns/actions
ok 34 - 3.4 → 3.5 authoritative parity: chapter 32, all three paces, identical genuine spawns/actions
  ---
  duration_ms: 13.963844
  type: 'test'
  ...
# Subtest: 3.4 → 3.5 authoritative parity: chapter 33, all three paces, identical genuine spawns/actions
ok 35 - 3.4 → 3.5 authoritative parity: chapter 33, all three paces, identical genuine spawns/actions
  ---
  duration_ms: 14.844675
  type: 'test'
  ...
# Subtest: 3.4 → 3.5 authoritative parity: chapter 34, all three paces, identical genuine spawns/actions
ok 36 - 3.4 → 3.5 authoritative parity: chapter 34, all three paces, identical genuine spawns/actions
  ---
  duration_ms: 14.869813
  type: 'test'
  ...
# Subtest: 3.4 → 3.5 authoritative parity: chapter 35, all three paces, identical genuine spawns/actions
ok 37 - 3.4 → 3.5 authoritative parity: chapter 35, all three paces, identical genuine spawns/actions
  ---
  duration_ms: 14.426027
  type: 'test'
  ...
# Subtest: 3.4 → 3.5 authoritative parity: chapter 36, all three paces, identical genuine spawns/actions
ok 38 - 3.4 → 3.5 authoritative parity: chapter 36, all three paces, identical genuine spawns/actions
  ---
  duration_ms: 13.390037
  type: 'test'
  ...
# Subtest: 3.4 → 3.5 authoritative parity: chapter 37, all three paces, identical genuine spawns/actions
ok 39 - 3.4 → 3.5 authoritative parity: chapter 37, all three paces, identical genuine spawns/actions
  ---
  duration_ms: 14.402582
  type: 'test'
  ...
# Subtest: 3.4 → 3.5 authoritative parity: chapter 38, all three paces, identical genuine spawns/actions
ok 40 - 3.4 → 3.5 authoritative parity: chapter 38, all three paces, identical genuine spawns/actions
  ---
  duration_ms: 17.243919
  type: 'test'
  ...
# Subtest: 3.4 → 3.5 authoritative parity: chapter 39, all three paces, identical genuine spawns/actions
ok 41 - 3.4 → 3.5 authoritative parity: chapter 39, all three paces, identical genuine spawns/actions
  ---
  duration_ms: 18.299188
  type: 'test'
  ...
# Subtest: 3.4 → 3.5 authoritative parity: chapter 40, all three paces, identical genuine spawns/actions
ok 42 - 3.4 → 3.5 authoritative parity: chapter 40, all three paces, identical genuine spawns/actions
  ---
  duration_ms: 25.484321
  type: 'test'
  ...
# Subtest: 3.4 → 3.5 authoritative parity: chapter 41, all three paces, identical genuine spawns/actions
ok 43 - 3.4 → 3.5 authoritative parity: chapter 41, all three paces, identical genuine spawns/actions
  ---
  duration_ms: 13.89329
  type: 'test'
  ...
# Subtest: 3.4 → 3.5 authoritative parity: chapter 42, all three paces, identical genuine spawns/actions
ok 44 - 3.4 → 3.5 authoritative parity: chapter 42, all three paces, identical genuine spawns/actions
  ---
  duration_ms: 13.447522
  type: 'test'
  ...
# Subtest: 3.4 → 3.5 authoritative parity: chapter 43, all three paces, identical genuine spawns/actions
ok 45 - 3.4 → 3.5 authoritative parity: chapter 43, all three paces, identical genuine spawns/actions
  ---
  duration_ms: 14.334292
  type: 'test'
  ...
# Subtest: 3.4 → 3.5 authoritative parity: chapter 44, all three paces, identical genuine spawns/actions
ok 46 - 3.4 → 3.5 authoritative parity: chapter 44, all three paces, identical genuine spawns/actions
  ---
  duration_ms: 14.257588
  type: 'test'
  ...
# Subtest: 3.4 → 3.5 authoritative parity: chapter 45, all three paces, identical genuine spawns/actions
ok 47 - 3.4 → 3.5 authoritative parity: chapter 45, all three paces, identical genuine spawns/actions
  ---
  duration_ms: 13.624213
  type: 'test'
  ...
# Subtest: 3.4 → 3.5 authoritative parity: chapter 46, all three paces, identical genuine spawns/actions
ok 48 - 3.4 → 3.5 authoritative parity: chapter 46, all three paces, identical genuine spawns/actions
  ---
  duration_ms: 16.467152
  type: 'test'
  ...
# Subtest: 3.4 → 3.5 authoritative parity: chapter 47, all three paces, identical genuine spawns/actions
ok 49 - 3.4 → 3.5 authoritative parity: chapter 47, all three paces, identical genuine spawns/actions
  ---
  duration_ms: 14.981777
  type: 'test'
  ...
# Subtest: 3.4 → 3.5 authoritative parity: chapter 48, all three paces, identical genuine spawns/actions
ok 50 - 3.4 → 3.5 authoritative parity: chapter 48, all three paces, identical genuine spawns/actions
  ---
  duration_ms: 13.765211
  type: 'test'
  ...
# Subtest: Miss, late-submit, compound FIRE/ICE/SLOW/WIND, and restoration retain exact 3.4 authority
ok 51 - Miss, late-submit, compound FIRE/ICE/SLOW/WIND, and restoration retain exact 3.4 authority
  ---
  duration_ms: 3.10805
  type: 'test'
  ...
# Subtest: 3.5.1 identifies the folio/caption build while retaining 3.2.1 balance
ok 52 - 3.5.1 identifies the folio/caption build while retaining 3.2.1 balance
  ---
  duration_ms: 1.403603
  type: 'test'
  ...
# Subtest: normal: immutable local folio material contains complete valid color roles
ok 53 - normal: immutable local folio material contains complete valid color roles
  ---
  duration_ms: 0.327684
  type: 'test'
  ...
# Subtest: fire: immutable local folio material contains complete valid color roles
ok 54 - fire: immutable local folio material contains complete valid color roles
  ---
  duration_ms: 0.118054
  type: 'test'
  ...
# Subtest: ice: immutable local folio material contains complete valid color roles
ok 55 - ice: immutable local folio material contains complete valid color roles
  ---
  duration_ms: 0.065737
  type: 'test'
  ...
# Subtest: slow: immutable local folio material contains complete valid color roles
ok 56 - slow: immutable local folio material contains complete valid color roles
  ---
  duration_ms: 0.119226
  type: 'test'
  ...
# Subtest: wind: immutable local folio material contains complete valid color roles
ok 57 - wind: immutable local folio material contains complete valid color roles
  ---
  duration_ms: 0.055512
  type: 'test'
  ...
# Subtest: bonus: immutable local folio material contains complete valid color roles
ok 58 - bonus: immutable local folio material contains complete valid color roles
  ---
  duration_ms: 0.136642
  type: 'test'
  ...
# Subtest: Unknown material has a safe normal-page fallback
ok 59 - Unknown material has a safe normal-page fallback
  ---
  duration_ms: 0.099697
  type: 'test'
  ...
# Subtest: Folio width 112: decoration stays outside the central ink lane
ok 60 - Folio width 112: decoration stays outside the central ink lane
  ---
  duration_ms: 0.309727
  type: 'test'
  ...
# Subtest: Folio width 160: decoration stays outside the central ink lane
ok 61 - Folio width 160: decoration stays outside the central ink lane
  ---
  duration_ms: 0.240986
  type: 'test'
  ...
# Subtest: Folio width 240: decoration stays outside the central ink lane
ok 62 - Folio width 240: decoration stays outside the central ink lane
  ---
  duration_ms: 0.102752
  type: 'test'
  ...
# Subtest: Folio width 410: decoration stays outside the central ink lane
ok 63 - Folio width 410: decoration stays outside the central ink lane
  ---
  duration_ms: 0.048051
  type: 'test'
  ...
# Subtest: Folio width 520: decoration stays outside the central ink lane
ok 64 - Folio width 520: decoration stays outside the central ink lane
  ---
  duration_ms: 0.037005
  type: 'test'
  ...
# Subtest: Folio width 620: decoration stays outside the central ink lane
ok 65 - Folio width 620: decoration stays outside the central ink lane
  ---
  duration_ms: 0.034121
  type: 'test'
  ...
# Subtest: Folio width 708: decoration stays outside the central ink lane
ok 66 - Folio width 708: decoration stays outside the central ink lane
  ---
  duration_ms: 0.060429
  type: 'test'
  ...
# Subtest: Folio metrics bound malformed inputs without nonfinite texture sizes
ok 67 - Folio metrics bound malformed inputs without nonfinite texture sizes
  ---
  duration_ms: 0.143582
  type: 'test'
  ...
# Subtest: All six book styles remain different without relying on new labels or fonts
ok 68 - All six book styles remain different without relying on new labels or fonts
  ---
  duration_ms: 0.077685
  type: 'test'
  ...
# Subtest: Single-baseline text block still draws only full canonical strings; crest uses shared scroll coordinates
ok 69 - Single-baseline text block still draws only full canonical strings; crest uses shared scroll coordinates
  ---
  duration_ms: 0.39298
  type: 'test'
  ...
# Subtest: Book art does not change single-line layout width, height, or full-word content
ok 70 - Book art does not change single-line layout width, height, or full-word content
  ---
  duration_ms: 0.663189
  type: 'test'
  ...
# Subtest: 3.5: all out-of-scope 3.4 runtime sources and existing art/audio assets remain byte-identical
ok 71 - 3.5: all out-of-scope 3.4 runtime sources and existing art/audio assets remain byte-identical
  ---
  duration_ms: 34.56361
  type: 'test'
  ...
# Subtest: Chapter 1: First Light has its own named, title-aligned cosmetic profile
ok 72 - Chapter 1: First Light has its own named, title-aligned cosmetic profile
  ---
  duration_ms: 3.224533
  type: 'test'
  ...
# Subtest: Chapter 2: Ink & Paper has its own named, title-aligned cosmetic profile
ok 73 - Chapter 2: Ink & Paper has its own named, title-aligned cosmetic profile
  ---
  duration_ms: 0.376376
  type: 'test'
  ...
# Subtest: Chapter 3: A Quiet Rhythm has its own named, title-aligned cosmetic profile
ok 74 - Chapter 3: A Quiet Rhythm has its own named, title-aligned cosmetic profile
  ---
  duration_ms: 0.280644
  type: 'test'
  ...
# Subtest: Chapter 4: The First Spark has its own named, title-aligned cosmetic profile
ok 75 - Chapter 4: The First Spark has its own named, title-aligned cosmetic profile
  ---
  duration_ms: 0.743358
  type: 'test'
  ...
# Subtest: Chapter 5: Between the Lines has its own named, title-aligned cosmetic profile
ok 76 - Chapter 5: Between the Lines has its own named, title-aligned cosmetic profile
  ---
  duration_ms: 0.302427
  type: 'test'
  ...
# Subtest: Chapter 6: The Opening Bell has its own named, title-aligned cosmetic profile
ok 77 - Chapter 6: The Opening Bell has its own named, title-aligned cosmetic profile
  ---
  duration_ms: 0.408003
  type: 'test'
  ...
# Subtest: Chapter 7: Emerald Leaves has its own named, title-aligned cosmetic profile
ok 78 - Chapter 7: Emerald Leaves has its own named, title-aligned cosmetic profile
  ---
  duration_ms: 0.387803
  type: 'test'
  ...
# Subtest: Chapter 8: A Growing Tale has its own named, title-aligned cosmetic profile
ok 79 - Chapter 8: A Growing Tale has its own named, title-aligned cosmetic profile
  ---
  duration_ms: 0.27094
  type: 'test'
  ...
# Subtest: Chapter 9: Branches of Thought has its own named, title-aligned cosmetic profile
ok 80 - Chapter 9: Branches of Thought has its own named, title-aligned cosmetic profile
  ---
  duration_ms: 0.543993
  type: 'test'
  ...
# Subtest: Chapter 10: Rain on Glass has its own named, title-aligned cosmetic profile
ok 81 - Chapter 10: Rain on Glass has its own named, title-aligned cosmetic profile
  ---
  duration_ms: 0.507149
  type: 'test'
  ...
# Subtest: Chapter 11: Hidden Blossoms has its own named, title-aligned cosmetic profile
ok 82 - Chapter 11: Hidden Blossoms has its own named, title-aligned cosmetic profile
  ---
  duration_ms: 1.079594
  type: 'test'
  ...
# Subtest: Chapter 12: The Garden Gate has its own named, title-aligned cosmetic profile
ok 83 - Chapter 12: The Garden Gate has its own named, title-aligned cosmetic profile
  ---
  duration_ms: 0.16943
  type: 'test'
  ...
# Subtest: Chapter 13: Golden Gears has its own named, title-aligned cosmetic profile
ok 84 - Chapter 13: Golden Gears has its own named, title-aligned cosmetic profile
  ---
  duration_ms: 0.414032
  type: 'test'
  ...
# Subtest: Chapter 14: A Measured Beat has its own named, title-aligned cosmetic profile
ok 85 - Chapter 14: A Measured Beat has its own named, title-aligned cosmetic profile
  ---
  duration_ms: 0.199575
  type: 'test'
  ...
# Subtest: Chapter 15: Pendulum Pages has its own named, title-aligned cosmetic profile
ok 86 - Chapter 15: Pendulum Pages has its own named, title-aligned cosmetic profile
  ---
  duration_ms: 0.231011
  type: 'test'
  ...
# Subtest: Chapter 16: Stolen Seconds has its own named, title-aligned cosmetic profile
ok 87 - Chapter 16: Stolen Seconds has its own named, title-aligned cosmetic profile
  ---
  duration_ms: 0.2098
  type: 'test'
  ...
# Subtest: Chapter 17: The Eleventh Hour has its own named, title-aligned cosmetic profile
ok 88 - Chapter 17: The Eleventh Hour has its own named, title-aligned cosmetic profile
  ---
  duration_ms: 0.208748
  type: 'test'
  ...
# Subtest: Chapter 18: The Clock Strikes has its own named, title-aligned cosmetic profile
ok 89 - Chapter 18: The Clock Strikes has its own named, title-aligned cosmetic profile
  ---
  duration_ms: 0.217802
  type: 'test'
  ...
# Subtest: Chapter 19: Silver Breath has its own named, title-aligned cosmetic profile
ok 90 - Chapter 19: Silver Breath has its own named, title-aligned cosmetic profile
  ---
  duration_ms: 0.225853
  type: 'test'
  ...
# Subtest: Chapter 20: Crystal Margins has its own named, title-aligned cosmetic profile
ok 91 - Chapter 20: Crystal Margins has its own named, title-aligned cosmetic profile
  ---
  duration_ms: 0.125966
  type: 'test'
  ...
# Subtest: Chapter 21: The Still Page has its own named, title-aligned cosmetic profile
ok 92 - Chapter 21: The Still Page has its own named, title-aligned cosmetic profile
  ---
  duration_ms: 0.145495
  type: 'test'
  ...
# Subtest: Chapter 22: Winter Whispers has its own named, title-aligned cosmetic profile
ok 93 - Chapter 22: Winter Whispers has its own named, title-aligned cosmetic profile
  ---
  duration_ms: 0.438137
  type: 'test'
  ...
# Subtest: Chapter 23: Cold Precision has its own named, title-aligned cosmetic profile
ok 94 - Chapter 23: Cold Precision has its own named, title-aligned cosmetic profile
  ---
  duration_ms: 0.13559
  type: 'test'
  ...
# Subtest: Chapter 24: The Frozen Seal has its own named, title-aligned cosmetic profile
ok 95 - Chapter 24: The Frozen Seal has its own named, title-aligned cosmetic profile
  ---
  duration_ms: 0.098035
  type: 'test'
  ...
# Subtest: Chapter 25: Kindling has its own named, title-aligned cosmetic profile
ok 96 - Chapter 25: Kindling has its own named, title-aligned cosmetic profile
  ---
  duration_ms: 0.090564
  type: 'test'
  ...
# Subtest: Chapter 26: Letters of Flame has its own named, title-aligned cosmetic profile
ok 97 - Chapter 26: Letters of Flame has its own named, title-aligned cosmetic profile
  ---
  duration_ms: 0.087208
  type: 'test'
  ...
# Subtest: Chapter 27: The Warmest Ink has its own named, title-aligned cosmetic profile
ok 98 - Chapter 27: The Warmest Ink has its own named, title-aligned cosmetic profile
  ---
  duration_ms: 0.088291
  type: 'test'
  ...
# Subtest: Chapter 28: Firelight Fables has its own named, title-aligned cosmetic profile
ok 99 - Chapter 28: Firelight Fables has its own named, title-aligned cosmetic profile
  ---
  duration_ms: 0.102111
  type: 'test'
  ...
# Subtest: Chapter 29: Under Pressure has its own named, title-aligned cosmetic profile
ok 100 - Chapter 29: Under Pressure has its own named, title-aligned cosmetic profile
  ---
  duration_ms: 0.111916
  type: 'test'
  ...
# Subtest: Chapter 30: The Burning Chapter has its own named, title-aligned cosmetic profile
ok 101 - Chapter 30: The Burning Chapter has its own named, title-aligned cosmetic profile
  ---
  duration_ms: 0.130693
  type: 'test'
  ...
# Subtest: Chapter 31: Starlit Script has its own named, title-aligned cosmetic profile
ok 102 - Chapter 31: Starlit Script has its own named, title-aligned cosmetic profile
  ---
  duration_ms: 0.20333
  type: 'test'
  ...
# Subtest: Chapter 32: The Long View has its own named, title-aligned cosmetic profile
ok 103 - Chapter 32: The Long View has its own named, title-aligned cosmetic profile
  ---
  duration_ms: 0.086708
  type: 'test'
  ...
# Subtest: Chapter 33: Celestial Signs has its own named, title-aligned cosmetic profile
ok 104 - Chapter 33: Celestial Signs has its own named, title-aligned cosmetic profile
  ---
  duration_ms: 0.105936
  type: 'test'
  ...
# Subtest: Chapter 34: Orbiting Ideas has its own named, title-aligned cosmetic profile
ok 105 - Chapter 34: Orbiting Ideas has its own named, title-aligned cosmetic profile
  ---
  duration_ms: 0.093037
  type: 'test'
  ...
# Subtest: Chapter 35: Constellations has its own named, title-aligned cosmetic profile
ok 106 - Chapter 35: Constellations has its own named, title-aligned cosmetic profile
  ---
  duration_ms: 0.143792
  type: 'test'
  ...
# Subtest: Chapter 36: The Starfall Trial has its own named, title-aligned cosmetic profile
ok 107 - Chapter 36: The Starfall Trial has its own named, title-aligned cosmetic profile
  ---
  duration_ms: 0.153136
  type: 'test'
  ...
# Subtest: Chapter 37: After Hours has its own named, title-aligned cosmetic profile
ok 108 - Chapter 37: After Hours has its own named, title-aligned cosmetic profile
  ---
  duration_ms: 0.109872
  type: 'test'
  ...
# Subtest: Chapter 38: Secret Passages has its own named, title-aligned cosmetic profile
ok 109 - Chapter 38: Secret Passages has its own named, title-aligned cosmetic profile
  ---
  duration_ms: 0.104325
  type: 'test'
  ...
# Subtest: Chapter 39: Velvet Shadows has its own named, title-aligned cosmetic profile
ok 110 - Chapter 39: Velvet Shadows has its own named, title-aligned cosmetic profile
  ---
  duration_ms: 0.129732
  type: 'test'
  ...
# Subtest: Chapter 40: The Lost Manuscript has its own named, title-aligned cosmetic profile
ok 111 - Chapter 40: The Lost Manuscript has its own named, title-aligned cosmetic profile
  ---
  duration_ms: 0.084014
  type: 'test'
  ...
# Subtest: Chapter 41: One Last Candle has its own named, title-aligned cosmetic profile
ok 112 - Chapter 41: One Last Candle has its own named, title-aligned cosmetic profile
  ---
  duration_ms: 0.084074
  type: 'test'
  ...
# Subtest: Chapter 42: The Midnight Key has its own named, title-aligned cosmetic profile
ok 113 - Chapter 42: The Midnight Key has its own named, title-aligned cosmetic profile
  ---
  duration_ms: 0.066649
  type: 'test'
  ...
# Subtest: Chapter 43: The Final Volume has its own named, title-aligned cosmetic profile
ok 114 - Chapter 43: The Final Volume has its own named, title-aligned cosmetic profile
  ---
  duration_ms: 0.116272
  type: 'test'
  ...
# Subtest: Chapter 44: Pages Without End has its own named, title-aligned cosmetic profile
ok 115 - Chapter 44: Pages Without End has its own named, title-aligned cosmetic profile
  ---
  duration_ms: 0.092647
  type: 'test'
  ...
# Subtest: Chapter 45: A Thousand Voices has its own named, title-aligned cosmetic profile
ok 116 - Chapter 45: A Thousand Voices has its own named, title-aligned cosmetic profile
  ---
  duration_ms: 0.16229
  type: 'test'
  ...
# Subtest: Chapter 46: The Master Scribe has its own named, title-aligned cosmetic profile
ok 117 - Chapter 46: The Master Scribe has its own named, title-aligned cosmetic profile
  ---
  duration_ms: 0.118976
  type: 'test'
  ...
# Subtest: Chapter 47: The Last Word has its own named, title-aligned cosmetic profile
ok 118 - Chapter 47: The Last Word has its own named, title-aligned cosmetic profile
  ---
  duration_ms: 0.127308
  type: 'test'
  ...
# Subtest: Chapter 48: The Typekeeper has its own named, title-aligned cosmetic profile
ok 119 - Chapter 48: The Typekeeper has its own named, title-aligned cosmetic profile
  ---
  duration_ms: 0.132125
  type: 'test'
  ...
# Subtest: Exactly 48 unique cosmetic IDs correspond to the existing 48 campaign titles
ok 120 - Exactly 48 unique cosmetic IDs correspond to the existing 48 campaign titles
  ---
  duration_ms: 0.709919
  type: 'test'
  ...
# Subtest: Endless and invalid low chapter requests reuse bounded profiles rather than allocate unbounded art
ok 121 - Endless and invalid low chapter requests reuse bounded profiles rather than allocate unbounded art
  ---
  duration_ms: 0.086047
  type: 'test'
  ...
# Subtest: Reduced motion removes chapter ambient drawing, not chapter identity
ok 122 - Reduced motion removes chapter ambient drawing, not chapter identity
  ---
  duration_ms: 0.096733
  type: 'test'
  ...
# Subtest: All native-path argument counts remain valid for FIRE and ICE across the complete cast envelope
ok 123 - All native-path argument counts remain valid for FIRE and ICE across the complete cast envelope
  ---
  duration_ms: 1.208956
  type: 'test'
  ...
# Subtest: FIRE and ICE destruction draw valid, balanced paths at onset, peak and completion
ok 124 - FIRE and ICE destruction draw valid, balanced paths at onset, peak and completion
  ---
  duration_ms: 2.142705
  type: 'test'
  ...
# Subtest: Elemental cast envelope never returns nonfinite or unbounded intensity
ok 125 - Elemental cast envelope never returns nonfinite or unbounded intensity
  ---
  duration_ms: 0.186335
  type: 'test'
  ...
# Subtest: Freeze entry, hold, thaw and reduced-motion state are bounded
ok 126 - Freeze entry, hold, thaw and reduced-motion state are bounded
  ---
  duration_ms: 0.248927
  type: 'test'
  ...
# Subtest: Elemental cache obeys byte and entry budgets under many surface widths
ok 127 - Elemental cache obeys byte and entry budgets under many surface widths
  ---
  duration_ms: 0.269097
  type: 'test'
  ...
# Subtest: 48 room profiles and VFX calculations do not advance either model random stream
ok 128 - 48 room profiles and VFX calculations do not advance either model random stream
  ---
  duration_ms: 6.733365
  type: 'test'
  ...
# Subtest: 3.5 preservation: original assets, economy, RNG, controls and scroll geometry are byte-identical
ok 129 - 3.5 preservation: original assets, economy, RNG, controls and scroll geometry are byte-identical
  ---
  duration_ms: 35.121444
  type: 'test'
  ...
# Subtest: Standalone builder includes both new presentation dependencies before the renderer
ok 130 - Standalone builder includes both new presentation dependencies before the renderer
  ---
  duration_ms: 0.261526
  type: 'test'
  ...
# Subtest: Star explanation shares the actual thresholds, including both simultaneous deficits
ok 131 - Star explanation shares the actual thresholds, including both simultaneous deficits
  ---
  duration_ms: 1.60518
  type: 'test'
  ...
# Subtest: Every generated next-star instruction actually reaches that star when fulfilled
ok 132 - Every generated next-star instruction actually reaches that star when fulfilled
  ---
  duration_ms: 3.632385
  type: 'test'
  ...
# Subtest: 100% submission accuracy with three misses remains one star, not a new scoring rule
ok 133 - 100% submission accuracy with three misses remains one star, not a new scoring rule
  ---
  duration_ms: 1.700652
  type: 'test'
  ...
# Subtest: Eight real multiplier upgrades occur at 8..64, never at 5/15 or after cap
ok 134 - Eight real multiplier upgrades occur at 8..64, never at 5/15 or after cap
  ---
  duration_ms: 2.508776
  type: 'test'
  ...
# Subtest: Authoritative 7 → 8 event and word points agree
ok 135 - Authoritative 7 → 8 event and word points agree
  ---
  duration_ms: 0.458157
  type: 'test'
  ...
# Subtest: Authoritative 15 → 16 event and word points agree
ok 136 - Authoritative 15 → 16 event and word points agree
  ---
  duration_ms: 0.257801
  type: 'test'
  ...
# Subtest: Authoritative 63 → 64 event and word points agree
ok 137 - Authoritative 63 → 64 event and word points agree
  ---
  duration_ms: 0.278972
  type: 'test'
  ...
# Subtest: Wrong input resets the multiplier; next correct input does not invent a level-up
ok 138 - Wrong input resets the multiplier; next correct input does not invent a level-up
  ---
  duration_ms: 0.456404
  type: 'test'
  ...
# Subtest: Restoring an existing streak/checkpoint emits no spurious multiplier upgrade
ok 139 - Restoring an existing streak/checkpoint emits no spurious multiplier upgrade
  ---
  duration_ms: 1.175436
  type: 'test'
  ...
# Subtest: Audio milestone reacts to one model event, not its own correct-word modulus
ok 140 - Audio milestone reacts to one model event, not its own correct-word modulus
  ---
  duration_ms: 1.155847
  type: 'test'
  ...
# Subtest: Record keys isolate all 288 pace/mode/chapter combinations and the ruleset
ok 141 - Record keys isolate all 288 pace/mode/chapter combinations and the ruleset
  ---
  duration_ms: 0.913199
  type: 'test'
  ...
# Subtest: Chapter PB captures the previous atomic attempt before updating
ok 142 - Chapter PB captures the previous atomic attempt before updating
  ---
  duration_ms: 0.830176
  type: 'test'
  ...
# Subtest: Ties/lower scores never mix WPM, accuracy or medal maxima into the score-best attempt
ok 143 - Ties/lower scores never mix WPM, accuracy or medal maxima into the score-best attempt
  ---
  duration_ms: 0.419339
  type: 'test'
  ...
# Subtest: Practice, different pace and other chapter cannot beat a campaign chapter PB
ok 144 - Practice, different pace and other chapter cannot beat a campaign chapter PB
  ---
  duration_ms: 0.416996
  type: 'test'
  ...
# Subtest: Old saves preserve settings, mastery and checkpoints without inventing scoped PBs
ok 145 - Old saves preserve settings, mastery and checkpoints without inventing scoped PBs
  ---
  duration_ms: 2.037669
  type: 'test'
  ...
# Subtest: Scoped save round trip retains actual word sequence provenance
ok 146 - Scoped save round trip retains actual word sequence provenance
  ---
  duration_ms: 0.405209
  type: 'test'
  ...
# Subtest: Malformed or unscoped imports are rejected instead of promoted to a trusted PB
ok 147 - Malformed or unscoped imports are rejected instead of promoted to a trusted PB
  ---
  duration_ms: 0.319942
  type: 'test'
  ...
# Subtest: Missing random provenance stays missing, not a fabricated seed or sequence version
ok 148 - Missing random provenance stays missing, not a fabricated seed or sequence version
  ---
  duration_ms: 0.139016
  type: 'test'
  ...
# Subtest: Mastery improvement has priority; unchanged attempts receive no fake celebration
ok 149 - Mastery improvement has priority; unchanged attempts receive no fake celebration
  ---
  duration_ms: 16.629281
  type: 'test'
  ...
# Subtest: ENTER guidance is exact-match only and disappears after first actual save
ok 150 - ENTER guidance is exact-match only and disappears after first actual save
  ---
  duration_ms: 0.303198
  type: 'test'
  ...
# Subtest: ICE hint waits for a usable spell and six visible active seconds, not wall time
ok 151 - ICE hint waits for a usable spell and six visible active seconds, not wall time
  ---
  duration_ms: 0.419019
  type: 'test'
  ...
# Subtest: Hint toggle and pause hide prompts without consuming their learning window
ok 152 - Hint toggle and pause hide prompts without consuming their learning window
  ---
  duration_ms: 0.24376
  type: 'test'
  ...
# Subtest: Laptop helper labels meet the proposed 14 CSS-pixel target without changing word geometry
ok 153 - Laptop helper labels meet the proposed 14 CSS-pixel target without changing word geometry
  ---
  duration_ms: 0.337218
  type: 'test'
  ...
# Subtest: Journey metadata exists at exactly eight campaign boundaries, never practice/endless
ok 154 - Journey metadata exists at exactly eight campaign boundaries, never practice/endless
  ---
  duration_ms: 0.339761
  type: 'test'
  ...
# Subtest: Restored wing markers require all six campaign clears, not practice-only stars
ok 155 - Restored wing markers require all six campaign clears, not practice-only stars
  ---
  duration_ms: 0.357158
  type: 'test'
  ...
# Subtest: Eight distinct small seals and landmarks reuse bounded identities beyond the campaign
ok 156 - Eight distinct small seals and landmarks reuse bounded identities beyond the campaign
  ---
  duration_ms: 0.316998
  type: 'test'
  ...
# Subtest: wing ceremony is bounded, pausable, skippable, cancel-safe and motion-optional
ok 157 - wing ceremony is bounded, pausable, skippable, cancel-safe and motion-optional
  ---
  duration_ms: 0.443505
  type: 'test'
  ...
# Subtest: finale ceremony is bounded, pausable, skippable, cancel-safe and motion-optional
ok 158 - finale ceremony is bounded, pausable, skippable, cancel-safe and motion-optional
  ---
  duration_ms: 0.124824
  type: 'test'
  ...
# Subtest: v3.2.1 capacity is two per spell, eight in total; effect strength is preserved
ok 159 - v3.2.1 capacity is two per spell, eight in total; effect strength is preserved
  ---
  duration_ms: 1.000949
  type: 'test'
  ...
# Subtest: relaxed: a new campaign has no books and only one chapter-one opportunity
ok 160 - relaxed: a new campaign has no books and only one chapter-one opportunity
  ---
  duration_ms: 4.205762
  type: 'test'
  ...
# Subtest: relaxed: opening is 10–15% gentler, 4–6 is 5–10% gentler, then rejoins the curve
ok 161 - relaxed: opening is 10–15% gentler, 4–6 is 5–10% gentler, then rejoins the curve
  ---
  duration_ms: 0.37896
  type: 'test'
  ...
# Subtest: relaxed: every chapter remains monotone with no opening or Endless difficulty reset
ok 162 - relaxed: every chapter remains monotone with no opening or Endless difficulty reset
  ---
  duration_ms: 0.495482
  type: 'test'
  ...
# Subtest: classic: a new campaign has no books and only one chapter-one opportunity
ok 163 - classic: a new campaign has no books and only one chapter-one opportunity
  ---
  duration_ms: 2.069372
  type: 'test'
  ...
# Subtest: classic: opening is 10–15% gentler, 4–6 is 5–10% gentler, then rejoins the curve
ok 164 - classic: opening is 10–15% gentler, 4–6 is 5–10% gentler, then rejoins the curve
  ---
  duration_ms: 0.151183
  type: 'test'
  ...
# Subtest: classic: every chapter remains monotone with no opening or Endless difficulty reset
ok 165 - classic: every chapter remains monotone with no opening or Endless difficulty reset
  ---
  duration_ms: 1.308683
  type: 'test'
  ...
# Subtest: maniac: a new campaign has no books and only one chapter-one opportunity
ok 166 - maniac: a new campaign has no books and only one chapter-one opportunity
  ---
  duration_ms: 0.549282
  type: 'test'
  ...
# Subtest: maniac: opening is 10–15% gentler, 4–6 is 5–10% gentler, then rejoins the curve
ok 167 - maniac: opening is 10–15% gentler, 4–6 is 5–10% gentler, then rejoins the curve
  ---
  duration_ms: 0.290599
  type: 'test'
  ...
# Subtest: maniac: every chapter remains monotone with no opening or Endless difficulty reset
ok 168 - maniac: every chapter remains monotone with no opening or Endless difficulty reset
  ---
  duration_ms: 0.864156
  type: 'test'
  ...
# Subtest: chapter 1: actual opportunity gaps stay inside 8–11 arrivals
ok 169 - chapter 1: actual opportunity gaps stay inside 8–11 arrivals
  ---
  duration_ms: 5.466784
  type: 'test'
  ...
# Subtest: chapter 4: actual opportunity gaps stay inside 8–11 arrivals
ok 170 - chapter 4: actual opportunity gaps stay inside 8–11 arrivals
  ---
  duration_ms: 9.74912
  type: 'test'
  ...
# Subtest: chapter 7: actual opportunity gaps stay inside 8–10 arrivals
ok 171 - chapter 7: actual opportunity gaps stay inside 8–10 arrivals
  ---
  duration_ms: 5.45678
  type: 'test'
  ...
# Subtest: chapter 11: actual opportunity gaps stay inside 8–10 arrivals
ok 172 - chapter 11: actual opportunity gaps stay inside 8–10 arrivals
  ---
  duration_ms: 4.539245
  type: 'test'
  ...
# Subtest: chapter 13: actual opportunity gaps stay inside 7–10 arrivals
ok 173 - chapter 13: actual opportunity gaps stay inside 7–10 arrivals
  ---
  duration_ms: 4.436623
  type: 'test'
  ...
# Subtest: chapter 23: actual opportunity gaps stay inside 7–10 arrivals
ok 174 - chapter 23: actual opportunity gaps stay inside 7–10 arrivals
  ---
  duration_ms: 3.717721
  type: 'test'
  ...
# Subtest: chapter 25: actual opportunity gaps stay inside 6–9 arrivals
ok 175 - chapter 25: actual opportunity gaps stay inside 6–9 arrivals
  ---
  duration_ms: 3.811399
  type: 'test'
  ...
# Subtest: chapter 47: actual opportunity gaps stay inside 6–9 arrivals
ok 176 - chapter 47: actual opportunity gaps stay inside 6–9 arrivals
  ---
  duration_ms: 3.421663
  type: 'test'
  ...
# Subtest: chapter 49: actual opportunity gaps stay inside 6–9 arrivals
ok 177 - chapter 49: actual opportunity gaps stay inside 6–9 arrivals
  ---
  duration_ms: 3.921613
  type: 'test'
  ...
# Subtest: trial 6: first opportunity in wave one, then one every eight arrivals
ok 178 - trial 6: first opportunity in wave one, then one every eight arrivals
  ---
  duration_ms: 1.705599
  type: 'test'
  ...
# Subtest: trial 12: first opportunity in wave one, then one every eight arrivals
ok 179 - trial 12: first opportunity in wave one, then one every eight arrivals
  ---
  duration_ms: 1.346919
  type: 'test'
  ...
# Subtest: trial 18: first opportunity in wave one, then one every eight arrivals
ok 180 - trial 18: first opportunity in wave one, then one every eight arrivals
  ---
  duration_ms: 1.027358
  type: 'test'
  ...
# Subtest: trial 24: first opportunity in wave one, then one every eight arrivals
ok 181 - trial 24: first opportunity in wave one, then one every eight arrivals
  ---
  duration_ms: 0.686143
  type: 'test'
  ...
# Subtest: trial 30: first opportunity in wave one, then one every eight arrivals
ok 182 - trial 30: first opportunity in wave one, then one every eight arrivals
  ---
  duration_ms: 0.675908
  type: 'test'
  ...
# Subtest: trial 36: first opportunity in wave one, then one every eight arrivals
ok 183 - trial 36: first opportunity in wave one, then one every eight arrivals
  ---
  duration_ms: 0.814693
  type: 'test'
  ...
# Subtest: trial 42: first opportunity in wave one, then one every eight arrivals
ok 184 - trial 42: first opportunity in wave one, then one every eight arrivals
  ---
  duration_ms: 0.516302
  type: 'test'
  ...
# Subtest: trial 48: first opportunity in wave one, then one every eight arrivals
ok 185 - trial 48: first opportunity in wave one, then one every eight arrivals
  ---
  duration_ms: 0.536783
  type: 'test'
  ...
# Subtest: trial 54: first opportunity in wave one, then one every eight arrivals
ok 186 - trial 54: first opportunity in wave one, then one every eight arrivals
  ---
  duration_ms: 0.585835
  type: 'test'
  ...
# Subtest: trial 102: first opportunity in wave one, then one every eight arrivals
ok 187 - trial 102: first opportunity in wave one, then one every eight arrivals
  ---
  duration_ms: 0.742958
  type: 'test'
  ...
# Subtest: trial 198: first opportunity in wave one, then one every eight arrivals
ok 188 - trial 198: first opportunity in wave one, then one every eight arrivals
  ---
  duration_ms: 0.577422
  type: 'test'
  ...
# Subtest: first opportunity must be typed; merely appearing grants no spell
ok 189 - first opportunity must be typed; merely appearing grants no spell
  ---
  duration_ms: 0.575911
  type: 'test'
  ...
# Subtest: missing the introductory ICE does not gift another tutorial set
ok 190 - missing the introductory ICE does not gift another tutorial set
  ---
  duration_ms: 0.634437
  type: 'test'
  ...
# Subtest: burning a spell grants no inventory and does not accelerate its replacement opportunity
ok 191 - burning a spell grants no inventory and does not accelerate its replacement opportunity
  ---
  duration_ms: 0.585324
  type: 'test'
  ...
# Subtest: full shelves still cap at two; overflow remains a scored word, not another book
ok 192 - full shelves still cap at two; overflow remains a scored word, not another book
  ---
  duration_ms: 0.31845
  type: 'test'
  ...
# Subtest: entering a normal chapter does not restart the reward countdown or refill books
ok 193 - entering a normal chapter does not restart the reward countdown or refill books
  ---
  duration_ms: 0.927199
  type: 'test'
  ...
# Subtest: trial entry pulls a distant drop into wave one, without giving an extra one
ok 194 - trial entry pulls a distant drop into wave one, without giving an extra one
  ---
  duration_ms: 1.865536
  type: 'test'
  ...
# Subtest: an already due spell remains due rather than being delayed by trial setup
ok 195 - an already due spell remains due rather than being delayed by trial setup
  ---
  duration_ms: 0.867642
  type: 'test'
  ...
# Subtest: trial preferences never break the four-spell bag or grant free rescue inventory
ok 196 - trial preferences never break the four-spell bag or grant free rescue inventory
  ---
  duration_ms: 0.751079
  type: 'test'
  ...
# Subtest: blocked candidate does not consume the countdown or a power-bag entry
ok 197 - blocked candidate does not consume the countdown or a power-bag entry
  ---
  duration_ms: 0.769616
  type: 'test'
  ...
# Subtest: canceling a reserved card at chapter clear never loses a bag entry
ok 198 - canceling a reserved card at chapter clear never loses a bag entry
  ---
  duration_ms: 0.27801
  type: 'test'
  ...
# Subtest: pausing and waiting never manufacture or consume spell opportunities
ok 199 - pausing and waiting never manufacture or consume spell opportunities
  ---
  duration_ms: 0.714906
  type: 'test'
  ...
# Subtest: active ICE freezes the scheduled arrival counter as well as card positions
ok 200 - active ICE freezes the scheduled arrival counter as well as card positions
  ---
  duration_ms: 0.416685
  type: 'test'
  ...
# Subtest: danger and score do not change scheduled spell types or gaps
ok 201 - danger and score do not change scheduled spell types or gaps
  ---
  duration_ms: 4.843123
  type: 'test'
  ...
# Subtest: each shuffled cycle still includes all four spells in all campaign wings
ok 202 - each shuffled cycle still includes all four spells in all campaign wings
  ---
  duration_ms: 30.050053
  type: 'test'
  ...
# Subtest: chapter 1 boundary preserves words, spacing, cycle and inventory through save/restore
ok 203 - chapter 1 boundary preserves words, spacing, cycle and inventory through save/restore
  ---
  duration_ms: 3.939819
  type: 'test'
  ...
# Subtest: chapter 5 boundary preserves words, spacing, cycle and inventory through save/restore
ok 204 - chapter 5 boundary preserves words, spacing, cycle and inventory through save/restore
  ---
  duration_ms: 2.948465
  type: 'test'
  ...
# Subtest: chapter 6 boundary preserves words, spacing, cycle and inventory through save/restore
ok 205 - chapter 6 boundary preserves words, spacing, cycle and inventory through save/restore
  ---
  duration_ms: 2.312575
  type: 'test'
  ...
# Subtest: chapter 11 boundary preserves words, spacing, cycle and inventory through save/restore
ok 206 - chapter 11 boundary preserves words, spacing, cycle and inventory through save/restore
  ---
  duration_ms: 1.88888
  type: 'test'
  ...
# Subtest: chapter 12 boundary preserves words, spacing, cycle and inventory through save/restore
ok 207 - chapter 12 boundary preserves words, spacing, cycle and inventory through save/restore
  ---
  duration_ms: 4.960888
  type: 'test'
  ...
# Subtest: chapter 23 boundary preserves words, spacing, cycle and inventory through save/restore
ok 208 - chapter 23 boundary preserves words, spacing, cycle and inventory through save/restore
  ---
  duration_ms: 1.495619
  type: 'test'
  ...
# Subtest: chapter 24 boundary preserves words, spacing, cycle and inventory through save/restore
ok 209 - chapter 24 boundary preserves words, spacing, cycle and inventory through save/restore
  ---
  duration_ms: 1.55052
  type: 'test'
  ...
# Subtest: chapter 35 boundary preserves words, spacing, cycle and inventory through save/restore
ok 210 - chapter 35 boundary preserves words, spacing, cycle and inventory through save/restore
  ---
  duration_ms: 1.337956
  type: 'test'
  ...
# Subtest: chapter 36 boundary preserves words, spacing, cycle and inventory through save/restore
ok 211 - chapter 36 boundary preserves words, spacing, cycle and inventory through save/restore
  ---
  duration_ms: 1.610198
  type: 'test'
  ...
# Subtest: chapter 47 boundary preserves words, spacing, cycle and inventory through save/restore
ok 212 - chapter 47 boundary preserves words, spacing, cycle and inventory through save/restore
  ---
  duration_ms: 1.324466
  type: 'test'
  ...
# Subtest: retry starts the same sparse chapter again, without accumulating failed-attempt books
ok 213 - retry starts the same sparse chapter again, without accumulating failed-attempt books
  ---
  duration_ms: 1.181665
  type: 'test'
  ...
# Subtest: 3.2 save migration caps stock at two, preserves mastery/preferences, and leaves original bytes untouched
ok 214 - 3.2 save migration caps stock at two, preserves mastery/preferences, and leaves original bytes untouched
  ---
  duration_ms: 0.848373
  type: 'test'
  ...
# Subtest: migrated checkpoint keeps the old scoring provenance after new-rules play and re-export
ok 215 - migrated checkpoint keeps the old scoring provenance after new-rules play and re-export
  ---
  duration_ms: 0.695256
  type: 'test'
  ...
# Subtest: fresh current saves cannot import a third charge by claiming the new ruleset
ok 216 - fresh current saves cannot import a third charge by claiming the new ruleset
  ---
  duration_ms: 0.113628
  type: 'test'
  ...
# Subtest: current saves must include a valid schedule; old missing schedules have an explicit fallback
ok 217 - current saves must include a valid schedule; old missing schedules have an explicit fallback
  ---
  duration_ms: 0.158715
  type: 'test'
  ...
# Subtest: invalid schedule values are rejected rather than granting unlimited imminent drops
ok 218 - invalid schedule values are rejected rather than granting unlimited imminent drops
  ---
  duration_ms: 0.20986
  type: 'test'
  ...
# Subtest: restored inventory and schedule are isolated from imported object mutations
ok 219 - restored inventory and schedule are isolated from imported object mutations
  ---
  duration_ms: 0.145385
  type: 'test'
  ...
# Subtest: model restore also clamps legacy charges when called directly by a trusted loader
ok 220 - model restore also clamps legacy charges when called directly by a trusted loader
  ---
  duration_ms: 0.145885
  type: 'test'
  ...
# Subtest: authored non-trial gap endpoints are reachable and trial setup is idempotent
ok 221 - authored non-trial gap endpoints are reachable and trial setup is idempotent
  ---
  duration_ms: 0.121189
  type: 'test'
  ...
# Subtest: Practice and Endless do not receive the campaign introduction again
ok 222 - Practice and Endless do not receive the campaign introduction again
  ---
  duration_ms: 0.067579
  type: 'test'
  ...
# Subtest: UI stock pips derive from the same authoritative capacity as game rules
ok 223 - UI stock pips derive from the same authoritative capacity as game rules
  ---
  duration_ms: 0.43353
  type: 'test'
  ...
# Subtest: Impact durations are short and explicitly bounded; normal clear is 250ms
ok 224 - Impact durations are short and explicitly bounded; normal clear is 250ms
  ---
  duration_ms: 1.977231
  type: 'test'
  ...
# Subtest: Changed keys drive immediate mechanical response without needing a simulation tick
ok 225 - Changed keys drive immediate mechanical response without needing a simulation tick
  ---
  duration_ms: 0.371749
  type: 'test'
  ...
# Subtest: Unchanged keys do not replay a strike or alternate hands
ok 226 - Unchanged keys do not replay a strike or alternate hands
  ---
  duration_ms: 0.316808
  type: 'test'
  ...
# Subtest: Hands alternate only on changed non-erasing inputs
ok 227 - Hands alternate only on changed non-erasing inputs
  ---
  duration_ms: 0.266343
  type: 'test'
  ...
# Subtest: Backspace has a distinct erase response and rewinds the mechanical carriage
ok 228 - Backspace has a distinct erase response and rewinds the mechanical carriage
  ---
  duration_ms: 0.184893
  type: 'test'
  ...
# Subtest: Successful Enter returns from the previous carriage offset, not from a magic fixed distance
ok 229 - Successful Enter returns from the previous carriage offset, not from a magic fixed distance
  ---
  duration_ms: 0.306473
  type: 'test'
  ...
# Subtest: A new letter cancels a still-running return instead of delaying input
ok 230 - A new letter cancels a still-running return instead of delaying input
  ---
  duration_ms: 0.317229
  type: 'test'
  ...
# Subtest: Key, erase and return settle exactly; zero delta preserves a paused pose
ok 231 - Key, erase and return settle exactly; zero delta preserves a paused pose
  ---
  duration_ms: 0.172204
  type: 'test'
  ...
# Subtest: Reduced motion cancels all mechanical movement without emitting another stroke
ok 232 - Reduced motion cancels all mechanical movement without emitting another stroke
  ---
  duration_ms: 0.38595
  type: 'test'
  ...
# Subtest: Bad/long delta is bounded and cannot create an animation backlog
ok 233 - Bad/long delta is bounded and cannot create an animation backlog
  ---
  duration_ms: 0.512577
  type: 'test'
  ...
# Subtest: Twenty-four-letter buffer does not move rail outside its available paper margin
ok 234 - Twenty-four-letter buffer does not move rail outside its available paper margin
  ---
  duration_ms: 0.208187
  type: 'test'
  ...
# Subtest: Physical paper geometry stays clear of input/SLOW/word lane at 0%
ok 235 - Physical paper geometry stays clear of input/SLOW/word lane at 0%
  ---
  duration_ms: 0.309167
  type: 'test'
  ...
# Subtest: Physical paper geometry stays clear of input/SLOW/word lane at 2%
ok 236 - Physical paper geometry stays clear of input/SLOW/word lane at 2%
  ---
  duration_ms: 0.122902
  type: 'test'
  ...
# Subtest: Physical paper geometry stays clear of input/SLOW/word lane at 12%
ok 237 - Physical paper geometry stays clear of input/SLOW/word lane at 12%
  ---
  duration_ms: 0.124144
  type: 'test'
  ...
# Subtest: Physical paper geometry stays clear of input/SLOW/word lane at 25%
ok 238 - Physical paper geometry stays clear of input/SLOW/word lane at 25%
  ---
  duration_ms: 0.116713
  type: 'test'
  ...
# Subtest: Physical paper geometry stays clear of input/SLOW/word lane at 49%
ok 239 - Physical paper geometry stays clear of input/SLOW/word lane at 49%
  ---
  duration_ms: 0.113368
  type: 'test'
  ...
# Subtest: Physical paper geometry stays clear of input/SLOW/word lane at 50%
ok 240 - Physical paper geometry stays clear of input/SLOW/word lane at 50%
  ---
  duration_ms: 0.127147
  type: 'test'
  ...
# Subtest: Physical paper geometry stays clear of input/SLOW/word lane at 74%
ok 241 - Physical paper geometry stays clear of input/SLOW/word lane at 74%
  ---
  duration_ms: 0.158995
  type: 'test'
  ...
# Subtest: Physical paper geometry stays clear of input/SLOW/word lane at 75%
ok 242 - Physical paper geometry stays clear of input/SLOW/word lane at 75%
  ---
  duration_ms: 0.127549
  type: 'test'
  ...
# Subtest: Physical paper geometry stays clear of input/SLOW/word lane at 89%
ok 243 - Physical paper geometry stays clear of input/SLOW/word lane at 89%
  ---
  duration_ms: 0.135631
  type: 'test'
  ...
# Subtest: Physical paper geometry stays clear of input/SLOW/word lane at 90%
ok 244 - Physical paper geometry stays clear of input/SLOW/word lane at 90%
  ---
  duration_ms: 0.130844
  type: 'test'
  ...
# Subtest: Physical paper geometry stays clear of input/SLOW/word lane at 95%
ok 245 - Physical paper geometry stays clear of input/SLOW/word lane at 95%
  ---
  duration_ms: 0.134068
  type: 'test'
  ...
# Subtest: Physical paper geometry stays clear of input/SLOW/word lane at 100%
ok 246 - Physical paper geometry stays clear of input/SLOW/word lane at 100%
  ---
  duration_ms: 0.120368
  type: 'test'
  ...
# Subtest: Paper stack grows monotonically and settles into the actual destination
ok 247 - Paper stack grows monotonically and settles into the actual destination
  ---
  duration_ms: 1.078143
  type: 'test'
  ...
# Subtest: Nonfinite and out-of-range danger cannot poison geometry
ok 248 - Nonfinite and out-of-range danger cannot poison geometry
  ---
  duration_ms: 0.161368
  type: 'test'
  ...
# Subtest: Prefix treatment retains a distinct single selected target on normal
ok 249 - Prefix treatment retains a distinct single selected target on normal
  ---
  duration_ms: 0.211373
  type: 'test'
  ...
# Subtest: Prefix treatment retains a distinct single selected target on fire
ok 250 - Prefix treatment retains a distinct single selected target on fire
  ---
  duration_ms: 0.112355
  type: 'test'
  ...
# Subtest: Prefix treatment retains a distinct single selected target on ice
ok 251 - Prefix treatment retains a distinct single selected target on ice
  ---
  duration_ms: 0.073348
  type: 'test'
  ...
# Subtest: Prefix treatment retains a distinct single selected target on slow
ok 252 - Prefix treatment retains a distinct single selected target on slow
  ---
  duration_ms: 0.062893
  type: 'test'
  ...
# Subtest: Prefix treatment retains a distinct single selected target on wind
ok 253 - Prefix treatment retains a distinct single selected target on wind
  ---
  duration_ms: 0.139766
  type: 'test'
  ...
# Subtest: Prefix treatment retains a distinct single selected target on bonus
ok 254 - Prefix treatment retains a distinct single selected target on bonus
  ---
  duration_ms: 0.121289
  type: 'test'
  ...
# Subtest: Model-priority common prefix and full-word submit agree with presentation targeting
ok 255 - Model-priority common prefix and full-word submit agree with presentation targeting
  ---
  duration_ms: 1.770174
  type: 'test'
  ...
# Subtest: Death source uses last displayed x/y/scale/angle and never mutates word or pose
ok 256 - Death source uses last displayed x/y/scale/angle and never mutates word or pose
  ---
  duration_ms: 0.254115
  type: 'test'
  ...
# Subtest: Pending-paper weights ignore malformed optional values
ok 257 - Pending-paper weights ignore malformed optional values
  ---
  duration_ms: 0.16266
  type: 'test'
  ...
# Subtest: Impact envelope has no negative or nonfinite visual values
ok 258 - Impact envelope has no negative or nonfinite visual values
  ---
  duration_ms: 0.142971
  type: 'test'
  ...
# Subtest: Key/target/paper calls consume neither model random stream nor change outcomes
ok 259 - Key/target/paper calls consume neither model random stream nor change outcomes
  ---
  duration_ms: 3.988431
  type: 'test'
  ...
# Subtest: Latest accepted 3.5.2 core, Score Chase, UI geometry, CSS and all original assets are byte-identical
ok 260 - Latest accepted 3.5.2 core, Score Chase, UI geometry, CSS and all original assets are byte-identical
  ---
  duration_ms: 38.143557
  type: 'test'
  ...
# Subtest: relaxed: all 48 chapters stay within smooth speed and interval bounds
ok 261 - relaxed: all 48 chapters stay within smooth speed and interval bounds
  ---
  duration_ms: 1.380709
  type: 'test'
  ...
# Subtest: relaxed: all spawned ordinary and power cards remain fully readable and non-overlapping
ok 262 - relaxed: all spawned ordinary and power cards remain fully readable and non-overlapping
  ---
  duration_ms: 101.878032
  type: 'test'
  ...
# Subtest: classic: all 48 chapters stay within smooth speed and interval bounds
ok 263 - classic: all 48 chapters stay within smooth speed and interval bounds
  ---
  duration_ms: 0.208588
  type: 'test'
  ...
# Subtest: classic: all spawned ordinary and power cards remain fully readable and non-overlapping
ok 264 - classic: all spawned ordinary and power cards remain fully readable and non-overlapping
  ---
  duration_ms: 70.84735
  type: 'test'
  ...
# Subtest: maniac: all 48 chapters stay within smooth speed and interval bounds
ok 265 - maniac: all 48 chapters stay within smooth speed and interval bounds
  ---
  duration_ms: 0.265292
  type: 'test'
  ...
# Subtest: maniac: all spawned ordinary and power cards remain fully readable and non-overlapping
ok 266 - maniac: all spawned ordinary and power cards remain fully readable and non-overlapping
  ---
  duration_ms: 44.207824
  type: 'test'
  ...
# Subtest: vocabulary mixture is normalized at every campaign and endless chapter
ok 267 - vocabulary mixture is normalized at every campaign and endless chapter
  ---
  duration_ms: 0.749176
  type: 'test'
  ...
# Subtest: no abrupt dictionary mix switch remains at 5, 13, 25 or 37
ok 268 - no abrupt dictionary mix switch remains at 5, 13, 25 or 37
  ---
  duration_ms: 0.132575
  type: 'test'
  ...
# Subtest: newly introduced words obey their chapter length cap
ok 269 - newly introduced words obey their chapter length cap
  ---
  duration_ms: 1.825777
  type: 'test'
  ...
# Subtest: a fast clear shortens empty-field downtime without changing falling speed
ok 270 - a fast clear shortens empty-field downtime without changing falling speed
  ---
  duration_ms: 0.649469
  type: 'test'
  ...
# Subtest: empty-field acceleration never interrupts a trial breathing interval
ok 271 - empty-field acceleration never interrupts a trial breathing interval
  ---
  duration_ms: 0.188929
  type: 'test'
  ...
# Subtest: trial spawns follow five-word waves with a visible breathing interval
ok 272 - trial spawns follow five-word waves with a visible breathing interval
  ---
  duration_ms: 0.210551
  type: 'test'
  ...
# Subtest: no surplus cards are spawned when the board already contains the remaining quota
ok 273 - no surplus cards are spawned when the board already contains the remaining quota
  ---
  duration_ms: 0.10161
  type: 'test'
  ...
# Subtest: a final-word completion clears exactly once with no stranded next-stage timers
ok 274 - a final-word completion clears exactly once with no stranded next-stage timers
  ---
  duration_ms: 0.723118
  type: 'test'
  ...
# Subtest: active text duplicates do not occur in authored spawns
ok 275 - active text duplicates do not occur in authored spawns
  ---
  duration_ms: 2.096196
  type: 'test'
  ...
# Subtest: blocked spawn preserves the exact next card rather than rerolling its reward
ok 276 - blocked spawn preserves the exact next card rather than rerolling its reward
  ---
  duration_ms: 0.48717
  type: 'test'
  ...
# Subtest: a shuffled power cycle includes all four spells before repeating
ok 277 - a shuffled power cycle includes all four spells before repeating
  ---
  duration_ms: 0.652984
  type: 'test'
  ...
# Subtest: power selection prefers a not-full shelf inside the remaining bag
ok 278 - power selection prefers a not-full shelf inside the remaining bag
  ---
  duration_ms: 0.118205
  type: 'test'
  ...
# Subtest: full shelves never inflate inventory on collection
ok 279 - full shelves never inflate inventory on collection
  ---
  duration_ms: 0.292672
  type: 'test'
  ...
# Subtest: first chapter introduces one earned ICE opportunity, not four free tutorial powers
ok 280 - first chapter introduces one earned ICE opportunity, not four free tutorial powers
  ---
  duration_ms: 0.396776
  type: 'test'
  ...
# Subtest: empty FIRE and WIND are STORED rather than falsely actionable READY
ok 281 - empty FIRE and WIND are STORED rather than falsely actionable READY
  ---
  duration_ms: 0.232043
  type: 'test'
  ...
# Subtest: readiness reflects per-spell cooldown as well as inventory
ok 282 - readiness reflects per-spell cooldown as well as inventory
  ---
  duration_ms: 0.426029
  type: 'test'
  ...
# Subtest: SLOW cast before ICE retains every unspent second while frozen
ok 283 - SLOW cast before ICE retains every unspent second while frozen
  ---
  duration_ms: 0.593186
  type: 'test'
  ...
# Subtest: SLOW cast during ICE is queued without consuming duration
ok 284 - SLOW cast during ICE is queued without consuming duration
  ---
  duration_ms: 0.329647
  type: 'test'
  ...
# Subtest: a second queued SLOW does not consume a second book
ok 285 - a second queued SLOW does not consume a second book
  ---
  duration_ms: 0.150322
  type: 'test'
  ...
# Subtest: ICE ending within a tick applies only the remaining unfrozen fraction
ok 286 - ICE ending within a tick applies only the remaining unfrozen fraction
  ---
  duration_ms: 0.15559
  type: 'test'
  ...
# Subtest: SLOW expiry integrates slowed and normal motion within the same tick
ok 287 - SLOW expiry integrates slowed and normal motion within the same tick
  ---
  duration_ms: 0.104174
  type: 'test'
  ...
# Subtest: pause freezes queued spells and spell readiness
ok 288 - pause freezes queued spells and spell readiness
  ---
  duration_ms: 0.409374
  type: 'test'
  ...
# Subtest: FIRE guarantees a short recovery instead of an immediate replacement spawn
ok 289 - FIRE guarantees a short recovery instead of an immediate replacement spawn
  ---
  duration_ms: 0.145024
  type: 'test'
  ...
# Subtest: WIND clears only pressure; it never silently removes falling cards
ok 290 - WIND clears only pressure; it never silently removes falling cards
  ---
  duration_ms: 0.142391
  type: 'test'
  ...
# Subtest: a just-landed exact submission has one miss penalty, not miss plus typo
ok 291 - a just-landed exact submission has one miss penalty, not miss plus typo
  ---
  duration_ms: 0.156842
  type: 'test'
  ...
# Subtest: late-submission protection expires after the declared grace window
ok 292 - late-submission protection expires after the declared grace window
  ---
  duration_ms: 0.129732
  type: 'test'
  ...
# Subtest: the same expired word cannot repeatedly trigger late protection
ok 293 - the same expired word cannot repeatedly trigger late protection
  ---
  duration_ms: 0.274235
  type: 'test'
  ...
# Subtest: a still-live duplicate wins over the recently landed copy
ok 294 - a still-live duplicate wins over the recently landed copy
  ---
  duration_ms: 0.123011
  type: 'test'
  ...
# Subtest: a recently FIRE-cleared typed word does not create a phantom typo penalty
ok 295 - a recently FIRE-cleared typed word does not create a phantom typo penalty
  ---
  duration_ms: 0.183612
  type: 'test'
  ...
# Subtest: late protection cannot rescue an already terminal full-pile result
ok 296 - late protection cannot rescue an already terminal full-pile result
  ---
  duration_ms: 0.113597
  type: 'test'
  ...
# Subtest: chapter RNG is independent from how many earlier frames were simulated
ok 297 - chapter RNG is independent from how many earlier frames were simulated
  ---
  duration_ms: 0.078606
  type: 'test'
  ...
# Subtest: uninterrupted next chapter and restored bookmark produce identical cards
ok 298 - uninterrupted next chapter and restored bookmark produce identical cards
  ---
  duration_ms: 1.554757
  type: 'test'
  ...
# Subtest: chapter-boundary bookmark includes the pending power cycle
ok 299 - chapter-boundary bookmark includes the pending power cycle
  ---
  duration_ms: 0.247786
  type: 'test'
  ...
# Subtest: mid-chapter state cannot masquerade as a safe chapter bookmark
ok 300 - mid-chapter state cannot masquerade as a safe chapter bookmark
  ---
  duration_ms: 0.158264
  type: 'test'
  ...
# Subtest: first chapter can be bookmarked before a single word arrives
ok 301 - first chapter can be bookmarked before a single word arrives
  ---
  duration_ms: 0.565826
  type: 'test'
  ...
# Subtest: failed chapter retains its opening score and stock, recording retry count
ok 302 - failed chapter retains its opening score and stock, recording retry count
  ---
  duration_ms: 0.451086
  type: 'test'
  ...
# Subtest: retry increments cannot corrupt another expedition or chapter
ok 303 - retry increments cannot corrupt another expedition or chapter
  ---
  duration_ms: 0.424958
  type: 'test'
  ...
# Subtest: repeating a failed chapter cannot double-award its previous earned score
ok 304 - repeating a failed chapter cannot double-award its previous earned score
  ---
  duration_ms: 0.48776
  type: 'test'
  ...
# Subtest: campaign final clear cannot advance into chapter 49
ok 305 - campaign final clear cannot advance into chapter 49
  ---
  duration_ms: 0.286974
  type: 'test'
  ...
# Subtest: practice completion cannot advance into a multi-chapter practice score
ok 306 - practice completion cannot advance into a multi-chapter practice score
  ---
  duration_ms: 0.25018
  type: 'test'
  ...
# Subtest: endless can progress without receiving a false campaign victory
ok 307 - endless can progress without receiving a false campaign victory
  ---
  duration_ms: 0.234336
  type: 'test'
  ...
# Subtest: campaign victory cannot be declared in the middle of chapter 48
ok 308 - campaign victory cannot be declared in the middle of chapter 48
  ---
  duration_ms: 0.21661
  type: 'test'
  ...
# Subtest: retirement snapshots retain a voluntary finish distinction
ok 309 - retirement snapshots retain a voluntary finish distinction
  ---
  duration_ms: 0.301435
  type: 'test'
  ...
# Subtest: practice mastery on an unlocked chapter saves without unlocking another chapter
ok 310 - practice mastery on an unlocked chapter saves without unlocking another chapter
  ---
  duration_ms: 0.547529
  type: 'test'
  ...
# Subtest: practice cannot generate stars on a locked chapter
ok 311 - practice cannot generate stars on a locked chapter
  ---
  duration_ms: 0.093638
  type: 'test'
  ...
# Subtest: campaign clear after practice can unlock the next chapter
ok 312 - campaign clear after practice can unlock the next chapter
  ---
  duration_ms: 0.205113
  type: 'test'
  ...
# Subtest: practice best score is chapter-specific, not simply the longest chapter
ok 313 - practice best score is chapter-specific, not simply the longest chapter
  ---
  duration_ms: 0.560708
  type: 'test'
  ...
# Subtest: old rulesets remain in Legacy and cannot become a current personal best
ok 314 - old rulesets remain in Legacy and cannot become a current personal best
  ---
  duration_ms: 0.12881
  type: 'test'
  ...
# Subtest: a migrated in-progress expedition keeps its original scoring provenance
ok 315 - a migrated in-progress expedition keeps its original scoring provenance
  ---
  duration_ms: 0.44669
  type: 'test'
  ...
# Subtest: v3 migration does not overwrite or delete the original saved bytes
ok 316 - v3 migration does not overwrite or delete the original saved bytes
  ---
  duration_ms: 0.215408
  type: 'test'
  ...
# Subtest: corrupt power bags and nonfinite checkpoint identifiers are rejected
ok 317 - corrupt power bags and nonfinite checkpoint identifiers are rejected
  ---
  duration_ms: 0.213305
  type: 'test'
  ...
# Subtest: actual completed-stage score replaces only the comparable ruleset best
ok 318 - actual completed-stage score replaces only the comparable ruleset best
  ---
  duration_ms: 0.347964
  type: 'test'
  ...
# Subtest: paused application settings reject invalid volume and difficulty values
ok 319 - paused application settings reject invalid volume and difficulty values
  ---
  duration_ms: 0.22991
  type: 'test'
  ...
# Subtest: nonfinite and zero deltas cannot poison the game clock
ok 320 - nonfinite and zero deltas cannot poison the game clock
  ---
  duration_ms: 0.14919
  type: 'test'
  ...
# Subtest: long-session replay memory is bounded and truncation is explicit
ok 321 - long-session replay memory is bounded and truncation is explicit
  ---
  duration_ms: 28.153571
  type: 'test'
  ...
# Subtest: renderer frame rate cannot change a fixed-tick authored run
ok 322 - renderer frame rate cannot change a fixed-tick authored run
  ---
  duration_ms: 6.335148
  type: 'test'
  ...
# Subtest: 250 seeded adversarial sessions retain finite state, terminal uniqueness and stock bounds
ok 323 - 250 seeded adversarial sessions retain finite state, terminal uniqueness and stock bounds
  ---
  duration_ms: 238.058919
  type: 'test'
  ...
# Subtest: merging new-rule practice medals cannot revoke an old-rule campaign clear
ok 324 - merging new-rule practice medals cannot revoke an old-rule campaign clear
  ---
  duration_ms: 0.460841
  type: 'test'
  ...
# Subtest: corrupt current save is quarantined and a valid untouched v3 save is recovered
ok 325 - corrupt current save is quarantined and a valid untouched v3 save is recovered
  ---
  duration_ms: 0.231862
  type: 'test'
  ...
# Subtest: normalization accepts English letters, uppercases and bounds the buffer
ok 326 - normalization accepts English letters, uppercases and bounds the buffer
  ---
  duration_ms: 1.824595
  type: 'test'
  ...
# Subtest: dictionary is substantial, uppercase, unique within tiers, and all words fit the buffer
ok 327 - dictionary is substantial, uppercase, unique within tiers, and all words fit the buffer
  ---
  duration_ms: 0.567589
  type: 'test'
  ...
# Subtest: seeded random generator repeats exactly
ok 328 - seeded random generator repeats exactly
  ---
  duration_ms: 1.219531
  type: 'test'
  ...
# Subtest: fresh game is in menu, with no starting power stock
ok 329 - fresh game is in menu, with no starting power stock
  ---
  duration_ms: 0.441392
  type: 'test'
  ...
# Subtest: start resets all run state
ok 330 - start resets all run state
  ---
  duration_ms: 0.487249
  type: 'test'
  ...
# Subtest: complete exact word once, update points/progress/characters
ok 331 - complete exact word once, update points/progress/characters
  ---
  duration_ms: 0.847421
  type: 'test'
  ...
# Subtest: partial input never auto-clears or penalizes
ok 332 - partial input never auto-clears or penalizes
  ---
  duration_ms: 0.219174
  type: 'test'
  ...
# Subtest: empty Enter is a true no-op
ok 333 - empty Enter is a true no-op
  ---
  duration_ms: 0.438538
  type: 'test'
  ...
# Subtest: invalid submission penalizes once and clears the buffer
ok 334 - invalid submission penalizes once and clears the buffer
  ---
  duration_ms: 0.507139
  type: 'test'
  ...
# Subtest: editing a prefix is non-destructive
ok 335 - editing a prefix is non-destructive
  ---
  duration_ms: 0.400201
  type: 'test'
  ...
# Subtest: duplicate words resolve the lowest exact match
ok 336 - duplicate words resolve the lowest exact match
  ---
  duration_ms: 0.492678
  type: 'test'
  ...
# Subtest: ties are stable by ID
ok 337 - ties are stable by ID
  ---
  duration_ms: 0.153487
  type: 'test'
  ...
# Subtest: shared prefix does not lock onto a target
ok 338 - shared prefix does not lock onto a target
  ---
  duration_ms: 0.45996
  type: 'test'
  ...
# Subtest: falling FIRE word takes priority over available command
ok 339 - falling FIRE word takes priority over available command
  ---
  duration_ms: 0.133056
  type: 'test'
  ...
# Subtest: power collection is immediate and capped at two
ok 340 - power collection is immediate and capped at two
  ---
  duration_ms: 0.221818
  type: 'test'
  ...
# Subtest: all four power-card families grant the corresponding book
ok 341 - all four power-card families grant the corresponding book
  ---
  duration_ms: 0.302667
  type: 'test'
  ...
# Subtest: unavailable spell costs no points or danger and grants no stock
ok 342 - unavailable spell costs no points or danger and grants no stock
  ---
  duration_ms: 0.24413
  type: 'test'
  ...
# Subtest: FIRE clears active cards without scoring, progress, or harvesting books
ok 343 - FIRE clears active cards without scoring, progress, or harvesting books
  ---
  duration_ms: 0.473499
  type: 'test'
  ...
# Subtest: FIRE consumes exactly one charge per nonempty cast
ok 344 - FIRE consumes exactly one charge per nonempty cast
  ---
  duration_ms: 0.291781
  type: 'test'
  ...
# Subtest: ICE stops words and spawn timer for its duration
ok 345 - ICE stops words and spawn timer for its duration
  ---
  duration_ms: 1.010052
  type: 'test'
  ...
# Subtest: ICE active recast is rejected and preserves the next book
ok 346 - ICE active recast is rejected and preserves the next book
  ---
  duration_ms: 0.221097
  type: 'test'
  ...
# Subtest: SLOW scales motion by exactly 0.42
ok 347 - SLOW scales motion by exactly 0.42
  ---
  duration_ms: 0.433401
  type: 'test'
  ...
# Subtest: ICE and SLOW coexist; SLOW time is banked until ICE ends
ok 348 - ICE and SLOW coexist; SLOW time is banked until ICE ends
  ---
  duration_ms: 0.437396
  type: 'test'
  ...
# Subtest: WIND fully clears danger and paper without clearing active words
ok 349 - WIND fully clears danger and paper without clearing active words
  ---
  duration_ms: 0.280034
  type: 'test'
  ...
# Subtest: pause freezes timers, positions, game time, and spawn countdown
ok 350 - pause freezes timers, positions, game time, and spawn countdown
  ---
  duration_ms: 0.714916
  type: 'test'
  ...
# Subtest: paused input cannot change buffer or score
ok 351 - paused input cannot change buffer or score
  ---
  duration_ms: 0.139306
  type: 'test'
  ...
# Subtest: miss adds the configured danger once and clears streak
ok 352 - miss adds the configured danger once and clears streak
  ---
  duration_ms: 0.294766
  type: 'test'
  ...
# Subtest: dark miss penalty is larger; dark completion earns double
ok 353 - dark miss penalty is larger; dark completion earns double
  ---
  duration_ms: 0.374333
  type: 'test'
  ...
# Subtest: game over is terminal and emits only once
ok 354 - game over is terminal and emits only once
  ---
  duration_ms: 0.32509
  type: 'test'
  ...
# Subtest: an invalid submission can end a run at the limit
ok 355 - an invalid submission can end a run at the limit
  ---
  duration_ms: 0.172925
  type: 'test'
  ...
# Subtest: word submitted just before impact cannot subsequently land
ok 356 - word submitted just before impact cannot subsequently land
  ---
  duration_ms: 0.169851
  type: 'test'
  ...
# Subtest: perfect chapter awards 100 x level plus 250, then clears field
ok 357 - perfect chapter awards 100 x level plus 250, then clears field
  ---
  duration_ms: 0.481832
  type: 'test'
  ...
# Subtest: imperfect chapter excludes perfect bonus
ok 358 - imperfect chapter excludes perfect bonus
  ---
  duration_ms: 0.287314
  type: 'test'
  ...
# Subtest: next chapter resets quota and timed effects but retains danger and stock
ok 359 - next chapter resets quota and timed effects but retains danger and stock
  ---
  duration_ms: 0.330078
  type: 'test'
  ...
# Subtest: streak multiplier grows at eight and caps at three
ok 360 - streak multiplier grows at eight and caps at three
  ---
  duration_ms: 0.105075
  type: 'test'
  ...
# Subtest: word accuracy is submission accuracy, not a keystroke claim
ok 361 - word accuracy is submission accuracy, not a keystroke claim
  ---
  duration_ms: 0.173246
  type: 'test'
  ...
# Subtest: WPM uses correctly completed characters and active time
ok 362 - WPM uses correctly completed characters and active time
  ---
  duration_ms: 0.208768
  type: 'test'
  ...
# Subtest: same seed and input sequence yield the same simulation
ok 363 - same seed and input sequence yield the same simulation
  ---
  duration_ms: 5.295983
  type: 'test'
  ...
# Subtest: spawn bounds keep whole cards on the playfield
ok 364 - spawn bounds keep whole cards on the playfield
  ---
  duration_ms: 3.703705
  type: 'test'
  ...
# Subtest: spawn is bounded at 12 simultaneous cards
ok 365 - spawn is bounded at 12 simultaneous cards
  ---
  duration_ms: 0.16203
  type: 'test'
  ...
# Subtest: special cards include explicit glyph padding
ok 366 - special cards include explicit glyph padding
  ---
  duration_ms: 0.194828
  type: 'test'
  ...
# Subtest: level speed and quotas increase but remain bounded
ok 367 - level speed and quotas increase but remain bounded
  ---
  duration_ms: 0.119647
  type: 'test'
  ...
# Subtest: pace choice changes speed without changing correctness rules
ok 368 - pace choice changes speed without changing correctness rules
  ---
  duration_ms: 0.093878
  type: 'test'
  ...
# Subtest: fixed clock creates 60 bounded simulation steps over one second
ok 369 - fixed clock creates 60 bounded simulation steps over one second
  ---
  duration_ms: 0.317239
  type: 'test'
  ...
# Subtest: clock does not simulate a hidden-tab catch-up burst
ok 370 - clock does not simulate a hidden-tab catch-up burst
  ---
  duration_ms: 0.146997
  type: 'test'
  ...
# Subtest: settings and local records round-trip with schema validation
ok 371 - settings and local records round-trip with schema validation
  ---
  duration_ms: 1.761502
  type: 'test'
  ...
# Subtest: malformed local data recovers safely
ok 372 - malformed local data recovers safely
  ---
  duration_ms: 0.716177
  type: 'test'
  ...
# Subtest: unavailable storage is explicitly session-only
ok 373 - unavailable storage is explicitly session-only
  ---
  duration_ms: 0.279944
  type: 'test'
  ...
# Subtest: blocked storage never crashes game state
ok 374 - blocked storage never crashes game state
  ---
  duration_ms: 0.273584
  type: 'test'
  ...
# Subtest: records filter malformed entries and maintain independent pace bests
ok 375 - records filter malformed entries and maintain independent pace bests
  ---
  duration_ms: 0.22295
  type: 'test'
  ...
# Subtest: clearing records retains settings
ok 376 - clearing records retains settings
  ---
  duration_ms: 0.233646
  type: 'test'
  ...
# Subtest: new players get the original score without a separate setup screen
ok 377 - new players get the original score without a separate setup screen
  ---
  duration_ms: 0.885748
  type: 'test'
  ...
# Subtest: music, effects, and master volume have independent bounded defaults
ok 378 - music, effects, and master volume have independent bounded defaults
  ---
  duration_ms: 0.168309
  type: 'test'
  ...
# Subtest: default gameplay HUD is focused, not a metrics dashboard
ok 379 - default gameplay HUD is focused, not a metrics dashboard
  ---
  duration_ms: 0.117163
  type: 'test'
  ...
# Subtest: returning players have a configurable resume safety countdown
ok 380 - returning players have a configurable resume safety countdown
  ---
  duration_ms: 0.083453
  type: 'test'
  ...
# Subtest: v2 settings and records migrate non-destructively into Typekeeper
ok 381 - v2 settings and records migrate non-destructively into Typekeeper
  ---
  duration_ms: 0.972937
  type: 'test'
  ...
# Subtest: current Typekeeper preferences take priority over old defaults
ok 382 - current Typekeeper preferences take priority over old defaults
  ---
  duration_ms: 0.147848
  type: 'test'
  ...
# Subtest: new audio preferences persist through actual serialization
ok 383 - new audio preferences persist through actual serialization
  ---
  duration_ms: 0.288096
  type: 'test'
  ...
# Subtest: invalid imported audio gains do not reach the mixer
ok 384 - invalid imported audio gains do not reach the mixer
  ---
  duration_ms: 0.339732
  type: 'test'
  ...
# Subtest: new presentation toggles serialize without changing active game rules
ok 385 - new presentation toggles serialize without changing active game rules
  ---
  duration_ms: 0.286804
  type: 'test'
  ...
# Subtest: Typekeeper save exports identify the product and preserve schema compatibility
ok 386 - Typekeeper save exports identify the product and preserve schema compatibility
  ---
  duration_ms: 0.890886
  type: 'test'
  ...
# Subtest: migrated saves retain all earned mastery and chapter bookmarks
ok 387 - migrated saves retain all earned mastery and chapter bookmarks
  ---
  duration_ms: 2.949587
  type: 'test'
  ...
# Subtest: pile restoration agrees with the danger meter after a bookmark
ok 388 - pile restoration agrees with the danger meter after a bookmark
  ---
  duration_ms: 0.991925
  type: 'test'
  ...
# Subtest: restored pile does not retain references to imported data
ok 389 - restored pile does not retain references to imported data
  ---
  duration_ms: 0.302848
  type: 'test'
  ...
# Subtest: older checkpoints reconstruct visual papers for existing danger
ok 390 - older checkpoints reconstruct visual papers for existing danger
  ---
  duration_ms: 0.342546
  type: 'test'
  ...
# Subtest: malformed pile objects are rejected before save import
ok 391 - malformed pile objects are rejected before save import
  ---
  duration_ms: 0.175929
  type: 'test'
  ...
# Subtest: oversized or out-of-field imported piles are rejected
ok 392 - oversized or out-of-field imported piles are rejected
  ---
  duration_ms: 0.224982
  type: 'test'
  ...
# Subtest: campaign finale now uses the Typekeeper identity
ok 393 - campaign finale now uses the Typekeeper identity
  ---
  duration_ms: 0.065376
  type: 'test'
  ...
# Subtest: HTML contains no website header, footer, or edition labeling
ok 394 - HTML contains no website header, footer, or edition labeling
  ---
  duration_ms: 0.388033
  type: 'test'
  ...
# Subtest: live menu source removes prototype and defensive copy
ok 395 - live menu source removes prototype and defensive copy
  ---
  duration_ms: 0.282427
  type: 'test'
  ...
# Subtest: original score has two equal-length, original phase-aligned stems
ok 396 - original score has two equal-length, original phase-aligned stems
  ---
  duration_ms: 0.248036
  type: 'test'
  ...
# Subtest: both music exports are included locally and stay under 3 MiB each
ok 397 - both music exports are included locally and stay under 3 MiB each
  ---
  duration_ms: 0.191162
  type: 'test'
  ...
# Subtest: source soundtrack includes editable MIDI and lossless masters
ok 398 - source soundtrack includes editable MIDI and lossless masters
  ---
  duration_ms: 0.190752
  type: 'test'
  ...
# Subtest: old placeholder nocturne is not shipped as a runtime asset
ok 399 - old placeholder nocturne is not shipped as a runtime asset
  ---
  duration_ms: 0.084415
  type: 'test'
  ...
# Subtest: no font binaries or remote font dependencies are required
ok 400 - no font binaries or remote font dependencies are required
  ---
  duration_ms: 0.332131
  type: 'test'
  ...
# Subtest: Application 3.5.1 retains the 3.2.1 gameplay ruleset and resource capacity
ok 401 - Application 3.5.1 retains the 3.2.1 gameplay ruleset and resource capacity
  ---
  duration_ms: 2.041606
  type: 'test'
  ...
# Subtest: Source hashes preserve untouched 3.4 modules; changed rules/model are covered by dual-model parity tests
ok 402 - Source hashes preserve untouched 3.4 modules; changed rules/model are covered by dual-model parity tests
  ---
  duration_ms: 37.743446
  type: 'test'
  ...
# Subtest: Room state 1 follows campaign chapters 1–6
ok 403 - Room state 1 follows campaign chapters 1–6
  ---
  duration_ms: 0.348916
  type: 'test'
  ...
# Subtest: Room state 2 follows campaign chapters 7–12
ok 404 - Room state 2 follows campaign chapters 7–12
  ---
  duration_ms: 0.106988
  type: 'test'
  ...
# Subtest: Room state 3 follows campaign chapters 13–18
ok 405 - Room state 3 follows campaign chapters 13–18
  ---
  duration_ms: 0.215208
  type: 'test'
  ...
# Subtest: Room state 4 follows campaign chapters 19–24
ok 406 - Room state 4 follows campaign chapters 19–24
  ---
  duration_ms: 0.061621
  type: 'test'
  ...
# Subtest: Room state 5 follows campaign chapters 25–30
ok 407 - Room state 5 follows campaign chapters 25–30
  ---
  duration_ms: 0.148049
  type: 'test'
  ...
# Subtest: Room state 6 follows campaign chapters 31–36
ok 408 - Room state 6 follows campaign chapters 31–36
  ---
  duration_ms: 0.059558
  type: 'test'
  ...
# Subtest: Room state 7 follows campaign chapters 37–42
ok 409 - Room state 7 follows campaign chapters 37–42
  ---
  duration_ms: 0.198654
  type: 'test'
  ...
# Subtest: Room state 8 follows campaign chapters 43–48
ok 410 - Room state 8 follows campaign chapters 43–48
  ---
  duration_ms: 0.278111
  type: 'test'
  ...
# Subtest: Endless reuses the final room rather than generating unbounded stage textures
ok 411 - Endless reuses the final room rather than generating unbounded stage textures
  ---
  duration_ms: 0.124194
  type: 'test'
  ...
# Subtest: Visual prefix target is the same lowest-y, lowest-ID candidate as the model
ok 412 - Visual prefix target is the same lowest-y, lowest-ID candidate as the model
  ---
  duration_ms: 0.214617
  type: 'test'
  ...
# Subtest: Target selection never reorders the live model array
ok 413 - Target selection never reorders the live model array
  ---
  duration_ms: 0.729868
  type: 'test'
  ...
# Subtest: Words stay readable at presentation scale 0.72
ok 414 - Words stay readable at presentation scale 0.72
  ---
  duration_ms: 0.502433
  type: 'test'
  ...
# Subtest: Words stay readable at presentation scale 0.8355555556
ok 415 - Words stay readable at presentation scale 0.8355555556
  ---
  duration_ms: 0.201468
  type: 'test'
  ...
# Subtest: Words stay readable at presentation scale 1.18
ok 416 - Words stay readable at presentation scale 1.18
  ---
  duration_ms: 0.068361
  type: 'test'
  ...
# Subtest: EXTRAORDINARY remains one complete string and never splits into rows
ok 417 - EXTRAORDINARY remains one complete string and never splits into rows
  ---
  duration_ms: 0.094049
  type: 'test'
  ...
# Subtest: Physical-text material layouts leave room for all four element icons
ok 418 - Physical-text material layouts leave room for all four element icons
  ---
  duration_ms: 0.091905
  type: 'test'
  ...
# Subtest: Display-only collision resolution never changes y, speed, text or source coordinates
ok 419 - Display-only collision resolution never changes y, speed, text or source coordinates
  ---
  duration_ms: 0.330628
  type: 'test'
  ...
# Subtest: Display separation clamps complete card edges inside the playfield
ok 420 - Display separation clamps complete card edges inside the playfield
  ---
  duration_ms: 0.180196
  type: 'test'
  ...
# Subtest: Defeat ceremony lasts 1.2 presentation seconds and completes exactly once
ok 421 - Defeat ceremony lasts 1.2 presentation seconds and completes exactly once
  ---
  duration_ms: 0.187406
  type: 'test'
  ...
# Subtest: Chapter closure lasts less than a second and is independently skippable
ok 422 - Chapter closure lasts less than a second and is independently skippable
  ---
  duration_ms: 0.075091
  type: 'test'
  ...
# Subtest: Hidden-page time does not consume the ceremony
ok 423 - Hidden-page time does not consume the ceremony
  ---
  duration_ms: 0.097574
  type: 'test'
  ...
# Subtest: Canceling a ceremony prevents stale UI callbacks after retry or menu
ok 424 - Canceling a ceremony prevents stale UI callbacks after retry or menu
  ---
  duration_ms: 0.085816
  type: 'test'
  ...
# Subtest: Reduced-motion ceremonies complete immediately without simulated game time
ok 425 - Reduced-motion ceremonies complete immediately without simulated game time
  ---
  duration_ms: 0.067981
  type: 'test'
  ...
# Subtest: Long frame gaps cannot create a giant catch-up through the outcome presentation
ok 426 - Long frame gaps cannot create a giant catch-up through the outcome presentation
  ---
  duration_ms: 0.05398
  type: 'test'
  ...
# Subtest: Ceremony payload and progress never award a second model score
ok 427 - Ceremony payload and progress never award a second model score
  ---
  duration_ms: 1.180974
  type: 'test'
  ...
# Subtest: Presentation layout and effects do not change the authored 48-stage pace curve
ok 428 - Presentation layout and effects do not change the authored 48-stage pace curve
  ---
  duration_ms: 0.390287
  type: 'test'
  ...
# Subtest: chapter 1: the earlier pressure curve is pinned
ok 429 - chapter 1: the earlier pressure curve is pinned
  ---
  duration_ms: 1.047297
  type: 'test'
  ...
# Subtest: chapter 3: the earlier pressure curve is pinned
ok 430 - chapter 3: the earlier pressure curve is pinned
  ---
  duration_ms: 0.142451
  type: 'test'
  ...
# Subtest: chapter 6: the earlier pressure curve is pinned
ok 431 - chapter 6: the earlier pressure curve is pinned
  ---
  duration_ms: 0.109672
  type: 'test'
  ...
# Subtest: chapter 12: the earlier pressure curve is pinned
ok 432 - chapter 12: the earlier pressure curve is pinned
  ---
  duration_ms: 0.080679
  type: 'test'
  ...
# Subtest: chapter 24: the earlier pressure curve is pinned
ok 433 - chapter 24: the earlier pressure curve is pinned
  ---
  duration_ms: 0.118896
  type: 'test'
  ...
# Subtest: chapter 36: the earlier pressure curve is pinned
ok 434 - chapter 36: the earlier pressure curve is pinned
  ---
  duration_ms: 0.107439
  type: 'test'
  ...
# Subtest: chapter 48: the earlier pressure curve is pinned
ok 435 - chapter 48: the earlier pressure curve is pinned
  ---
  duration_ms: 0.066038
  type: 'test'
  ...
# Subtest: second chapter introduces medium words; the first chapter keeps its short onboarding words
ok 436 - second chapter introduces medium words; the first chapter keeps its short onboarding words
  ---
  duration_ms: 0.238402
  type: 'test'
  ...
# Subtest: all 48 vocabulary distributions are positive, normalized, and length-bounded
ok 437 - all 48 vocabulary distributions are positive, normalized, and length-bounded
  ---
  duration_ms: 4.856983
  type: 'test'
  ...
# Subtest: early speed changes are explicit between chapters; no within-card rubber banding
ok 438 - early speed changes are explicit between chapters; no within-card rubber banding
  ---
  duration_ms: 1.153344
  type: 'test'
  ...
# Subtest: chapter 48 into Endless does not reset difficulty downward
ok 439 - chapter 48 into Endless does not reset difficulty downward
  ---
  duration_ms: 0.150833
  type: 'test'
  ...
# Subtest: music adds no tension in calm play and builds continuously through danger
ok 440 - music adds no tension in calm play and builds continuously through danger
  ---
  duration_ms: 0.443084
  type: 'test'
  ...
# Subtest: adaptive layers can be disabled without changing the baseline scene groove
ok 441 - adaptive layers can be disabled without changing the baseline scene groove
  ---
  duration_ms: 0.559336
  type: 'test'
  ...
# Subtest: menu: high pile never leaves critical layers playing over a modal
ok 442 - menu: high pile never leaves critical layers playing over a modal
  ---
  duration_ms: 0.070804
  type: 'test'
  ...
# Subtest: pause: high pile never leaves critical layers playing over a modal
ok 443 - pause: high pile never leaves critical layers playing over a modal
  ---
  duration_ms: 0.038847
  type: 'test'
  ...
# Subtest: clear: high pile never leaves critical layers playing over a modal
ok 444 - clear: high pile never leaves critical layers playing over a modal
  ---
  duration_ms: 0.031246
  type: 'test'
  ...
# Subtest: over: high pile never leaves critical layers playing over a modal
ok 445 - over: high pile never leaves critical layers playing over a modal
  ---
  duration_ms: 0.029073
  type: 'test'
  ...
# Subtest: music rejects invalid pressure and clamps out-of-range numbers
ok 446 - music rejects invalid pressure and clamps out-of-range numbers
  ---
  duration_ms: 0.07423
  type: 'test'
  ...
# Subtest: all four stems use one exact original music-cycle duration
ok 447 - all four stems use one exact original music-cycle duration
  ---
  duration_ms: 0.048192
  type: 'test'
  ...
# Subtest: near-boundary pressure changes cannot cause abrupt target jumps
ok 448 - near-boundary pressure changes cannot cause abrupt target jumps
  ---
  duration_ms: 0.223159
  type: 'test'
  ...
# Subtest: input sparkle targets the lowest eligible prefix without auto-submitting
ok 449 - input sparkle targets the lowest eligible prefix without auto-submitting
  ---
  duration_ms: 0.27052
  type: 'test'
  ...
# Subtest: full-word ready cue is feedback only until Enter
ok 450 - full-word ready cue is feedback only until Enter
  ---
  duration_ms: 0.325821
  type: 'test'
  ...
# Subtest: wrong prefixes get no match sparkle and no extra penalty
ok 451 - wrong prefixes get no match sparkle and no extra penalty
  ---
  duration_ms: 0.18946
  type: 'test'
  ...
# Subtest: same-length replacement emits a new key event; unchanged input does not
ok 452 - same-length replacement emits a new key event; unchanged input does not
  ---
  duration_ms: 0.264271
  type: 'test'
  ...
# Subtest: backspace does not trigger a new typing-ready sound
ok 453 - backspace does not trigger a new typing-ready sound
  ---
  duration_ms: 0.180026
  type: 'test'
  ...
# Subtest: ICE and queued SLOW each emit exactly one natural ending
ok 454 - ICE and queued SLOW each emit exactly one natural ending
  ---
  duration_ms: 0.274876
  type: 'test'
  ...
# Subtest: pause suspends effect-end events and spell lifetime
ok 455 - pause suspends effect-end events and spell lifetime
  ---
  duration_ms: 0.144965
  type: 'test'
  ...
# Subtest: clearing a chapter cancels effects without false expiration cues
ok 456 - clearing a chapter cancels effects without false expiration cues
  ---
  duration_ms: 0.253204
  type: 'test'
  ...
# Subtest: score tally is monotone, bounded, and finishes at the authoritative total
ok 457 - score tally is monotone, bounded, and finishes at the authoritative total
  ---
  duration_ms: 0.294996
  type: 'test'
  ...
# Subtest: large totals finish in the same time rather than counting each point
ok 458 - large totals finish in the same time rather than counting each point
  ---
  duration_ms: 0.105455
  type: 'test'
  ...
# Subtest: slow-frame tally never schedules a backlog of ticks
ok 459 - slow-frame tally never schedules a backlog of ticks
  ---
  duration_ms: 0.079517
  type: 'test'
  ...
# Subtest: tally skip completes once; a canceled tally cannot leak a completion
ok 460 - tally skip completes once; a canceled tally cannot leak a completion
  ---
  duration_ms: 0.092917
  type: 'test'
  ...
# Subtest: reduced motion displays the final score immediately
ok 461 - reduced motion displays the final score immediately
  ---
  duration_ms: 0.066558
  type: 'test'
  ...
# Subtest: score presentation cannot mutate game totals or earn duplicate points
ok 462 - score presentation cannot mutate game totals or earn duplicate points
  ---
  duration_ms: 0.273103
  type: 'test'
  ...
# Subtest: v3.1 storage migrates into v3.2.1 without rewriting the old key
ok 463 - v3.1 storage migrates into v3.2.1 without rewriting the old key
  ---
  duration_ms: 0.942992
  type: 'test'
  ...
# Subtest: adaptive music and shimmer preferences persist without changing score rules
ok 464 - adaptive music and shimmer preferences persist without changing score rules
  ---
  duration_ms: 0.397217
  type: 'test'
  ...
# Subtest: Current SCORE keeps running total; campaign key identifies current chapter and starting chapter
ok 465 - Current SCORE keeps running total; campaign key identifies current chapter and starting chapter
  ---
  duration_ms: 2.123406
  type: 'test'
  ...
# Subtest: Independent scope: classic campaign
ok 466 - Independent scope: classic campaign
  ---
  duration_ms: 0.592114
  type: 'test'
  ...
# Subtest: Independent scope: classic practice
ok 467 - Independent scope: classic practice
  ---
  duration_ms: 0.311991
  type: 'test'
  ...
# Subtest: Independent scope: classic endless
ok 468 - Independent scope: classic endless
  ---
  duration_ms: 0.132766
  type: 'test'
  ...
# Subtest: Independent scope: relaxed campaign
ok 469 - Independent scope: relaxed campaign
  ---
  duration_ms: 0.112296
  type: 'test'
  ...
# Subtest: Independent scope: relaxed practice
ok 470 - Independent scope: relaxed practice
  ---
  duration_ms: 0.152295
  type: 'test'
  ...
# Subtest: Independent scope: relaxed endless
ok 471 - Independent scope: relaxed endless
  ---
  duration_ms: 0.097605
  type: 'test'
  ...
# Subtest: Independent scope: maniac campaign
ok 472 - Independent scope: maniac campaign
  ---
  duration_ms: 0.192655
  type: 'test'
  ...
# Subtest: Independent scope: maniac practice
ok 473 - Independent scope: maniac practice
  ---
  duration_ms: 0.258171
  type: 'test'
  ...
# Subtest: Independent scope: maniac endless
ok 474 - Independent scope: maniac endless
  ---
  duration_ms: 0.362726
  type: 'test'
  ...
# Subtest: Different campaign chapters and starting chapters never share a target
ok 475 - Different campaign chapters and starting chapters never share a target
  ---
  duration_ms: 0.272232
  type: 'test'
  ...
# Subtest: Invalid scope, pace, chapter, start point or mode is rejected
ok 476 - Invalid scope, pace, chapter, start point or mode is rejected
  ---
  duration_ms: 0.153026
  type: 'test'
  ...
# Subtest: Bad scores, wrong metric and foreign rulesets cannot enter new persistent records
ok 477 - Bad scores, wrong metric and foreign rulesets cannot enter new persistent records
  ---
  duration_ms: 0.126607
  type: 'test'
  ...
# Subtest: A valid zero is a real record, not FIRST RUN; first-run never celebrates a fictitious zero PB
ok 478 - A valid zero is a real record, not FIRST RUN; first-run never celebrates a fictitious zero PB
  ---
  duration_ms: 0.152856
  type: 'test'
  ...
# Subtest: PB target is a primitive snapshot, not a live record reference
ok 479 - PB target is a primitive snapshot, not a live record reference
  ---
  duration_ms: 0.126427
  type: 'test'
  ...
# Subtest: Mismatched target scope is rejected even if caller passes a numeric score
ok 480 - Mismatched target scope is rejected even if caller passes a numeric score
  ---
  duration_ms: 0.184492
  type: 'test'
  ...
# Subtest: 90 percent softly enters near state; a tie is never a new record
ok 481 - 90 percent softly enters near state; a tie is never a new record
  ---
  duration_ms: 0.132726
  type: 'test'
  ...
# Subtest: Crossing fires once and delta grows against frozen pre-attempt score
ok 482 - Crossing fires once and delta grows against frozen pre-attempt score
  ---
  duration_ms: 0.097684
  type: 'test'
  ...
# Subtest: Synchronized/restored beaten state never replays congratulations
ok 483 - Synchronized/restored beaten state never replays congratulations
  ---
  duration_ms: 0.130002
  type: 'test'
  ...
# Subtest: Retry/new chapter begins a new target snapshot without moving an existing chase
ok 484 - Retry/new chapter begins a new target snapshot without moving an existing chase
  ---
  duration_ms: 0.168048
  type: 'test'
  ...
# Subtest: Invalid observations cannot poison display state
ok 485 - Invalid observations cannot poison display state
  ---
  duration_ms: 0.104344
  type: 'test'
  ...
# Subtest: Earlier-rule checkpoint remains visibly unranked
ok 486 - Earlier-rule checkpoint remains visibly unranked
  ---
  duration_ms: 0.085176
  type: 'test'
  ...
# Subtest: A new Endless wave never changes the persistent scope
ok 487 - A new Endless wave never changes the persistent scope
  ---
  duration_ms: 0.078336
  type: 'test'
  ...
# Subtest: One complete, contiguous checkpoint recovers real running totals
ok 488 - One complete, contiguous checkpoint recovers real running totals
  ---
  duration_ms: 0.903614
  type: 'test'
  ...
# Subtest: Per-chapter maxima from different plays are never summed into campaign totals
ok 489 - Per-chapter maxima from different plays are never summed into campaign totals
  ---
  duration_ms: 0.712592
  type: 'test'
  ...
# Subtest: Existing practice chapter PB is usable immediately; campaign row cannot substitute
ok 490 - Existing practice chapter PB is usable immediately; campaign row cannot substitute
  ---
  duration_ms: 0.17634
  type: 'test'
  ...
# Subtest: Game-over / retired / completed records contribute scoped real running totals
ok 491 - Game-over / retired / completed records contribute scoped real running totals
  ---
  duration_ms: 0.432429
  type: 'test'
  ...
# Subtest: Lower scores and ties do not replace a saved best
ok 492 - Lower scores and ties do not replace a saved best
  ---
  duration_ms: 0.120608
  type: 'test'
  ...
# Subtest: Local best survives 100-row global leaderboard trimming
ok 493 - Local best survives 100-row global leaderboard trimming
  ---
  duration_ms: 11.298427
  type: 'test'
  ...
# Subtest: Save export/import and a fresh LocalStore retain targets without touching progression
ok 494 - Save export/import and a fresh LocalStore retain targets without touching progression
  ---
  duration_ms: 1.593124
  type: 'test'
  ...
# Subtest: Import merges higher PB, rejects key mismatch/foreign ruleset and is idempotent
ok 495 - Import merges higher PB, rejects key mismatch/foreign ruleset and is idempotent
  ---
  duration_ms: 0.488582
  type: 'test'
  ...
# Subtest: Malformed old aggregate progress does not invent a comparable target
ok 496 - Malformed old aggregate progress does not invent a comparable target
  ---
  duration_ms: 0.238111
  type: 'test'
  ...
# Subtest: Clearing scores clears chase and chapter PBs but keeps unlocks, stars and settings
ok 497 - Clearing scores clears chase and chapter PBs but keeps unlocks, stars and settings
  ---
  duration_ms: 0.348945
  type: 'test'
  ...
# Subtest: Cleared scores are not resurrected from checkpoint on subsequent import/reload
ok 498 - Cleared scores are not resurrected from checkpoint on subsequent import/reload
  ---
  duration_ms: 1.162637
  type: 'test'
  ...
# Subtest: Missing/denied storage leaves Score Chase functional in memory
ok 499 - Missing/denied storage leaves Score Chase functional in memory
  ---
  duration_ms: 0.486889
  type: 'test'
  ...
# Subtest: Chase collection stays bounded under malformed or oversized imports
ok 500 - Chase collection stays bounded under malformed or oversized imports
  ---
  duration_ms: 15.24767
  type: 'test'
  ...
# Subtest: Scope descriptions explain cumulative campaign, practice and continuous Endless semantics
ok 501 - Scope descriptions explain cumulative campaign, practice and continuous Endless semantics
  ---
  duration_ms: 0.295136
  type: 'test'
  ...
# Subtest: Presentation identity change is the only changed byte in the original presentation contract
ok 502 - Presentation identity change is the only changed byte in the original presentation contract
  ---
  duration_ms: 1.101888
  type: 'test'
  ...
# Subtest: No network, leaderboard, UI state or timing affects the immutable game model
ok 503 - No network, leaderboard, UI state or timing affects the immutable game model
  ---
  duration_ms: 4.961258
  type: 'test'
  ...
# Subtest: v3.5.1 foundation outside the declared 3.6 Impact renderer/audio scope is byte-identical
ok 504 - v3.5.1 foundation outside the declared 3.6 Impact renderer/audio scope is byte-identical
  ---
  duration_ms: 44.481158
  type: 'test'
  ...
# Subtest: normal: the ink, emblem and drawn hardware have separate safe regions for every authored word
ok 505 - normal: the ink, emblem and drawn hardware have separate safe regions for every authored word
  ---
  duration_ms: 11.32066
  type: 'test'
  ...
# Subtest: fire: the ink, emblem and drawn hardware have separate safe regions for every authored word
ok 506 - fire: the ink, emblem and drawn hardware have separate safe regions for every authored word
  ---
  duration_ms: 7.121078
  type: 'test'
  ...
# Subtest: ice: the ink, emblem and drawn hardware have separate safe regions for every authored word
ok 507 - ice: the ink, emblem and drawn hardware have separate safe regions for every authored word
  ---
  duration_ms: 13.753734
  type: 'test'
  ...
# Subtest: slow: the ink, emblem and drawn hardware have separate safe regions for every authored word
ok 508 - slow: the ink, emblem and drawn hardware have separate safe regions for every authored word
  ---
  duration_ms: 3.881403
  type: 'test'
  ...
# Subtest: wind: the ink, emblem and drawn hardware have separate safe regions for every authored word
ok 509 - wind: the ink, emblem and drawn hardware have separate safe regions for every authored word
  ---
  duration_ms: 3.476545
  type: 'test'
  ...
# Subtest: bonus: the ink, emblem and drawn hardware have separate safe regions for every authored word
ok 510 - bonus: the ink, emblem and drawn hardware have separate safe regions for every authored word
  ---
  duration_ms: 2.260438
  type: 'test'
  ...
# Subtest: INK: short and long scrolls fit their actual content, not the old model width
ok 511 - INK: short and long scrolls fit their actual content, not the old model width
  ---
  duration_ms: 1.102489
  type: 'test'
  ...
# Subtest: I: short and long scrolls fit their actual content, not the old model width
ok 512 - I: short and long scrolls fit their actual content, not the old model width
  ---
  duration_ms: 0.132615
  type: 'test'
  ...
# Subtest: WONDER: short and long scrolls fit their actual content, not the old model width
ok 513 - WONDER: short and long scrolls fit their actual content, not the old model width
  ---
  duration_ms: 0.421442
  type: 'test'
  ...
# Subtest: STORY: short and long scrolls fit their actual content, not the old model width
ok 514 - STORY: short and long scrolls fit their actual content, not the old model width
  ---
  duration_ms: 0.411107
  type: 'test'
  ...
# Subtest: IMAGINE: short and long scrolls fit their actual content, not the old model width
ok 515 - IMAGINE: short and long scrolls fit their actual content, not the old model width
  ---
  duration_ms: 0.279073
  type: 'test'
  ...
# Subtest: BIOLUMINESCENT: short and long scrolls fit their actual content, not the old model width
ok 516 - BIOLUMINESCENT: short and long scrolls fit their actual content, not the old model width
  ---
  duration_ms: 0.089182
  type: 'test'
  ...
# Subtest: Extreme 24-W custom cards remain single-line with a protected crest and both rollers
ok 517 - Extreme 24-W custom cards remain single-line with a protected crest and both rollers
  ---
  duration_ms: 0.17601
  type: 'test'
  ...
# Subtest: Ink overhangs are accounted for rather than relying only on advance width
ok 518 - Ink overhangs are accounted for rather than relying only on advance width
  ---
  duration_ms: 0.136422
  type: 'test'
  ...
# Subtest: Geometry remains frozen and defaults invalid dimensions safely
ok 519 - Geometry remains frozen and defaults invalid dimensions safely
  ---
  duration_ms: 0.143051
  type: 'test'
  ...
# Subtest: The ornament and tassels fit inside the pre-existing texture padding
ok 520 - The ornament and tassels fit inside the pre-existing texture padding
  ---
  duration_ms: 0.091144
  type: 'test'
  ...
# Subtest: Native WIND paths use all six cubic coordinates while FIRE/ICE/SLOW also draw without invalid parameters
ok 521 - Native WIND paths use all six cubic coordinates while FIRE/ICE/SLOW also draw without invalid parameters
  ---
  duration_ms: 2.13968
  type: 'test'
  ...
# Subtest: Reduced-motion casting emits no animated drawing calls
ok 522 - Reduced-motion casting emits no animated drawing calls
  ---
  duration_ms: 0.147779
  type: 'test'
  ...
# Subtest: Sizing repeated scrolls does not mutate game state or advance either random stream
ok 523 - Sizing repeated scrolls does not mutate game state or advance either random stream
  ---
  duration_ms: 9.018089
  type: 'test'
  ...
# Subtest: Standalone compiler includes scroll dependency before its consumers and checks the assembled script
ok 524 - Standalone compiler includes scroll dependency before its consumers and checks the assembled script
  ---
  duration_ms: 0.349296
  type: 'test'
  ...
# Subtest: Build rejects inconsistent HTML/application/package identity before exporting
ok 525 - Build rejects inconsistent HTML/application/package identity before exporting
  ---
  duration_ms: 0.160007
  type: 'test'
  ...
# Subtest: All 746 authored words × 6 materials remain complete single rows at scale 0.5
ok 526 - All 746 authored words × 6 materials remain complete single rows at scale 0.5
  ---
  duration_ms: 10.472849
  type: 'test'
  ...
# Subtest: All 746 authored words × 6 materials remain complete single rows at scale 0.65
ok 527 - All 746 authored words × 6 materials remain complete single rows at scale 0.65
  ---
  duration_ms: 3.862996
  type: 'test'
  ...
# Subtest: All 746 authored words × 6 materials remain complete single rows at scale 0.72
ok 528 - All 746 authored words × 6 materials remain complete single rows at scale 0.72
  ---
  duration_ms: 10.287715
  type: 'test'
  ...
# Subtest: All 746 authored words × 6 materials remain complete single rows at scale 0.8355555556
ok 529 - All 746 authored words × 6 materials remain complete single rows at scale 0.8355555556
  ---
  duration_ms: 4.981668
  type: 'test'
  ...
# Subtest: All 746 authored words × 6 materials remain complete single rows at scale 1
ok 530 - All 746 authored words × 6 materials remain complete single rows at scale 1
  ---
  duration_ms: 1.685059
  type: 'test'
  ...
# Subtest: All 746 authored words × 6 materials remain complete single rows at scale 1.18
ok 531 - All 746 authored words × 6 materials remain complete single rows at scale 1.18
  ---
  duration_ms: 1.62527
  type: 'test'
  ...
# Subtest: All 746 authored words × 6 materials remain complete single rows at scale 1.5
ok 532 - All 746 authored words × 6 materials remain complete single rows at scale 1.5
  ---
  duration_ms: 1.959124
  type: 'test'
  ...
# Subtest: All 746 authored words × 6 materials remain complete single rows at scale 2
ok 533 - All 746 authored words × 6 materials remain complete single rows at scale 2
  ---
  duration_ms: 1.573965
  type: 'test'
  ...
# Subtest: 24 widest glyphs fit card bounds instead of wrapping or clipping
ok 534 - 24 widest glyphs fit card bounds instead of wrapping or clipping
  ---
  duration_ms: 0.361784
  type: 'test'
  ...
# Subtest: Renderer ignores an obsolete two-line layout and paints only the complete canonical word
ok 535 - Renderer ignores an obsolete two-line layout and paints only the complete canonical word
  ---
  duration_ms: 0.757469
  type: 'test'
  ...
# Subtest: New runs use non-repeating consecutive entropy seeds, including same-tick fallback
ok 536 - New runs use non-repeating consecutive entropy seeds, including same-tick fallback
  ---
  duration_ms: 3.169892
  type: 'test'
  ...
# Subtest: 100 default new runs do not reuse one seed or the INK/TALE/BOOK/PAGE opening
ok 537 - 100 default new runs do not reuse one seed or the INK/TALE/BOOK/PAGE opening
  ---
  duration_ms: 32.324743
  type: 'test'
  ...
# Subtest: 200 explicit run seeds produce 200 different twelve-word openings
ok 538 - 200 explicit run seeds produce 200 different twelve-word openings
  ---
  duration_ms: 69.129303
  type: 'test'
  ...
# Subtest: Chapter 1: random words use authored pools, no active duplicate or recent repeat
ok 539 - Chapter 1: random words use authored pools, no active duplicate or recent repeat
  ---
  duration_ms: 11.972263
  type: 'test'
  ...
# Subtest: Chapter 2: random words use authored pools, no active duplicate or recent repeat
ok 540 - Chapter 2: random words use authored pools, no active duplicate or recent repeat
  ---
  duration_ms: 5.629023
  type: 'test'
  ...
# Subtest: Chapter 6: random words use authored pools, no active duplicate or recent repeat
ok 541 - Chapter 6: random words use authored pools, no active duplicate or recent repeat
  ---
  duration_ms: 4.246372
  type: 'test'
  ...
# Subtest: Chapter 12: random words use authored pools, no active duplicate or recent repeat
ok 542 - Chapter 12: random words use authored pools, no active duplicate or recent repeat
  ---
  duration_ms: 4.386103
  type: 'test'
  ...
# Subtest: Chapter 24: random words use authored pools, no active duplicate or recent repeat
ok 543 - Chapter 24: random words use authored pools, no active duplicate or recent repeat
  ---
  duration_ms: 4.349233
  type: 'test'
  ...
# Subtest: Chapter 36: random words use authored pools, no active duplicate or recent repeat
ok 544 - Chapter 36: random words use authored pools, no active duplicate or recent repeat
  ---
  duration_ms: 3.277271
  type: 'test'
  ...
# Subtest: Chapter 48: random words use authored pools, no active duplicate or recent repeat
ok 545 - Chapter 48: random words use authored pools, no active duplicate or recent repeat
  ---
  duration_ms: 3.334174
  type: 'test'
  ...
# Subtest: Chapter 49: random words use authored pools, no active duplicate or recent repeat
ok 546 - Chapter 49: random words use authored pools, no active duplicate or recent repeat
  ---
  duration_ms: 4.04197
  type: 'test'
  ...
# Subtest: Chapter 200: random words use authored pools, no active duplicate or recent repeat
ok 547 - Chapter 200: random words use authored pools, no active duplicate or recent repeat
  ---
  duration_ms: 2.864221
  type: 'test'
  ...
# Subtest: Fixed seed plus word seed still reproduces the complete word and item sequence
ok 548 - Fixed seed plus word seed still reproduces the complete word and item sequence
  ---
  duration_ms: 4.9145
  type: 'test'
  ...
# Subtest: relaxed: retry draws new words but restores score, danger, books, pacing and item schedule
ok 549 - relaxed: retry draws new words but restores score, danger, books, pacing and item schedule
  ---
  duration_ms: 1.897803
  type: 'test'
  ...
# Subtest: classic: retry draws new words but restores score, danger, books, pacing and item schedule
ok 550 - classic: retry draws new words but restores score, danger, books, pacing and item schedule
  ---
  duration_ms: 0.860421
  type: 'test'
  ...
# Subtest: maniac: retry draws new words but restores score, danger, books, pacing and item schedule
ok 551 - maniac: retry draws new words but restores score, danger, books, pacing and item schedule
  ---
  duration_ms: 1.07605
  type: 'test'
  ...
# Subtest: Repeated retries cannot accumulate failed-attempt earnings
ok 552 - Repeated retries cannot accumulate failed-attempt earnings
  ---
  duration_ms: 1.59074
  type: 'test'
  ...
# Subtest: Continue restores the same vocabulary attempt, including a saved retry
ok 553 - Continue restores the same vocabulary attempt, including a saved retry
  ---
  duration_ms: 2.736422
  type: 'test'
  ...
# Subtest: Export/import preserves randomized vocabulary provenance without changing balance version
ok 554 - Export/import preserves randomized vocabulary provenance without changing balance version
  ---
  duration_ms: 0.985736
  type: 'test'
  ...
# Subtest: Older bookmarks without vocabulary metadata retain legacy opener on Continue, but Retry randomizes
ok 555 - Older bookmarks without vocabulary metadata retain legacy opener on Continue, but Retry randomizes
  ---
  duration_ms: 2.226969
  type: 'test'
  ...
# Subtest: Malformed vocabulary bookmark metadata is rejected
ok 556 - Malformed vocabulary bookmark metadata is rejected
  ---
  duration_ms: 0.229238
  type: 'test'
  ...
# Subtest: Renderer/readability calculations never advance the word RNG or change the model
ok 557 - Renderer/readability calculations never advance the word RNG or change the model
  ---
  duration_ms: 6.68267
  type: 'test'
  ...
# Subtest: Word randomness cannot inject stock, shorten spell durations, or alter the sparse tutorial
ok 558 - Word randomness cannot inject stock, shorten spell durations, or alter the sparse tutorial
  ---
  duration_ms: 38.563978
  type: 'test'
  ...
# Subtest: v3.6.0 preserves v3.5.0 bytes: asset-source/FOLIO_MATERIALS.md
ok 559 - v3.6.0 preserves v3.5.0 bytes: asset-source/FOLIO_MATERIALS.md
  ---
  duration_ms: 2.582064
  type: 'test'
  ...
# Subtest: v3.6.0 preserves v3.5.0 bytes: asset-source/README.md
ok 560 - v3.6.0 preserves v3.5.0 bytes: asset-source/README.md
  ---
  duration_ms: 0.166787
  type: 'test'
  ...
# Subtest: v3.6.0 preserves v3.5.0 bytes: asset-source/audio/SFX_Preview_Cue_Sheet.json
ok 561 - v3.6.0 preserves v3.5.0 bytes: asset-source/audio/SFX_Preview_Cue_Sheet.json
  ---
  duration_ms: 0.156321
  type: 'test'
  ...
# Subtest: v3.6.0 preserves v3.5.0 bytes: asset-source/audio/Typekeeper_SFX_Preview.flac
ok 562 - v3.6.0 preserves v3.5.0 bytes: asset-source/audio/Typekeeper_SFX_Preview.flac
  ---
  duration_ms: 0.516232
  type: 'test'
  ...
# Subtest: v3.6.0 preserves v3.5.0 bytes: asset-source/audio/Typekeeper_SFX_Preview.mp3
ok 563 - v3.6.0 preserves v3.5.0 bytes: asset-source/audio/Typekeeper_SFX_Preview.mp3
  ---
  duration_ms: 0.581059
  type: 'test'
  ...
# Subtest: v3.6.0 preserves v3.5.0 bytes: asset-source/book-fire.svg
ok 564 - v3.6.0 preserves v3.5.0 bytes: asset-source/book-fire.svg
  ---
  duration_ms: 0.117053
  type: 'test'
  ...
# Subtest: v3.6.0 preserves v3.5.0 bytes: asset-source/book-ice.svg
ok 565 - v3.6.0 preserves v3.5.0 bytes: asset-source/book-ice.svg
  ---
  duration_ms: 0.153516
  type: 'test'
  ...
# Subtest: v3.6.0 preserves v3.5.0 bytes: asset-source/book-slow.svg
ok 566 - v3.6.0 preserves v3.5.0 bytes: asset-source/book-slow.svg
  ---
  duration_ms: 0.198963
  type: 'test'
  ...
# Subtest: v3.6.0 preserves v3.5.0 bytes: asset-source/book-wind.svg
ok 567 - v3.6.0 preserves v3.5.0 bytes: asset-source/book-wind.svg
  ---
  duration_ms: 0.337238
  type: 'test'
  ...
# Subtest: v3.6.0 preserves v3.5.0 bytes: asset-source/expressions/alarmed.png
ok 568 - v3.6.0 preserves v3.5.0 bytes: asset-source/expressions/alarmed.png
  ---
  duration_ms: 0.502132
  type: 'test'
  ...
# Subtest: v3.6.0 preserves v3.5.0 bytes: asset-source/expressions/calm.png
ok 569 - v3.6.0 preserves v3.5.0 bytes: asset-source/expressions/calm.png
  ---
  duration_ms: 0.718271
  type: 'test'
  ...
# Subtest: v3.6.0 preserves v3.5.0 bytes: asset-source/expressions/celebrate.png
ok 570 - v3.6.0 preserves v3.5.0 bytes: asset-source/expressions/celebrate.png
  ---
  duration_ms: 0.396145
  type: 'test'
  ...
# Subtest: v3.6.0 preserves v3.5.0 bytes: asset-source/expressions/critical.png
ok 571 - v3.6.0 preserves v3.5.0 bytes: asset-source/expressions/critical.png
  ---
  duration_ms: 0.246965
  type: 'test'
  ...
# Subtest: v3.6.0 preserves v3.5.0 bytes: asset-source/expressions/defeated.png
ok 572 - v3.6.0 preserves v3.5.0 bytes: asset-source/expressions/defeated.png
  ---
  duration_ms: 0.382385
  type: 'test'
  ...
# Subtest: v3.6.0 preserves v3.5.0 bytes: asset-source/expressions/expression-contact-sheet.jpg
ok 573 - v3.6.0 preserves v3.5.0 bytes: asset-source/expressions/expression-contact-sheet.jpg
  ---
  duration_ms: 0.448823
  type: 'test'
  ...
# Subtest: v3.6.0 preserves v3.5.0 bytes: asset-source/expressions/focused.png
ok 574 - v3.6.0 preserves v3.5.0 bytes: asset-source/expressions/focused.png
  ---
  duration_ms: 0.352641
  type: 'test'
  ...
# Subtest: v3.6.0 preserves v3.5.0 bytes: asset-source/expressions/rig.json
ok 575 - v3.6.0 preserves v3.5.0 bytes: asset-source/expressions/rig.json
  ---
  duration_ms: 0.064275
  type: 'test'
  ...
# Subtest: v3.6.0 preserves v3.5.0 bytes: asset-source/expressions/worried.png
ok 576 - v3.6.0 preserves v3.5.0 bytes: asset-source/expressions/worried.png
  ---
  duration_ms: 0.377848
  type: 'test'
  ...
# Subtest: v3.6.0 preserves v3.5.0 bytes: asset-source/favicon.svg
ok 577 - v3.6.0 preserves v3.5.0 bytes: asset-source/favicon.svg
  ---
  duration_ms: 0.095672
  type: 'test'
  ...
# Subtest: v3.6.0 preserves v3.5.0 bytes: asset-source/library-master.png
ok 578 - v3.6.0 preserves v3.5.0 bytes: asset-source/library-master.png
  ---
  duration_ms: 1.838435
  type: 'test'
  ...
# Subtest: v3.6.0 preserves v3.5.0 bytes: asset-source/music/arrangement.json
ok 579 - v3.6.0 preserves v3.5.0 bytes: asset-source/music/arrangement.json
  ---
  duration_ms: 0.186545
  type: 'test'
  ...
# Subtest: v3.6.0 preserves v3.5.0 bytes: asset-source/music/lanterns-and-letters.flac
ok 580 - v3.6.0 preserves v3.5.0 bytes: asset-source/music/lanterns-and-letters.flac
  ---
  duration_ms: 5.007336
  type: 'test'
  ...
# Subtest: v3.6.0 preserves v3.5.0 bytes: asset-source/music/lanterns-and-letters.mid
ok 581 - v3.6.0 preserves v3.5.0 bytes: asset-source/music/lanterns-and-letters.mid
  ---
  duration_ms: 0.122231
  type: 'test'
  ...
# Subtest: v3.6.0 preserves v3.5.0 bytes: asset-source/music/lanterns-and-letters.mp3
ok 582 - v3.6.0 preserves v3.5.0 bytes: asset-source/music/lanterns-and-letters.mp3
  ---
  duration_ms: 2.29519
  type: 'test'
  ...
# Subtest: v3.6.0 preserves v3.5.0 bytes: asset-source/music/lanterns-hearth.flac
ok 583 - v3.6.0 preserves v3.5.0 bytes: asset-source/music/lanterns-hearth.flac
  ---
  duration_ms: 2.947263
  type: 'test'
  ...
# Subtest: v3.6.0 preserves v3.5.0 bytes: asset-source/music/lanterns-motion.flac
ok 584 - v3.6.0 preserves v3.5.0 bytes: asset-source/music/lanterns-motion.flac
  ---
  duration_ms: 4.153104
  type: 'test'
  ...
# Subtest: v3.6.0 preserves v3.5.0 bytes: asset-source/music/lanterns-pressure.flac
ok 585 - v3.6.0 preserves v3.5.0 bytes: asset-source/music/lanterns-pressure.flac
  ---
  duration_ms: 1.296525
  type: 'test'
  ...
# Subtest: v3.6.0 preserves v3.5.0 bytes: asset-source/music/lanterns-urgency.flac
ok 586 - v3.6.0 preserves v3.5.0 bytes: asset-source/music/lanterns-urgency.flac
  ---
  duration_ms: 2.130797
  type: 'test'
  ...
# Subtest: v3.6.0 preserves v3.5.0 bytes: asset-source/music/pressure-and-relief-preview.flac
ok 587 - v3.6.0 preserves v3.5.0 bytes: asset-source/music/pressure-and-relief-preview.flac
  ---
  duration_ms: 1.695364
  type: 'test'
  ...
# Subtest: v3.6.0 preserves v3.5.0 bytes: asset-source/music/pressure-and-relief-preview.mp3
ok 588 - v3.6.0 preserves v3.5.0 bytes: asset-source/music/pressure-and-relief-preview.mp3
  ---
  duration_ms: 1.029541
  type: 'test'
  ...
# Subtest: v3.6.0 preserves v3.5.0 bytes: asset-source/music/pressure-arrangement.json
ok 589 - v3.6.0 preserves v3.5.0 bytes: asset-source/music/pressure-arrangement.json
  ---
  duration_ms: 0.330859
  type: 'test'
  ...
# Subtest: v3.6.0 preserves v3.5.0 bytes: asset-source/music/pressure-arrangement.mid
ok 590 - v3.6.0 preserves v3.5.0 bytes: asset-source/music/pressure-arrangement.mid
  ---
  duration_ms: 0.132766
  type: 'test'
  ...
# Subtest: v3.6.0 preserves v3.5.0 bytes: asset-source/music/pressure-score.json
ok 591 - v3.6.0 preserves v3.5.0 bytes: asset-source/music/pressure-score.json
  ---
  duration_ms: 0.078787
  type: 'test'
  ...
# Subtest: v3.6.0 preserves v3.5.0 bytes: asset-source/music/score.json
ok 592 - v3.6.0 preserves v3.5.0 bytes: asset-source/music/score.json
  ---
  duration_ms: 0.062372
  type: 'test'
  ...
# Subtest: v3.6.0 preserves v3.5.0 bytes: asset-source/typist-master.png
ok 593 - v3.6.0 preserves v3.5.0 bytes: asset-source/typist-master.png
  ---
  duration_ms: 0.48783
  type: 'test'
  ...
# Subtest: v3.6.0 preserves v3.5.0 bytes: public/assets/book-fire.svg
ok 594 - v3.6.0 preserves v3.5.0 bytes: public/assets/book-fire.svg
  ---
  duration_ms: 0.164363
  type: 'test'
  ...
# Subtest: v3.6.0 preserves v3.5.0 bytes: public/assets/book-ice.svg
ok 595 - v3.6.0 preserves v3.5.0 bytes: public/assets/book-ice.svg
  ---
  duration_ms: 0.064054
  type: 'test'
  ...
# Subtest: v3.6.0 preserves v3.5.0 bytes: public/assets/book-slow.svg
ok 596 - v3.6.0 preserves v3.5.0 bytes: public/assets/book-slow.svg
  ---
  duration_ms: 0.056784
  type: 'test'
  ...
# Subtest: v3.6.0 preserves v3.5.0 bytes: public/assets/book-wind.svg
ok 597 - v3.6.0 preserves v3.5.0 bytes: public/assets/book-wind.svg
  ---
  duration_ms: 0.061511
  type: 'test'
  ...
# Subtest: v3.6.0 preserves v3.5.0 bytes: public/assets/favicon.svg
ok 598 - v3.6.0 preserves v3.5.0 bytes: public/assets/favicon.svg
  ---
  duration_ms: 0.05466
  type: 'test'
  ...
# Subtest: v3.6.0 preserves v3.5.0 bytes: public/assets/icon-fire.svg
ok 599 - v3.6.0 preserves v3.5.0 bytes: public/assets/icon-fire.svg
  ---
  duration_ms: 0.051917
  type: 'test'
  ...
# Subtest: v3.6.0 preserves v3.5.0 bytes: public/assets/icon-ice.svg
ok 600 - v3.6.0 preserves v3.5.0 bytes: public/assets/icon-ice.svg
  ---
  duration_ms: 0.08782
  type: 'test'
  ...
# Subtest: v3.6.0 preserves v3.5.0 bytes: public/assets/icon-slow.svg
ok 601 - v3.6.0 preserves v3.5.0 bytes: public/assets/icon-slow.svg
  ---
  duration_ms: 0.10118
  type: 'test'
  ...
# Subtest: v3.6.0 preserves v3.5.0 bytes: public/assets/icon-wind.svg
ok 602 - v3.6.0 preserves v3.5.0 bytes: public/assets/icon-wind.svg
  ---
  duration_ms: 0.075292
  type: 'test'
  ...
# Subtest: v3.6.0 preserves v3.5.0 bytes: public/assets/lanterns-hearth.mp3
ok 603 - v3.6.0 preserves v3.5.0 bytes: public/assets/lanterns-hearth.mp3
  ---
  duration_ms: 1.935168
  type: 'test'
  ...
# Subtest: v3.6.0 preserves v3.5.0 bytes: public/assets/lanterns-motion.mp3
ok 604 - v3.6.0 preserves v3.5.0 bytes: public/assets/lanterns-motion.mp3
  ---
  duration_ms: 1.958472
  type: 'test'
  ...
# Subtest: v3.6.0 preserves v3.5.0 bytes: public/assets/lanterns-pressure.mp3
ok 605 - v3.6.0 preserves v3.5.0 bytes: public/assets/lanterns-pressure.mp3
  ---
  duration_ms: 1.194324
  type: 'test'
  ...
# Subtest: v3.6.0 preserves v3.5.0 bytes: public/assets/lanterns-urgency.mp3
ok 606 - v3.6.0 preserves v3.5.0 bytes: public/assets/lanterns-urgency.mp3
  ---
  duration_ms: 1.182136
  type: 'test'
  ...
# Subtest: v3.6.0 preserves v3.5.0 bytes: public/assets/library.webp
ok 607 - v3.6.0 preserves v3.5.0 bytes: public/assets/library.webp
  ---
  duration_ms: 1.162106
  type: 'test'
  ...
# Subtest: v3.6.0 preserves v3.5.0 bytes: public/assets/manifest.json
ok 608 - v3.6.0 preserves v3.5.0 bytes: public/assets/manifest.json
  ---
  duration_ms: 0.157603
  type: 'test'
  ...
# Subtest: v3.6.0 preserves v3.5.0 bytes: public/assets/paper.webp
ok 609 - v3.6.0 preserves v3.5.0 bytes: public/assets/paper.webp
  ---
  duration_ms: 0.108891
  type: 'test'
  ...
# Subtest: v3.6.0 preserves v3.5.0 bytes: public/assets/typist-alarmed.webp
ok 610 - v3.6.0 preserves v3.5.0 bytes: public/assets/typist-alarmed.webp
  ---
  duration_ms: 0.217682
  type: 'test'
  ...
# Subtest: v3.6.0 preserves v3.5.0 bytes: public/assets/typist-calm.webp
ok 611 - v3.6.0 preserves v3.5.0 bytes: public/assets/typist-calm.webp
  ---
  duration_ms: 0.208648
  type: 'test'
  ...
# Subtest: v3.6.0 preserves v3.5.0 bytes: public/assets/typist-celebrate.webp
ok 612 - v3.6.0 preserves v3.5.0 bytes: public/assets/typist-celebrate.webp
  ---
  duration_ms: 0.18272
  type: 'test'
  ...
# Subtest: v3.6.0 preserves v3.5.0 bytes: public/assets/typist-critical.webp
ok 613 - v3.6.0 preserves v3.5.0 bytes: public/assets/typist-critical.webp
  ---
  duration_ms: 0.186896
  type: 'test'
  ...
# Subtest: v3.6.0 preserves v3.5.0 bytes: public/assets/typist-defeated.webp
ok 614 - v3.6.0 preserves v3.5.0 bytes: public/assets/typist-defeated.webp
  ---
  duration_ms: 0.204913
  type: 'test'
  ...
# Subtest: v3.6.0 preserves v3.5.0 bytes: public/assets/typist-focused.webp
ok 615 - v3.6.0 preserves v3.5.0 bytes: public/assets/typist-focused.webp
  ---
  duration_ms: 0.178534
  type: 'test'
  ...
# Subtest: v3.6.0 preserves v3.5.0 bytes: public/assets/typist-worried.webp
ok 616 - v3.6.0 preserves v3.5.0 bytes: public/assets/typist-worried.webp
  ---
  duration_ms: 0.176982
  type: 'test'
  ...
# Subtest: v3.6.0 preserves v3.5.0 bytes: public/assets/typist.webp
ok 617 - v3.6.0 preserves v3.5.0 bytes: public/assets/typist.webp
  ---
  duration_ms: 0.171744
  type: 'test'
  ...
# Subtest: v3.6.0 preserves v3.5.0 bytes: src/audio/mix.js
ok 618 - v3.6.0 preserves v3.5.0 bytes: src/audio/mix.js
  ---
  duration_ms: 0.051817
  type: 'test'
  ...
# Subtest: v3.6.0 preserves v3.5.0 bytes: src/data/campaign.js
ok 619 - v3.6.0 preserves v3.5.0 bytes: src/data/campaign.js
  ---
  duration_ms: 0.050665
  type: 'test'
  ...
# Subtest: v3.6.0 preserves v3.5.0 bytes: src/data/words.js
ok 620 - v3.6.0 preserves v3.5.0 bytes: src/data/words.js
  ---
  duration_ms: 0.220556
  type: 'test'
  ...
# Subtest: v3.6.0 preserves v3.5.0 bytes: src/game/assets.js
ok 621 - v3.6.0 preserves v3.5.0 bytes: src/game/assets.js
  ---
  duration_ms: 0.067449
  type: 'test'
  ...
# Subtest: v3.6.0 preserves v3.5.0 bytes: src/game/chapter-records.js
ok 622 - v3.6.0 preserves v3.5.0 bytes: src/game/chapter-records.js
  ---
  duration_ms: 0.050365
  type: 'test'
  ...
# Subtest: v3.6.0 preserves v3.5.0 bytes: src/game/clock.js
ok 623 - v3.6.0 preserves v3.5.0 bytes: src/game/clock.js
  ---
  duration_ms: 0.058747
  type: 'test'
  ...
# Subtest: v3.6.0 preserves v3.5.0 bytes: src/game/controls.js
ok 624 - v3.6.0 preserves v3.5.0 bytes: src/game/controls.js
  ---
  duration_ms: 0.04772
  type: 'test'
  ...
# Subtest: v3.6.0 preserves v3.5.0 bytes: src/game/economy.js
ok 625 - v3.6.0 preserves v3.5.0 bytes: src/game/economy.js
  ---
  duration_ms: 0.045027
  type: 'test'
  ...
# Subtest: v3.6.0 preserves v3.5.0 bytes: src/game/model.js
ok 626 - v3.6.0 preserves v3.5.0 bytes: src/game/model.js
  ---
  duration_ms: 0.058837
  type: 'test'
  ...
# Subtest: v3.6.0 preserves v3.5.0 bytes: src/game/pressure.js
ok 627 - v3.6.0 preserves v3.5.0 bytes: src/game/pressure.js
  ---
  duration_ms: 0.134589
  type: 'test'
  ...
# Subtest: v3.6.0 preserves v3.5.0 bytes: src/game/random.js
ok 628 - v3.6.0 preserves v3.5.0 bytes: src/game/random.js
  ---
  duration_ms: 0.06736
  type: 'test'
  ...
# Subtest: v3.6.0 preserves v3.5.0 bytes: src/game/rules.js
ok 629 - v3.6.0 preserves v3.5.0 bytes: src/game/rules.js
  ---
  duration_ms: 0.052938
  type: 'test'
  ...
# Subtest: v3.6.0 preserves v3.5.0 bytes: src/render/book-leaf.js
ok 630 - v3.6.0 preserves v3.5.0 bytes: src/render/book-leaf.js
  ---
  duration_ms: 0.049453
  type: 'test'
  ...
# Subtest: v3.6.0 preserves v3.5.0 bytes: src/render/chapter-art.js
ok 631 - v3.6.0 preserves v3.5.0 bytes: src/render/chapter-art.js
  ---
  duration_ms: 0.069252
  type: 'test'
  ...
# Subtest: v3.6.0 preserves v3.5.0 bytes: src/render/classic-renderer.js
ok 632 - v3.6.0 preserves v3.5.0 bytes: src/render/classic-renderer.js
  ---
  duration_ms: 0.062412
  type: 'test'
  ...
# Subtest: v3.6.0 preserves v3.5.0 bytes: src/render/imperial-scroll.js
ok 633 - v3.6.0 preserves v3.5.0 bytes: src/render/imperial-scroll.js
  ---
  duration_ms: 0.078946
  type: 'test'
  ...
# Subtest: v3.6.0 preserves v3.5.0 bytes: src/ui/contextual-guidance.js
ok 634 - v3.6.0 preserves v3.5.0 bytes: src/ui/contextual-guidance.js
  ---
  duration_ms: 0.049804
  type: 'test'
  ...
# Subtest: v3.6.0 preserves v3.5.0 bytes: src/ui/icons.js
ok 635 - v3.6.0 preserves v3.5.0 bytes: src/ui/icons.js
  ---
  duration_ms: 0.053468
  type: 'test'
  ...
# Subtest: v3.6.0 preserves v3.5.0 bytes: src/ui/journey.js
ok 636 - v3.6.0 preserves v3.5.0 bytes: src/ui/journey.js
  ---
  duration_ms: 0.04689
  type: 'test'
  ...
# Subtest: v3.6.0 preserves v3.5.0 bytes: src/ui/score-rollup.js
ok 637 - v3.6.0 preserves v3.5.0 bytes: src/ui/score-rollup.js
  ---
  duration_ms: 0.044355
  type: 'test'
  ...
# Subtest: HUD geometry is immutable and simulation-independent
ok 638 - HUD geometry is immutable and simulation-independent
  ---
  duration_ms: 0.14905
  type: 'test'
  ...
# Subtest: Key tabs never share the readiness row at the largest label size
ok 639 - Key tabs never share the readiness row at the largest label size
  ---
  duration_ms: 0.603742
  type: 'test'
  ...
# Subtest: Readable interface sizing stays finite, capped, physically useful at scale 0.25
ok 640 - Readable interface sizing stays finite, capped, physically useful at scale 0.25
  ---
  duration_ms: 0.166787
  type: 'test'
  ...
# Subtest: Readable interface sizing stays finite, capped, physically useful at scale 0.4
ok 641 - Readable interface sizing stays finite, capped, physically useful at scale 0.4
  ---
  duration_ms: 0.051686
  type: 'test'
  ...
# Subtest: Readable interface sizing stays finite, capped, physically useful at scale 0.515555556
ok 642 - Readable interface sizing stays finite, capped, physically useful at scale 0.515555556
  ---
  duration_ms: 0.046428
  type: 'test'
  ...
# Subtest: Readable interface sizing stays finite, capped, physically useful at scale 0.648888889
ok 643 - Readable interface sizing stays finite, capped, physically useful at scale 0.648888889
  ---
  duration_ms: 0.05395
  type: 'test'
  ...
# Subtest: Readable interface sizing stays finite, capped, physically useful at scale 0.782222222
ok 644 - Readable interface sizing stays finite, capped, physically useful at scale 0.782222222
  ---
  duration_ms: 0.052227
  type: 'test'
  ...
# Subtest: Readable interface sizing stays finite, capped, physically useful at scale 0.835555556
ok 645 - Readable interface sizing stays finite, capped, physically useful at scale 0.835555556
  ---
  duration_ms: 0.038918
  type: 'test'
  ...
# Subtest: Readable interface sizing stays finite, capped, physically useful at scale 1
ok 646 - Readable interface sizing stays finite, capped, physically useful at scale 1
  ---
  duration_ms: 0.036845
  type: 'test'
  ...
# Subtest: Readable interface sizing stays finite, capped, physically useful at scale 1.2
ok 647 - Readable interface sizing stays finite, capped, physically useful at scale 1.2
  ---
  duration_ms: 0.037265
  type: 'test'
  ...
# Subtest: Invalid scale NaN gets a safe finite fallback
ok 648 - Invalid scale NaN gets a safe finite fallback
  ---
  duration_ms: 0.134399
  type: 'test'
  ...
# Subtest: Invalid scale Infinity gets a safe finite fallback
ok 649 - Invalid scale Infinity gets a safe finite fallback
  ---
  duration_ms: 0.04762
  type: 'test'
  ...
# Subtest: Invalid scale -1 gets a safe finite fallback
ok 650 - Invalid scale -1 gets a safe finite fallback
  ---
  duration_ms: 0.082392
  type: 'test'
  ...
# Subtest: Invalid scale 0 gets a safe finite fallback
ok 651 - Invalid scale 0 gets a safe finite fallback
  ---
  duration_ms: 0.057445
  type: 'test'
  ...
# Subtest: Invalid scale undefined gets a safe finite fallback
ok 652 - Invalid scale undefined gets a safe finite fallback
  ---
  duration_ms: 0.042863
  type: 'test'
  ...
# Subtest: Short context descriptions state the shipping effects without inventing rewards
ok 653 - Short context descriptions state the shipping effects without inventing rewards
  ---
  duration_ms: 0.344609
  type: 'test'
  ...
# Subtest: One integrated rescue element and accessible meter; no old free-floating clone
ok 654 - One integrated rescue element and accessible meter; no old free-floating clone
  ---
  duration_ms: 0.336337
  type: 'test'
  ...
# Subtest: Context help and transient messages share the defined well; keyboard precedence is explicit
ok 655 - Context help and transient messages share the defined well; keyboard precedence is explicit
  ---
  duration_ms: 0.24345
  type: 'test'
  ...
# Subtest: campaign has 48 unique named stages across eight six-stage wings
ok 656 - campaign has 48 unique named stages across eight six-stage wings
  ---
  duration_ms: 0.904175
  type: 'test'
  ...
# Subtest: eight trials occur at the end of each wing
ok 657 - eight trials occur at the end of each wing
  ---
  duration_ms: 0.611713
  type: 'test'
  ...
# Subtest: all 48 stages have smooth rising speed and falling arrival interval
ok 658 - all 48 stages have smooth rising speed and falling arrival interval
  ---
  duration_ms: 0.559056
  type: 'test'
  ...
# Subtest: endless mode is named and has bounded speed and spawn intervals
ok 659 - endless mode is named and has bounded speed and spawn intervals
  ---
  duration_ms: 0.974599
  type: 'test'
  ...
# Subtest: every numbered hotkey and numpad key maps to its spell
ok 660 - every numbered hotkey and numpad key maps to its spell
  ---
  duration_ms: 0.247145
  type: 'test'
  ...
# Subtest: hotkeys ignore modifiers, key repeat, IME and ordinary typing
ok 661 - hotkeys ignore modifiers, key repeat, IME and ordinary typing
  ---
  duration_ms: 0.138474
  type: 'test'
  ...
# Subtest: quick cast preserves the typed buffer and records input provenance
ok 662 - quick cast preserves the typed buffer and records input provenance
  ---
  duration_ms: 1.094396
  type: 'test'
  ...
# Subtest: quick FIRE is unambiguous even with a falling FIRE word
ok 663 - quick FIRE is unambiguous even with a falling FIRE word
  ---
  duration_ms: 0.377618
  type: 'test'
  ...
# Subtest: empty FIRE does not waste inventory
ok 664 - empty FIRE does not waste inventory
  ---
  duration_ms: 0.404597
  type: 'test'
  ...
# Subtest: empty WIND does not waste inventory
ok 665 - empty WIND does not waste inventory
  ---
  duration_ms: 0.448012
  type: 'test'
  ...
# Subtest: active SLOW cannot waste a second book
ok 666 - active SLOW cannot waste a second book
  ---
  duration_ms: 1.050302
  type: 'test'
  ...
# Subtest: SLOW creates breathing room in spawn countdown as well as motion
ok 667 - SLOW creates breathing room in spawn countdown as well as motion
  ---
  duration_ms: 0.239804
  type: 'test'
  ...
# Subtest: casting after ICE expires consumes the next book once
ok 668 - casting after ICE expires consumes the next book once
  ---
  duration_ms: 0.37973
  type: 'test'
  ...
# Subtest: anti-doublecast cooldown applies per power without blocking combinations
ok 669 - anti-doublecast cooldown applies per power without blocking combinations
  ---
  duration_ms: 0.277279
  type: 'test'
  ...
# Subtest: pressure state thresholds include every exact boundary
ok 670 - pressure state thresholds include every exact boundary
  ---
  duration_ms: 0.09475
  type: 'test'
  ...
# Subtest: defeat and celebration override the normal pressure expression
ok 671 - defeat and celebration override the normal pressure expression
  ---
  duration_ms: 0.055753
  type: 'test'
  ...
# Subtest: WIND immediately restores the calm gameplay state
ok 672 - WIND immediately restores the calm gameplay state
  ---
  duration_ms: 0.170081
  type: 'test'
  ...
# Subtest: pressure events fire on transitions rather than every frame
ok 673 - pressure events fire on transitions rather than every frame
  ---
  duration_ms: 0.807603
  type: 'test'
  ...
# Subtest: mastery stars use documented gold, silver and bronze thresholds
ok 674 - mastery stars use documented gold, silver and bronze thresholds
  ---
  duration_ms: 0.111475
  type: 'test'
  ...
# Subtest: stage summaries use stage-local WPM and accuracy
ok 675 - stage summaries use stage-local WPM and accuracy
  ---
  duration_ms: 0.799591
  type: 'test'
  ...
# Subtest: a full campaign advances through all 48 stages without stale phase or progress
ok 676 - a full campaign advances through all 48 stages without stale phase or progress
  ---
  duration_ms: 5.972301
  type: 'test'
  ...
# Subtest: checkpoint restores score, books, danger and completed stages at the next boundary
ok 677 - checkpoint restores score, books, danger and completed stages at the next boundary
  ---
  duration_ms: 0.765351
  type: 'test'
  ...
# Subtest: checkpoint is validated before being saved
ok 678 - checkpoint is validated before being saved
  ---
  duration_ms: 0.653485
  type: 'test'
  ...
# Subtest: checkpoint survives actual store serialization and clear is persistent
ok 679 - checkpoint survives actual store serialization and clear is persistent
  ---
  duration_ms: 0.867601
  type: 'test'
  ...
# Subtest: mastery keeps the best grade and paces stay independent
ok 680 - mastery keeps the best grade and paces stay independent
  ---
  duration_ms: 0.262769
  type: 'test'
  ...
# Subtest: practice can improve an earned grade but cannot create expedition progress
ok 681 - practice can improve an earned grade but cannot create expedition progress
  ---
  duration_ms: 0.15517
  type: 'test'
  ...
# Subtest: save export/import merges rather than duplicates records
ok 682 - save export/import merges rather than duplicates records
  ---
  duration_ms: 1.121447
  type: 'test'
  ...
# Subtest: current, practice and legacy records are not mixed in best score
ok 683 - current, practice and legacy records are not mixed in best score
  ---
  duration_ms: 1.119513
  type: 'test'
  ...
# Subtest: record time windows use date cutoffs and actual records
ok 684 - record time windows use date cutoffs and actual records
  ---
  duration_ms: 0.146666
  type: 'test'
  ...
# Subtest: legacy migration tolerates null and malformed rows and tags valid V1 scores
ok 685 - legacy migration tolerates null and malformed rows and tags valid V1 scores
  ---
  duration_ms: 0.224792
  type: 'test'
  ...
# Subtest: wide words allocate glyph-aware card widths
ok 686 - wide words allocate glyph-aware card widths
  ---
  duration_ms: 0.117463
  type: 'test'
  ...
# Subtest: spawned long cards remain wholly within the game field
ok 687 - spawned long cards remain wholly within the game field
  ---
  duration_ms: 3.400352
  type: 'test'
  ...
# Subtest: pause freezes cooldowns and resume does not erase partial input
ok 688 - pause freezes cooldowns and resume does not erase partial input
  ---
  duration_ms: 0.220225
  type: 'test'
  ...
# Subtest: checkpoint cannot be imported into a different pace slot
ok 689 - checkpoint cannot be imported into a different pace slot
  ---
  duration_ms: 0.212664
  type: 'test'
  ...
1..689
# tests 689
# suites 0
# pass 689
# fail 0
# cancelled 0
# skipped 0
# todo 0
# duration_ms 1395.081359
