
> typekeeper-enchanted-library@3.6.4 test
> node --test

TAP version 13
# Subtest: Differential-test reference hashes match the immutable user-uploaded 3.4.0 source
ok 1 - Differential-test reference hashes match the immutable user-uploaded 3.4.0 source
  ---
  duration_ms: 2.216222
  type: 'test'
  ...
# Subtest: All timing/scoring rules match 3.4; only authored 13-word quotas become 14
ok 2 - All timing/scoring rules match 3.4; only authored 13-word quotas become 14
  ---
  duration_ms: 4.007573
  type: 'test'
  ...
# Subtest: 3.4 oracle + explicit 13→14 quota revision: chapter 1, all three paces, identical genuine spawns/actions
ok 3 - 3.4 oracle + explicit 13→14 quota revision: chapter 1, all three paces, identical genuine spawns/actions
  ---
  duration_ms: 43.848604
  type: 'test'
  ...
# Subtest: 3.4 oracle + explicit 13→14 quota revision: chapter 2, all three paces, identical genuine spawns/actions
ok 4 - 3.4 oracle + explicit 13→14 quota revision: chapter 2, all three paces, identical genuine spawns/actions
  ---
  duration_ms: 21.869188
  type: 'test'
  ...
# Subtest: 3.4 oracle + explicit 13→14 quota revision: chapter 3, all three paces, identical genuine spawns/actions
ok 5 - 3.4 oracle + explicit 13→14 quota revision: chapter 3, all three paces, identical genuine spawns/actions
  ---
  duration_ms: 32.092513
  type: 'test'
  ...
# Subtest: 3.4 oracle + explicit 13→14 quota revision: chapter 4, all three paces, identical genuine spawns/actions
ok 6 - 3.4 oracle + explicit 13→14 quota revision: chapter 4, all three paces, identical genuine spawns/actions
  ---
  duration_ms: 38.55729
  type: 'test'
  ...
# Subtest: 3.4 oracle + explicit 13→14 quota revision: chapter 5, all three paces, identical genuine spawns/actions
ok 7 - 3.4 oracle + explicit 13→14 quota revision: chapter 5, all three paces, identical genuine spawns/actions
  ---
  duration_ms: 23.106682
  type: 'test'
  ...
# Subtest: 3.4 oracle + explicit 13→14 quota revision: chapter 6, all three paces, identical genuine spawns/actions
ok 8 - 3.4 oracle + explicit 13→14 quota revision: chapter 6, all three paces, identical genuine spawns/actions
  ---
  duration_ms: 29.914244
  type: 'test'
  ...
# Subtest: 3.4 oracle + explicit 13→14 quota revision: chapter 7, all three paces, identical genuine spawns/actions
ok 9 - 3.4 oracle + explicit 13→14 quota revision: chapter 7, all three paces, identical genuine spawns/actions
  ---
  duration_ms: 18.152193
  type: 'test'
  ...
# Subtest: 3.4 oracle + explicit 13→14 quota revision: chapter 8, all three paces, identical genuine spawns/actions
ok 10 - 3.4 oracle + explicit 13→14 quota revision: chapter 8, all three paces, identical genuine spawns/actions
  ---
  duration_ms: 20.792449
  type: 'test'
  ...
# Subtest: 3.4 oracle + explicit 13→14 quota revision: chapter 9, all three paces, identical genuine spawns/actions
ok 11 - 3.4 oracle + explicit 13→14 quota revision: chapter 9, all three paces, identical genuine spawns/actions
  ---
  duration_ms: 23.192081
  type: 'test'
  ...
# Subtest: 3.4 oracle + explicit 13→14 quota revision: chapter 10, all three paces, identical genuine spawns/actions
ok 12 - 3.4 oracle + explicit 13→14 quota revision: chapter 10, all three paces, identical genuine spawns/actions
  ---
  duration_ms: 18.39969
  type: 'test'
  ...
# Subtest: 3.4 oracle + explicit 13→14 quota revision: chapter 11, all three paces, identical genuine spawns/actions
ok 13 - 3.4 oracle + explicit 13→14 quota revision: chapter 11, all three paces, identical genuine spawns/actions
  ---
  duration_ms: 24.20533
  type: 'test'
  ...
# Subtest: 3.4 oracle + explicit 13→14 quota revision: chapter 12, all three paces, identical genuine spawns/actions
ok 14 - 3.4 oracle + explicit 13→14 quota revision: chapter 12, all three paces, identical genuine spawns/actions
  ---
  duration_ms: 35.337137
  type: 'test'
  ...
# Subtest: 3.4 oracle + explicit 13→14 quota revision: chapter 13, all three paces, identical genuine spawns/actions
ok 15 - 3.4 oracle + explicit 13→14 quota revision: chapter 13, all three paces, identical genuine spawns/actions
  ---
  duration_ms: 22.550461
  type: 'test'
  ...
# Subtest: 3.4 oracle + explicit 13→14 quota revision: chapter 14, all three paces, identical genuine spawns/actions
ok 16 - 3.4 oracle + explicit 13→14 quota revision: chapter 14, all three paces, identical genuine spawns/actions
  ---
  duration_ms: 17.635588
  type: 'test'
  ...
# Subtest: 3.4 oracle + explicit 13→14 quota revision: chapter 15, all three paces, identical genuine spawns/actions
ok 17 - 3.4 oracle + explicit 13→14 quota revision: chapter 15, all three paces, identical genuine spawns/actions
  ---
  duration_ms: 20.76684
  type: 'test'
  ...
# Subtest: 3.4 oracle + explicit 13→14 quota revision: chapter 16, all three paces, identical genuine spawns/actions
ok 18 - 3.4 oracle + explicit 13→14 quota revision: chapter 16, all three paces, identical genuine spawns/actions
  ---
  duration_ms: 20.935698
  type: 'test'
  ...
# Subtest: 3.4 oracle + explicit 13→14 quota revision: chapter 17, all three paces, identical genuine spawns/actions
ok 19 - 3.4 oracle + explicit 13→14 quota revision: chapter 17, all three paces, identical genuine spawns/actions
  ---
  duration_ms: 22.099623
  type: 'test'
  ...
# Subtest: 3.4 oracle + explicit 13→14 quota revision: chapter 18, all three paces, identical genuine spawns/actions
ok 20 - 3.4 oracle + explicit 13→14 quota revision: chapter 18, all three paces, identical genuine spawns/actions
  ---
  duration_ms: 25.390871
  type: 'test'
  ...
# Subtest: 3.4 oracle + explicit 13→14 quota revision: chapter 19, all three paces, identical genuine spawns/actions
ok 21 - 3.4 oracle + explicit 13→14 quota revision: chapter 19, all three paces, identical genuine spawns/actions
  ---
  duration_ms: 19.204476
  type: 'test'
  ...
# Subtest: 3.4 oracle + explicit 13→14 quota revision: chapter 20, all three paces, identical genuine spawns/actions
ok 22 - 3.4 oracle + explicit 13→14 quota revision: chapter 20, all three paces, identical genuine spawns/actions
  ---
  duration_ms: 21.41507
  type: 'test'
  ...
# Subtest: 3.4 oracle + explicit 13→14 quota revision: chapter 21, all three paces, identical genuine spawns/actions
ok 23 - 3.4 oracle + explicit 13→14 quota revision: chapter 21, all three paces, identical genuine spawns/actions
  ---
  duration_ms: 29.891945
  type: 'test'
  ...
# Subtest: 3.4 oracle + explicit 13→14 quota revision: chapter 22, all three paces, identical genuine spawns/actions
ok 24 - 3.4 oracle + explicit 13→14 quota revision: chapter 22, all three paces, identical genuine spawns/actions
  ---
  duration_ms: 22.478219
  type: 'test'
  ...
# Subtest: 3.4 oracle + explicit 13→14 quota revision: chapter 23, all three paces, identical genuine spawns/actions
ok 25 - 3.4 oracle + explicit 13→14 quota revision: chapter 23, all three paces, identical genuine spawns/actions
  ---
  duration_ms: 23.683307
  type: 'test'
  ...
# Subtest: 3.4 oracle + explicit 13→14 quota revision: chapter 24, all three paces, identical genuine spawns/actions
ok 26 - 3.4 oracle + explicit 13→14 quota revision: chapter 24, all three paces, identical genuine spawns/actions
  ---
  duration_ms: 38.731064
  type: 'test'
  ...
# Subtest: 3.4 oracle + explicit 13→14 quota revision: chapter 25, all three paces, identical genuine spawns/actions
ok 27 - 3.4 oracle + explicit 13→14 quota revision: chapter 25, all three paces, identical genuine spawns/actions
  ---
  duration_ms: 35.654058
  type: 'test'
  ...
# Subtest: 3.4 oracle + explicit 13→14 quota revision: chapter 26, all three paces, identical genuine spawns/actions
ok 28 - 3.4 oracle + explicit 13→14 quota revision: chapter 26, all three paces, identical genuine spawns/actions
  ---
  duration_ms: 25.858254
  type: 'test'
  ...
# Subtest: 3.4 oracle + explicit 13→14 quota revision: chapter 27, all three paces, identical genuine spawns/actions
ok 29 - 3.4 oracle + explicit 13→14 quota revision: chapter 27, all three paces, identical genuine spawns/actions
  ---
  duration_ms: 22.643213
  type: 'test'
  ...
# Subtest: 3.4 oracle + explicit 13→14 quota revision: chapter 28, all three paces, identical genuine spawns/actions
ok 30 - 3.4 oracle + explicit 13→14 quota revision: chapter 28, all three paces, identical genuine spawns/actions
  ---
  duration_ms: 20.694906
  type: 'test'
  ...
# Subtest: 3.4 oracle + explicit 13→14 quota revision: chapter 29, all three paces, identical genuine spawns/actions
ok 31 - 3.4 oracle + explicit 13→14 quota revision: chapter 29, all three paces, identical genuine spawns/actions
  ---
  duration_ms: 23.174429
  type: 'test'
  ...
# Subtest: 3.4 oracle + explicit 13→14 quota revision: chapter 30, all three paces, identical genuine spawns/actions
ok 32 - 3.4 oracle + explicit 13→14 quota revision: chapter 30, all three paces, identical genuine spawns/actions
  ---
  duration_ms: 22.127794
  type: 'test'
  ...
# Subtest: 3.4 oracle + explicit 13→14 quota revision: chapter 31, all three paces, identical genuine spawns/actions
ok 33 - 3.4 oracle + explicit 13→14 quota revision: chapter 31, all three paces, identical genuine spawns/actions
  ---
  duration_ms: 22.111204
  type: 'test'
  ...
# Subtest: 3.4 oracle + explicit 13→14 quota revision: chapter 32, all three paces, identical genuine spawns/actions
ok 34 - 3.4 oracle + explicit 13→14 quota revision: chapter 32, all three paces, identical genuine spawns/actions
  ---
  duration_ms: 22.341239
  type: 'test'
  ...
# Subtest: 3.4 oracle + explicit 13→14 quota revision: chapter 33, all three paces, identical genuine spawns/actions
ok 35 - 3.4 oracle + explicit 13→14 quota revision: chapter 33, all three paces, identical genuine spawns/actions
  ---
  duration_ms: 22.025685
  type: 'test'
  ...
# Subtest: 3.4 oracle + explicit 13→14 quota revision: chapter 34, all three paces, identical genuine spawns/actions
ok 36 - 3.4 oracle + explicit 13→14 quota revision: chapter 34, all three paces, identical genuine spawns/actions
  ---
  duration_ms: 22.696727
  type: 'test'
  ...
# Subtest: 3.4 oracle + explicit 13→14 quota revision: chapter 35, all three paces, identical genuine spawns/actions
ok 37 - 3.4 oracle + explicit 13→14 quota revision: chapter 35, all three paces, identical genuine spawns/actions
  ---
  duration_ms: 25.526392
  type: 'test'
  ...
# Subtest: 3.4 oracle + explicit 13→14 quota revision: chapter 36, all three paces, identical genuine spawns/actions
ok 38 - 3.4 oracle + explicit 13→14 quota revision: chapter 36, all three paces, identical genuine spawns/actions
  ---
  duration_ms: 29.952845
  type: 'test'
  ...
# Subtest: 3.4 oracle + explicit 13→14 quota revision: chapter 37, all three paces, identical genuine spawns/actions
ok 39 - 3.4 oracle + explicit 13→14 quota revision: chapter 37, all three paces, identical genuine spawns/actions
  ---
  duration_ms: 34.427109
  type: 'test'
  ...
# Subtest: 3.4 oracle + explicit 13→14 quota revision: chapter 38, all three paces, identical genuine spawns/actions
ok 40 - 3.4 oracle + explicit 13→14 quota revision: chapter 38, all three paces, identical genuine spawns/actions
  ---
  duration_ms: 31.072527
  type: 'test'
  ...
# Subtest: 3.4 oracle + explicit 13→14 quota revision: chapter 39, all three paces, identical genuine spawns/actions
ok 41 - 3.4 oracle + explicit 13→14 quota revision: chapter 39, all three paces, identical genuine spawns/actions
  ---
  duration_ms: 33.697579
  type: 'test'
  ...
# Subtest: 3.4 oracle + explicit 13→14 quota revision: chapter 40, all three paces, identical genuine spawns/actions
ok 42 - 3.4 oracle + explicit 13→14 quota revision: chapter 40, all three paces, identical genuine spawns/actions
  ---
  duration_ms: 23.804788
  type: 'test'
  ...
# Subtest: 3.4 oracle + explicit 13→14 quota revision: chapter 41, all three paces, identical genuine spawns/actions
ok 43 - 3.4 oracle + explicit 13→14 quota revision: chapter 41, all three paces, identical genuine spawns/actions
  ---
  duration_ms: 24.826667
  type: 'test'
  ...
# Subtest: 3.4 oracle + explicit 13→14 quota revision: chapter 42, all three paces, identical genuine spawns/actions
ok 44 - 3.4 oracle + explicit 13→14 quota revision: chapter 42, all three paces, identical genuine spawns/actions
  ---
  duration_ms: 23.683179
  type: 'test'
  ...
# Subtest: 3.4 oracle + explicit 13→14 quota revision: chapter 43, all three paces, identical genuine spawns/actions
ok 45 - 3.4 oracle + explicit 13→14 quota revision: chapter 43, all three paces, identical genuine spawns/actions
  ---
  duration_ms: 22.370343
  type: 'test'
  ...
# Subtest: 3.4 oracle + explicit 13→14 quota revision: chapter 44, all three paces, identical genuine spawns/actions
ok 46 - 3.4 oracle + explicit 13→14 quota revision: chapter 44, all three paces, identical genuine spawns/actions
  ---
  duration_ms: 24.923763
  type: 'test'
  ...
# Subtest: 3.4 oracle + explicit 13→14 quota revision: chapter 45, all three paces, identical genuine spawns/actions
ok 47 - 3.4 oracle + explicit 13→14 quota revision: chapter 45, all three paces, identical genuine spawns/actions
  ---
  duration_ms: 29.914532
  type: 'test'
  ...
# Subtest: 3.4 oracle + explicit 13→14 quota revision: chapter 46, all three paces, identical genuine spawns/actions
ok 48 - 3.4 oracle + explicit 13→14 quota revision: chapter 46, all three paces, identical genuine spawns/actions
  ---
  duration_ms: 26.213513
  type: 'test'
  ...
# Subtest: 3.4 oracle + explicit 13→14 quota revision: chapter 47, all three paces, identical genuine spawns/actions
ok 49 - 3.4 oracle + explicit 13→14 quota revision: chapter 47, all three paces, identical genuine spawns/actions
  ---
  duration_ms: 25.270132
  type: 'test'
  ...
# Subtest: 3.4 oracle + explicit 13→14 quota revision: chapter 48, all three paces, identical genuine spawns/actions
ok 50 - 3.4 oracle + explicit 13→14 quota revision: chapter 48, all three paces, identical genuine spawns/actions
  ---
  duration_ms: 25.24915
  type: 'test'
  ...
# Subtest: Miss, late-submit, compound FIRE/ICE/SLOW/WIND, and restoration retain exact 3.4 authority
ok 51 - Miss, late-submit, compound FIRE/ICE/SLOW/WIND, and restoration retain exact 3.4 authority
  ---
  duration_ms: 14.169511
  type: 'test'
  ...
# Subtest: 3.5.1 identifies the folio/caption build while retaining 3.2.1 balance
ok 52 - 3.5.1 identifies the folio/caption build while retaining 3.2.1 balance
  ---
  duration_ms: 1.55334
  type: 'test'
  ...
# Subtest: normal: immutable local folio material contains complete valid color roles
ok 53 - normal: immutable local folio material contains complete valid color roles
  ---
  duration_ms: 0.548399
  type: 'test'
  ...
# Subtest: fire: immutable local folio material contains complete valid color roles
ok 54 - fire: immutable local folio material contains complete valid color roles
  ---
  duration_ms: 0.227752
  type: 'test'
  ...
# Subtest: ice: immutable local folio material contains complete valid color roles
ok 55 - ice: immutable local folio material contains complete valid color roles
  ---
  duration_ms: 0.132086
  type: 'test'
  ...
# Subtest: slow: immutable local folio material contains complete valid color roles
ok 56 - slow: immutable local folio material contains complete valid color roles
  ---
  duration_ms: 0.303992
  type: 'test'
  ...
# Subtest: wind: immutable local folio material contains complete valid color roles
ok 57 - wind: immutable local folio material contains complete valid color roles
  ---
  duration_ms: 0.127846
  type: 'test'
  ...
# Subtest: bonus: immutable local folio material contains complete valid color roles
ok 58 - bonus: immutable local folio material contains complete valid color roles
  ---
  duration_ms: 0.215485
  type: 'test'
  ...
# Subtest: Unknown material has a safe normal-page fallback
ok 59 - Unknown material has a safe normal-page fallback
  ---
  duration_ms: 0.131439
  type: 'test'
  ...
# Subtest: Folio width 112: decoration stays outside the central ink lane
ok 60 - Folio width 112: decoration stays outside the central ink lane
  ---
  duration_ms: 0.815093
  type: 'test'
  ...
# Subtest: Folio width 160: decoration stays outside the central ink lane
ok 61 - Folio width 160: decoration stays outside the central ink lane
  ---
  duration_ms: 0.51374
  type: 'test'
  ...
# Subtest: Folio width 240: decoration stays outside the central ink lane
ok 62 - Folio width 240: decoration stays outside the central ink lane
  ---
  duration_ms: 0.203156
  type: 'test'
  ...
# Subtest: Folio width 410: decoration stays outside the central ink lane
ok 63 - Folio width 410: decoration stays outside the central ink lane
  ---
  duration_ms: 0.098862
  type: 'test'
  ...
# Subtest: Folio width 520: decoration stays outside the central ink lane
ok 64 - Folio width 520: decoration stays outside the central ink lane
  ---
  duration_ms: 0.07774
  type: 'test'
  ...
# Subtest: Folio width 620: decoration stays outside the central ink lane
ok 65 - Folio width 620: decoration stays outside the central ink lane
  ---
  duration_ms: 0.123728
  type: 'test'
  ...
# Subtest: Folio width 708: decoration stays outside the central ink lane
ok 66 - Folio width 708: decoration stays outside the central ink lane
  ---
  duration_ms: 0.06706
  type: 'test'
  ...
# Subtest: Folio metrics bound malformed inputs without nonfinite texture sizes
ok 67 - Folio metrics bound malformed inputs without nonfinite texture sizes
  ---
  duration_ms: 0.169724
  type: 'test'
  ...
# Subtest: All six book styles remain different without relying on new labels or fonts
ok 68 - All six book styles remain different without relying on new labels or fonts
  ---
  duration_ms: 0.255032
  type: 'test'
  ...
# Subtest: Single-baseline text block still draws only full canonical strings; crest uses shared scroll coordinates
ok 69 - Single-baseline text block still draws only full canonical strings; crest uses shared scroll coordinates
  ---
  duration_ms: 0.893253
  type: 'test'
  ...
# Subtest: Book art does not change single-line layout width, height, or full-word content
ok 70 - Book art does not change single-line layout width, height, or full-word content
  ---
  duration_ms: 1.216687
  type: 'test'
  ...
# Subtest: 3.5: all out-of-scope 3.4 runtime sources and existing art/audio assets remain byte-identical
ok 71 - 3.5: all out-of-scope 3.4 runtime sources and existing art/audio assets remain byte-identical
  ---
  duration_ms: 60.196543
  type: 'test'
  ...
# Subtest: Chapter 1: First Light has its own named, title-aligned cosmetic profile
ok 72 - Chapter 1: First Light has its own named, title-aligned cosmetic profile
  ---
  duration_ms: 24.398834
  type: 'test'
  ...
# Subtest: Chapter 2: Ink & Paper has its own named, title-aligned cosmetic profile
ok 73 - Chapter 2: Ink & Paper has its own named, title-aligned cosmetic profile
  ---
  duration_ms: 11.192331
  type: 'test'
  ...
# Subtest: Chapter 3: A Quiet Rhythm has its own named, title-aligned cosmetic profile
ok 74 - Chapter 3: A Quiet Rhythm has its own named, title-aligned cosmetic profile
  ---
  duration_ms: 8.240904
  type: 'test'
  ...
# Subtest: Chapter 4: The First Spark has its own named, title-aligned cosmetic profile
ok 75 - Chapter 4: The First Spark has its own named, title-aligned cosmetic profile
  ---
  duration_ms: 12.216345
  type: 'test'
  ...
# Subtest: Chapter 5: Between the Lines has its own named, title-aligned cosmetic profile
ok 76 - Chapter 5: Between the Lines has its own named, title-aligned cosmetic profile
  ---
  duration_ms: 22.380839
  type: 'test'
  ...
# Subtest: Chapter 6: The Opening Bell has its own named, title-aligned cosmetic profile
ok 77 - Chapter 6: The Opening Bell has its own named, title-aligned cosmetic profile
  ---
  duration_ms: 15.639756
  type: 'test'
  ...
# Subtest: Chapter 7: Emerald Leaves has its own named, title-aligned cosmetic profile
ok 78 - Chapter 7: Emerald Leaves has its own named, title-aligned cosmetic profile
  ---
  duration_ms: 1.658552
  type: 'test'
  ...
# Subtest: Chapter 8: A Growing Tale has its own named, title-aligned cosmetic profile
ok 79 - Chapter 8: A Growing Tale has its own named, title-aligned cosmetic profile
  ---
  duration_ms: 1.237502
  type: 'test'
  ...
# Subtest: Chapter 9: Branches of Thought has its own named, title-aligned cosmetic profile
ok 80 - Chapter 9: Branches of Thought has its own named, title-aligned cosmetic profile
  ---
  duration_ms: 2.3314
  type: 'test'
  ...
# Subtest: Chapter 10: Rain on Glass has its own named, title-aligned cosmetic profile
ok 81 - Chapter 10: Rain on Glass has its own named, title-aligned cosmetic profile
  ---
  duration_ms: 2.165813
  type: 'test'
  ...
# Subtest: Chapter 11: Hidden Blossoms has its own named, title-aligned cosmetic profile
ok 82 - Chapter 11: Hidden Blossoms has its own named, title-aligned cosmetic profile
  ---
  duration_ms: 1.872896
  type: 'test'
  ...
# Subtest: Chapter 12: The Garden Gate has its own named, title-aligned cosmetic profile
ok 83 - Chapter 12: The Garden Gate has its own named, title-aligned cosmetic profile
  ---
  duration_ms: 1.99556
  type: 'test'
  ...
# Subtest: Chapter 13: Golden Gears has its own named, title-aligned cosmetic profile
ok 84 - Chapter 13: Golden Gears has its own named, title-aligned cosmetic profile
  ---
  duration_ms: 1.235624
  type: 'test'
  ...
# Subtest: Chapter 14: A Measured Beat has its own named, title-aligned cosmetic profile
ok 85 - Chapter 14: A Measured Beat has its own named, title-aligned cosmetic profile
  ---
  duration_ms: 0.924942
  type: 'test'
  ...
# Subtest: Chapter 15: Pendulum Pages has its own named, title-aligned cosmetic profile
ok 86 - Chapter 15: Pendulum Pages has its own named, title-aligned cosmetic profile
  ---
  duration_ms: 1.422104
  type: 'test'
  ...
# Subtest: Chapter 16: Stolen Seconds has its own named, title-aligned cosmetic profile
ok 87 - Chapter 16: Stolen Seconds has its own named, title-aligned cosmetic profile
  ---
  duration_ms: 1.686188
  type: 'test'
  ...
# Subtest: Chapter 17: The Eleventh Hour has its own named, title-aligned cosmetic profile
ok 88 - Chapter 17: The Eleventh Hour has its own named, title-aligned cosmetic profile
  ---
  duration_ms: 1.676753
  type: 'test'
  ...
# Subtest: Chapter 18: The Clock Strikes has its own named, title-aligned cosmetic profile
ok 89 - Chapter 18: The Clock Strikes has its own named, title-aligned cosmetic profile
  ---
  duration_ms: 9.504594
  type: 'test'
  ...
# Subtest: Chapter 19: Silver Breath has its own named, title-aligned cosmetic profile
ok 90 - Chapter 19: Silver Breath has its own named, title-aligned cosmetic profile
  ---
  duration_ms: 1.83052
  type: 'test'
  ...
# Subtest: Chapter 20: Crystal Margins has its own named, title-aligned cosmetic profile
ok 91 - Chapter 20: Crystal Margins has its own named, title-aligned cosmetic profile
  ---
  duration_ms: 1.588809
  type: 'test'
  ...
# Subtest: Chapter 21: The Still Page has its own named, title-aligned cosmetic profile
ok 92 - Chapter 21: The Still Page has its own named, title-aligned cosmetic profile
  ---
  duration_ms: 4.811191
  type: 'test'
  ...
# Subtest: Chapter 22: Winter Whispers has its own named, title-aligned cosmetic profile
ok 93 - Chapter 22: Winter Whispers has its own named, title-aligned cosmetic profile
  ---
  duration_ms: 2.904296
  type: 'test'
  ...
# Subtest: Chapter 23: Cold Precision has its own named, title-aligned cosmetic profile
ok 94 - Chapter 23: Cold Precision has its own named, title-aligned cosmetic profile
  ---
  duration_ms: 0.789118
  type: 'test'
  ...
# Subtest: Chapter 24: The Frozen Seal has its own named, title-aligned cosmetic profile
ok 95 - Chapter 24: The Frozen Seal has its own named, title-aligned cosmetic profile
  ---
  duration_ms: 2.800499
  type: 'test'
  ...
# Subtest: Chapter 25: Kindling has its own named, title-aligned cosmetic profile
ok 96 - Chapter 25: Kindling has its own named, title-aligned cosmetic profile
  ---
  duration_ms: 0.799126
  type: 'test'
  ...
# Subtest: Chapter 26: Letters of Flame has its own named, title-aligned cosmetic profile
ok 97 - Chapter 26: Letters of Flame has its own named, title-aligned cosmetic profile
  ---
  duration_ms: 9.874194
  type: 'test'
  ...
# Subtest: Chapter 27: The Warmest Ink has its own named, title-aligned cosmetic profile
ok 98 - Chapter 27: The Warmest Ink has its own named, title-aligned cosmetic profile
  ---
  duration_ms: 2.13699
  type: 'test'
  ...
# Subtest: Chapter 28: Firelight Fables has its own named, title-aligned cosmetic profile
ok 99 - Chapter 28: Firelight Fables has its own named, title-aligned cosmetic profile
  ---
  duration_ms: 1.607459
  type: 'test'
  ...
# Subtest: Chapter 29: Under Pressure has its own named, title-aligned cosmetic profile
ok 100 - Chapter 29: Under Pressure has its own named, title-aligned cosmetic profile
  ---
  duration_ms: 1.575481
  type: 'test'
  ...
# Subtest: Chapter 30: The Burning Chapter has its own named, title-aligned cosmetic profile
ok 101 - Chapter 30: The Burning Chapter has its own named, title-aligned cosmetic profile
  ---
  duration_ms: 4.116434
  type: 'test'
  ...
# Subtest: Chapter 31: Starlit Script has its own named, title-aligned cosmetic profile
ok 102 - Chapter 31: Starlit Script has its own named, title-aligned cosmetic profile
  ---
  duration_ms: 4.510939
  type: 'test'
  ...
# Subtest: Chapter 32: The Long View has its own named, title-aligned cosmetic profile
ok 103 - Chapter 32: The Long View has its own named, title-aligned cosmetic profile
  ---
  duration_ms: 1.784867
  type: 'test'
  ...
# Subtest: Chapter 33: Celestial Signs has its own named, title-aligned cosmetic profile
ok 104 - Chapter 33: Celestial Signs has its own named, title-aligned cosmetic profile
  ---
  duration_ms: 2.483016
  type: 'test'
  ...
# Subtest: Chapter 34: Orbiting Ideas has its own named, title-aligned cosmetic profile
ok 105 - Chapter 34: Orbiting Ideas has its own named, title-aligned cosmetic profile
  ---
  duration_ms: 2.199288
  type: 'test'
  ...
# Subtest: Chapter 35: Constellations has its own named, title-aligned cosmetic profile
ok 106 - Chapter 35: Constellations has its own named, title-aligned cosmetic profile
  ---
  duration_ms: 2.437461
  type: 'test'
  ...
# Subtest: Chapter 36: The Starfall Trial has its own named, title-aligned cosmetic profile
ok 107 - Chapter 36: The Starfall Trial has its own named, title-aligned cosmetic profile
  ---
  duration_ms: 2.453835
  type: 'test'
  ...
# Subtest: Chapter 37: After Hours has its own named, title-aligned cosmetic profile
ok 108 - Chapter 37: After Hours has its own named, title-aligned cosmetic profile
  ---
  duration_ms: 1.567657
  type: 'test'
  ...
# Subtest: Chapter 38: Secret Passages has its own named, title-aligned cosmetic profile
ok 109 - Chapter 38: Secret Passages has its own named, title-aligned cosmetic profile
  ---
  duration_ms: 1.5363
  type: 'test'
  ...
# Subtest: Chapter 39: Velvet Shadows has its own named, title-aligned cosmetic profile
ok 110 - Chapter 39: Velvet Shadows has its own named, title-aligned cosmetic profile
  ---
  duration_ms: 2.206462
  type: 'test'
  ...
# Subtest: Chapter 40: The Lost Manuscript has its own named, title-aligned cosmetic profile
ok 111 - Chapter 40: The Lost Manuscript has its own named, title-aligned cosmetic profile
  ---
  duration_ms: 2.200831
  type: 'test'
  ...
# Subtest: Chapter 41: One Last Candle has its own named, title-aligned cosmetic profile
ok 112 - Chapter 41: One Last Candle has its own named, title-aligned cosmetic profile
  ---
  duration_ms: 2.113178
  type: 'test'
  ...
# Subtest: Chapter 42: The Midnight Key has its own named, title-aligned cosmetic profile
ok 113 - Chapter 42: The Midnight Key has its own named, title-aligned cosmetic profile
  ---
  duration_ms: 1.758829
  type: 'test'
  ...
# Subtest: Chapter 43: The Final Volume has its own named, title-aligned cosmetic profile
ok 114 - Chapter 43: The Final Volume has its own named, title-aligned cosmetic profile
  ---
  duration_ms: 15.22699
  type: 'test'
  ...
# Subtest: Chapter 44: Pages Without End has its own named, title-aligned cosmetic profile
ok 115 - Chapter 44: Pages Without End has its own named, title-aligned cosmetic profile
  ---
  duration_ms: 6.106141
  type: 'test'
  ...
# Subtest: Chapter 45: A Thousand Voices has its own named, title-aligned cosmetic profile
ok 116 - Chapter 45: A Thousand Voices has its own named, title-aligned cosmetic profile
  ---
  duration_ms: 9.810837
  type: 'test'
  ...
# Subtest: Chapter 46: The Master Scribe has its own named, title-aligned cosmetic profile
ok 117 - Chapter 46: The Master Scribe has its own named, title-aligned cosmetic profile
  ---
  duration_ms: 12.177782
  type: 'test'
  ...
# Subtest: Chapter 47: The Last Word has its own named, title-aligned cosmetic profile
ok 118 - Chapter 47: The Last Word has its own named, title-aligned cosmetic profile
  ---
  duration_ms: 7.878533
  type: 'test'
  ...
# Subtest: Chapter 48: The Typekeeper has its own named, title-aligned cosmetic profile
ok 119 - Chapter 48: The Typekeeper has its own named, title-aligned cosmetic profile
  ---
  duration_ms: 18.043736
  type: 'test'
  ...
# Subtest: Exactly 48 unique cosmetic IDs correspond to the existing 48 campaign titles
ok 120 - Exactly 48 unique cosmetic IDs correspond to the existing 48 campaign titles
  ---
  duration_ms: 1.391638
  type: 'test'
  ...
# Subtest: Endless and invalid low chapter requests reuse bounded profiles rather than allocate unbounded art
ok 121 - Endless and invalid low chapter requests reuse bounded profiles rather than allocate unbounded art
  ---
  duration_ms: 0.248282
  type: 'test'
  ...
# Subtest: Reduced motion removes chapter ambient drawing, not chapter identity
ok 122 - Reduced motion removes chapter ambient drawing, not chapter identity
  ---
  duration_ms: 0.1725
  type: 'test'
  ...
# Subtest: All native-path argument counts remain valid for FIRE and ICE across the complete cast envelope
ok 123 - All native-path argument counts remain valid for FIRE and ICE across the complete cast envelope
  ---
  duration_ms: 2.821737
  type: 'test'
  ...
# Subtest: FIRE and ICE destruction draw valid, balanced paths at onset, peak and completion
ok 124 - FIRE and ICE destruction draw valid, balanced paths at onset, peak and completion
  ---
  duration_ms: 4.773273
  type: 'test'
  ...
# Subtest: Elemental cast envelope never returns nonfinite or unbounded intensity
ok 125 - Elemental cast envelope never returns nonfinite or unbounded intensity
  ---
  duration_ms: 0.305321
  type: 'test'
  ...
# Subtest: Freeze entry, hold, thaw and reduced-motion state are bounded
ok 126 - Freeze entry, hold, thaw and reduced-motion state are bounded
  ---
  duration_ms: 0.489347
  type: 'test'
  ...
# Subtest: Elemental cache obeys byte and entry budgets under many surface widths
ok 127 - Elemental cache obeys byte and entry budgets under many surface widths
  ---
  duration_ms: 0.995462
  type: 'test'
  ...
# Subtest: 48 room profiles and VFX calculations do not advance either model random stream
ok 128 - 48 room profiles and VFX calculations do not advance either model random stream
  ---
  duration_ms: 11.104952
  type: 'test'
  ...
# Subtest: 3.5 preservation: original assets, economy, RNG, controls and scroll geometry are byte-identical
ok 129 - 3.5 preservation: original assets, economy, RNG, controls and scroll geometry are byte-identical
  ---
  duration_ms: 62.09578
  type: 'test'
  ...
# Subtest: Standalone builder includes both new presentation dependencies before the renderer
ok 130 - Standalone builder includes both new presentation dependencies before the renderer
  ---
  duration_ms: 0.39392
  type: 'test'
  ...
# Subtest: Star explanation shares the actual thresholds, including both simultaneous deficits
ok 131 - Star explanation shares the actual thresholds, including both simultaneous deficits
  ---
  duration_ms: 7.156682
  type: 'test'
  ...
# Subtest: Every generated next-star instruction actually reaches that star when fulfilled
ok 132 - Every generated next-star instruction actually reaches that star when fulfilled
  ---
  duration_ms: 7.402373
  type: 'test'
  ...
# Subtest: 100% submission accuracy with three misses remains one star, not a new scoring rule
ok 133 - 100% submission accuracy with three misses remains one star, not a new scoring rule
  ---
  duration_ms: 2.74392
  type: 'test'
  ...
# Subtest: Eight real multiplier upgrades occur at 8..64, never at 5/15 or after cap
ok 134 - Eight real multiplier upgrades occur at 8..64, never at 5/15 or after cap
  ---
  duration_ms: 4.096555
  type: 'test'
  ...
# Subtest: Authoritative 7 → 8 event and word points agree
ok 135 - Authoritative 7 → 8 event and word points agree
  ---
  duration_ms: 1.14182
  type: 'test'
  ...
# Subtest: Authoritative 15 → 16 event and word points agree
ok 136 - Authoritative 15 → 16 event and word points agree
  ---
  duration_ms: 0.36232
  type: 'test'
  ...
# Subtest: Authoritative 63 → 64 event and word points agree
ok 137 - Authoritative 63 → 64 event and word points agree
  ---
  duration_ms: 0.369432
  type: 'test'
  ...
# Subtest: Wrong input resets the multiplier; next correct input does not invent a level-up
ok 138 - Wrong input resets the multiplier; next correct input does not invent a level-up
  ---
  duration_ms: 1.620964
  type: 'test'
  ...
# Subtest: Restoring an existing streak/checkpoint emits no spurious multiplier upgrade
ok 139 - Restoring an existing streak/checkpoint emits no spurious multiplier upgrade
  ---
  duration_ms: 1.786367
  type: 'test'
  ...
# Subtest: Audio milestone reacts to one model event, not its own correct-word modulus
ok 140 - Audio milestone reacts to one model event, not its own correct-word modulus
  ---
  duration_ms: 1.851192
  type: 'test'
  ...
# Subtest: Record keys isolate all 288 pace/mode/chapter combinations and the ruleset
ok 141 - Record keys isolate all 288 pace/mode/chapter combinations and the ruleset
  ---
  duration_ms: 1.402645
  type: 'test'
  ...
# Subtest: Chapter PB captures the previous atomic attempt before updating
ok 142 - Chapter PB captures the previous atomic attempt before updating
  ---
  duration_ms: 1.34303
  type: 'test'
  ...
# Subtest: Ties/lower scores never mix WPM, accuracy or medal maxima into the score-best attempt
ok 143 - Ties/lower scores never mix WPM, accuracy or medal maxima into the score-best attempt
  ---
  duration_ms: 0.833243
  type: 'test'
  ...
# Subtest: Practice, different pace and other chapter cannot beat a campaign chapter PB
ok 144 - Practice, different pace and other chapter cannot beat a campaign chapter PB
  ---
  duration_ms: 3.493704
  type: 'test'
  ...
# Subtest: Old saves preserve settings, mastery and checkpoints without inventing scoped PBs
ok 145 - Old saves preserve settings, mastery and checkpoints without inventing scoped PBs
  ---
  duration_ms: 3.033639
  type: 'test'
  ...
# Subtest: Scoped save round trip retains actual word sequence provenance
ok 146 - Scoped save round trip retains actual word sequence provenance
  ---
  duration_ms: 0.410704
  type: 'test'
  ...
# Subtest: Malformed or unscoped imports are rejected instead of promoted to a trusted PB
ok 147 - Malformed or unscoped imports are rejected instead of promoted to a trusted PB
  ---
  duration_ms: 0.235327
  type: 'test'
  ...
# Subtest: Missing random provenance stays missing, not a fabricated seed or sequence version
ok 148 - Missing random provenance stays missing, not a fabricated seed or sequence version
  ---
  duration_ms: 0.087436
  type: 'test'
  ...
# Subtest: Mastery improvement has priority; unchanged attempts receive no fake celebration
ok 149 - Mastery improvement has priority; unchanged attempts receive no fake celebration
  ---
  duration_ms: 20.982301
  type: 'test'
  ...
# Subtest: ENTER guidance is exact-match only and disappears after first actual save
ok 150 - ENTER guidance is exact-match only and disappears after first actual save
  ---
  duration_ms: 0.228226
  type: 'test'
  ...
# Subtest: ICE hint waits for a usable spell and six visible active seconds, not wall time
ok 151 - ICE hint waits for a usable spell and six visible active seconds, not wall time
  ---
  duration_ms: 0.612779
  type: 'test'
  ...
# Subtest: Hint toggle and pause hide prompts without consuming their learning window
ok 152 - Hint toggle and pause hide prompts without consuming their learning window
  ---
  duration_ms: 0.353834
  type: 'test'
  ...
# Subtest: Laptop helper labels meet the proposed 14 CSS-pixel target without changing word geometry
ok 153 - Laptop helper labels meet the proposed 14 CSS-pixel target without changing word geometry
  ---
  duration_ms: 0.501827
  type: 'test'
  ...
# Subtest: Journey metadata exists at exactly eight campaign boundaries, never practice/endless
ok 154 - Journey metadata exists at exactly eight campaign boundaries, never practice/endless
  ---
  duration_ms: 0.513141
  type: 'test'
  ...
# Subtest: Restored wing markers require all six campaign clears, not practice-only stars
ok 155 - Restored wing markers require all six campaign clears, not practice-only stars
  ---
  duration_ms: 0.396819
  type: 'test'
  ...
# Subtest: Eight distinct small seals and landmarks reuse bounded identities beyond the campaign
ok 156 - Eight distinct small seals and landmarks reuse bounded identities beyond the campaign
  ---
  duration_ms: 0.40664
  type: 'test'
  ...
# Subtest: wing ceremony is bounded, pausable, skippable, cancel-safe and motion-optional
ok 157 - wing ceremony is bounded, pausable, skippable, cancel-safe and motion-optional
  ---
  duration_ms: 0.434434
  type: 'test'
  ...
# Subtest: finale ceremony is bounded, pausable, skippable, cancel-safe and motion-optional
ok 158 - finale ceremony is bounded, pausable, skippable, cancel-safe and motion-optional
  ---
  duration_ms: 0.105833
  type: 'test'
  ...
# Subtest: v3.2.1 capacity is two per spell, eight in total; effect strength is preserved
ok 159 - v3.2.1 capacity is two per spell, eight in total; effect strength is preserved
  ---
  duration_ms: 9.629402
  type: 'test'
  ...
# Subtest: relaxed: a new campaign has no books and only one chapter-one opportunity
ok 160 - relaxed: a new campaign has no books and only one chapter-one opportunity
  ---
  duration_ms: 7.064997
  type: 'test'
  ...
# Subtest: relaxed: opening is 10–15% gentler, 4–6 is 5–10% gentler, then rejoins the curve
ok 161 - relaxed: opening is 10–15% gentler, 4–6 is 5–10% gentler, then rejoins the curve
  ---
  duration_ms: 0.598326
  type: 'test'
  ...
# Subtest: relaxed: every chapter remains monotone with no opening or Endless difficulty reset
ok 162 - relaxed: every chapter remains monotone with no opening or Endless difficulty reset
  ---
  duration_ms: 0.703863
  type: 'test'
  ...
# Subtest: classic: a new campaign has no books and only one chapter-one opportunity
ok 163 - classic: a new campaign has no books and only one chapter-one opportunity
  ---
  duration_ms: 1.748946
  type: 'test'
  ...
# Subtest: classic: opening is 10–15% gentler, 4–6 is 5–10% gentler, then rejoins the curve
ok 164 - classic: opening is 10–15% gentler, 4–6 is 5–10% gentler, then rejoins the curve
  ---
  duration_ms: 0.11008
  type: 'test'
  ...
# Subtest: classic: every chapter remains monotone with no opening or Endless difficulty reset
ok 165 - classic: every chapter remains monotone with no opening or Endless difficulty reset
  ---
  duration_ms: 1.448689
  type: 'test'
  ...
# Subtest: maniac: a new campaign has no books and only one chapter-one opportunity
ok 166 - maniac: a new campaign has no books and only one chapter-one opportunity
  ---
  duration_ms: 0.648461
  type: 'test'
  ...
# Subtest: maniac: opening is 10–15% gentler, 4–6 is 5–10% gentler, then rejoins the curve
ok 167 - maniac: opening is 10–15% gentler, 4–6 is 5–10% gentler, then rejoins the curve
  ---
  duration_ms: 0.377025
  type: 'test'
  ...
# Subtest: maniac: every chapter remains monotone with no opening or Endless difficulty reset
ok 168 - maniac: every chapter remains monotone with no opening or Endless difficulty reset
  ---
  duration_ms: 0.909489
  type: 'test'
  ...
# Subtest: chapter 1: actual opportunity gaps stay inside 8–11 arrivals
ok 169 - chapter 1: actual opportunity gaps stay inside 8–11 arrivals
  ---
  duration_ms: 6.547818
  type: 'test'
  ...
# Subtest: chapter 4: actual opportunity gaps stay inside 8–11 arrivals
ok 170 - chapter 4: actual opportunity gaps stay inside 8–11 arrivals
  ---
  duration_ms: 6.61673
  type: 'test'
  ...
# Subtest: chapter 7: actual opportunity gaps stay inside 8–10 arrivals
ok 171 - chapter 7: actual opportunity gaps stay inside 8–10 arrivals
  ---
  duration_ms: 9.291788
  type: 'test'
  ...
# Subtest: chapter 11: actual opportunity gaps stay inside 8–10 arrivals
ok 172 - chapter 11: actual opportunity gaps stay inside 8–10 arrivals
  ---
  duration_ms: 6.259643
  type: 'test'
  ...
# Subtest: chapter 13: actual opportunity gaps stay inside 7–10 arrivals
ok 173 - chapter 13: actual opportunity gaps stay inside 7–10 arrivals
  ---
  duration_ms: 3.549517
  type: 'test'
  ...
# Subtest: chapter 23: actual opportunity gaps stay inside 7–10 arrivals
ok 174 - chapter 23: actual opportunity gaps stay inside 7–10 arrivals
  ---
  duration_ms: 2.779052
  type: 'test'
  ...
# Subtest: chapter 25: actual opportunity gaps stay inside 6–9 arrivals
ok 175 - chapter 25: actual opportunity gaps stay inside 6–9 arrivals
  ---
  duration_ms: 4.085059
  type: 'test'
  ...
# Subtest: chapter 47: actual opportunity gaps stay inside 6–9 arrivals
ok 176 - chapter 47: actual opportunity gaps stay inside 6–9 arrivals
  ---
  duration_ms: 3.51704
  type: 'test'
  ...
# Subtest: chapter 49: actual opportunity gaps stay inside 6–9 arrivals
ok 177 - chapter 49: actual opportunity gaps stay inside 6–9 arrivals
  ---
  duration_ms: 4.926255
  type: 'test'
  ...
# Subtest: trial 6: first opportunity in wave one, then one every eight arrivals
ok 178 - trial 6: first opportunity in wave one, then one every eight arrivals
  ---
  duration_ms: 5.802412
  type: 'test'
  ...
# Subtest: trial 12: first opportunity in wave one, then one every eight arrivals
ok 179 - trial 12: first opportunity in wave one, then one every eight arrivals
  ---
  duration_ms: 7.422712
  type: 'test'
  ...
# Subtest: trial 18: first opportunity in wave one, then one every eight arrivals
ok 180 - trial 18: first opportunity in wave one, then one every eight arrivals
  ---
  duration_ms: 1.406211
  type: 'test'
  ...
# Subtest: trial 24: first opportunity in wave one, then one every eight arrivals
ok 181 - trial 24: first opportunity in wave one, then one every eight arrivals
  ---
  duration_ms: 1.277376
  type: 'test'
  ...
# Subtest: trial 30: first opportunity in wave one, then one every eight arrivals
ok 182 - trial 30: first opportunity in wave one, then one every eight arrivals
  ---
  duration_ms: 4.397098
  type: 'test'
  ...
# Subtest: trial 36: first opportunity in wave one, then one every eight arrivals
ok 183 - trial 36: first opportunity in wave one, then one every eight arrivals
  ---
  duration_ms: 1.252331
  type: 'test'
  ...
# Subtest: trial 42: first opportunity in wave one, then one every eight arrivals
ok 184 - trial 42: first opportunity in wave one, then one every eight arrivals
  ---
  duration_ms: 0.703983
  type: 'test'
  ...
# Subtest: trial 48: first opportunity in wave one, then one every eight arrivals
ok 185 - trial 48: first opportunity in wave one, then one every eight arrivals
  ---
  duration_ms: 0.701322
  type: 'test'
  ...
# Subtest: trial 54: first opportunity in wave one, then one every eight arrivals
ok 186 - trial 54: first opportunity in wave one, then one every eight arrivals
  ---
  duration_ms: 0.64592
  type: 'test'
  ...
# Subtest: trial 102: first opportunity in wave one, then one every eight arrivals
ok 187 - trial 102: first opportunity in wave one, then one every eight arrivals
  ---
  duration_ms: 0.946118
  type: 'test'
  ...
# Subtest: trial 198: first opportunity in wave one, then one every eight arrivals
ok 188 - trial 198: first opportunity in wave one, then one every eight arrivals
  ---
  duration_ms: 0.70014
  type: 'test'
  ...
# Subtest: first opportunity must be typed; merely appearing grants no spell
ok 189 - first opportunity must be typed; merely appearing grants no spell
  ---
  duration_ms: 0.765641
  type: 'test'
  ...
# Subtest: missing the introductory ICE does not gift another tutorial set
ok 190 - missing the introductory ICE does not gift another tutorial set
  ---
  duration_ms: 0.699489
  type: 'test'
  ...
# Subtest: burning a spell grants no inventory and does not accelerate its replacement opportunity
ok 191 - burning a spell grants no inventory and does not accelerate its replacement opportunity
  ---
  duration_ms: 0.70969
  type: 'test'
  ...
# Subtest: full shelves still cap at two; overflow remains a scored word, not another book
ok 192 - full shelves still cap at two; overflow remains a scored word, not another book
  ---
  duration_ms: 0.395609
  type: 'test'
  ...
# Subtest: entering a normal chapter does not restart the reward countdown or refill books
ok 193 - entering a normal chapter does not restart the reward countdown or refill books
  ---
  duration_ms: 1.860222
  type: 'test'
  ...
# Subtest: trial entry pulls a distant drop into wave one, without giving an extra one
ok 194 - trial entry pulls a distant drop into wave one, without giving an extra one
  ---
  duration_ms: 0.68183
  type: 'test'
  ...
# Subtest: an already due spell remains due rather than being delayed by trial setup
ok 195 - an already due spell remains due rather than being delayed by trial setup
  ---
  duration_ms: 0.563575
  type: 'test'
  ...
# Subtest: trial preferences never break the four-spell bag or grant free rescue inventory
ok 196 - trial preferences never break the four-spell bag or grant free rescue inventory
  ---
  duration_ms: 0.670858
  type: 'test'
  ...
# Subtest: blocked candidate does not consume the countdown or a power-bag entry
ok 197 - blocked candidate does not consume the countdown or a power-bag entry
  ---
  duration_ms: 1.217246
  type: 'test'
  ...
# Subtest: canceling a reserved card at chapter clear never loses a bag entry
ok 198 - canceling a reserved card at chapter clear never loses a bag entry
  ---
  duration_ms: 0.346964
  type: 'test'
  ...
# Subtest: pausing and waiting never manufacture or consume spell opportunities
ok 199 - pausing and waiting never manufacture or consume spell opportunities
  ---
  duration_ms: 0.582548
  type: 'test'
  ...
# Subtest: active ICE freezes the scheduled arrival counter as well as card positions
ok 200 - active ICE freezes the scheduled arrival counter as well as card positions
  ---
  duration_ms: 0.9218
  type: 'test'
  ...
# Subtest: danger and score do not change scheduled spell types or gaps
ok 201 - danger and score do not change scheduled spell types or gaps
  ---
  duration_ms: 6.221974
  type: 'test'
  ...
# Subtest: each shuffled cycle still includes all four spells in all campaign wings
ok 202 - each shuffled cycle still includes all four spells in all campaign wings
  ---
  duration_ms: 52.309311
  type: 'test'
  ...
# Subtest: chapter 1 boundary preserves words, spacing, cycle and inventory through save/restore
ok 203 - chapter 1 boundary preserves words, spacing, cycle and inventory through save/restore
  ---
  duration_ms: 7.652744
  type: 'test'
  ...
# Subtest: chapter 5 boundary preserves words, spacing, cycle and inventory through save/restore
ok 204 - chapter 5 boundary preserves words, spacing, cycle and inventory through save/restore
  ---
  duration_ms: 11.382139
  type: 'test'
  ...
# Subtest: chapter 6 boundary preserves words, spacing, cycle and inventory through save/restore
ok 205 - chapter 6 boundary preserves words, spacing, cycle and inventory through save/restore
  ---
  duration_ms: 4.543106
  type: 'test'
  ...
# Subtest: chapter 11 boundary preserves words, spacing, cycle and inventory through save/restore
ok 206 - chapter 11 boundary preserves words, spacing, cycle and inventory through save/restore
  ---
  duration_ms: 3.938938
  type: 'test'
  ...
# Subtest: chapter 12 boundary preserves words, spacing, cycle and inventory through save/restore
ok 207 - chapter 12 boundary preserves words, spacing, cycle and inventory through save/restore
  ---
  duration_ms: 16.460287
  type: 'test'
  ...
# Subtest: chapter 23 boundary preserves words, spacing, cycle and inventory through save/restore
ok 208 - chapter 23 boundary preserves words, spacing, cycle and inventory through save/restore
  ---
  duration_ms: 3.078506
  type: 'test'
  ...
# Subtest: chapter 24 boundary preserves words, spacing, cycle and inventory through save/restore
ok 209 - chapter 24 boundary preserves words, spacing, cycle and inventory through save/restore
  ---
  duration_ms: 2.684361
  type: 'test'
  ...
# Subtest: chapter 35 boundary preserves words, spacing, cycle and inventory through save/restore
ok 210 - chapter 35 boundary preserves words, spacing, cycle and inventory through save/restore
  ---
  duration_ms: 3.880711
  type: 'test'
  ...
# Subtest: chapter 36 boundary preserves words, spacing, cycle and inventory through save/restore
ok 211 - chapter 36 boundary preserves words, spacing, cycle and inventory through save/restore
  ---
  duration_ms: 3.550684
  type: 'test'
  ...
# Subtest: chapter 47 boundary preserves words, spacing, cycle and inventory through save/restore
ok 212 - chapter 47 boundary preserves words, spacing, cycle and inventory through save/restore
  ---
  duration_ms: 2.77766
  type: 'test'
  ...
# Subtest: retry starts the same sparse chapter again, without accumulating failed-attempt books
ok 213 - retry starts the same sparse chapter again, without accumulating failed-attempt books
  ---
  duration_ms: 2.301122
  type: 'test'
  ...
# Subtest: 3.2 save migration caps stock at two, preserves mastery/preferences, and leaves original bytes untouched
ok 214 - 3.2 save migration caps stock at two, preserves mastery/preferences, and leaves original bytes untouched
  ---
  duration_ms: 1.677176
  type: 'test'
  ...
# Subtest: migrated checkpoint keeps the old scoring provenance after new-rules play and re-export
ok 215 - migrated checkpoint keeps the old scoring provenance after new-rules play and re-export
  ---
  duration_ms: 1.365803
  type: 'test'
  ...
# Subtest: fresh current saves cannot import a third charge by claiming the new ruleset
ok 216 - fresh current saves cannot import a third charge by claiming the new ruleset
  ---
  duration_ms: 0.192056
  type: 'test'
  ...
# Subtest: current saves must include a valid schedule; old missing schedules have an explicit fallback
ok 217 - current saves must include a valid schedule; old missing schedules have an explicit fallback
  ---
  duration_ms: 0.187647
  type: 'test'
  ...
# Subtest: invalid schedule values are rejected rather than granting unlimited imminent drops
ok 218 - invalid schedule values are rejected rather than granting unlimited imminent drops
  ---
  duration_ms: 0.462674
  type: 'test'
  ...
# Subtest: restored inventory and schedule are isolated from imported object mutations
ok 219 - restored inventory and schedule are isolated from imported object mutations
  ---
  duration_ms: 0.228247
  type: 'test'
  ...
# Subtest: model restore also clamps legacy charges when called directly by a trusted loader
ok 220 - model restore also clamps legacy charges when called directly by a trusted loader
  ---
  duration_ms: 0.165471
  type: 'test'
  ...
# Subtest: authored non-trial gap endpoints are reachable and trial setup is idempotent
ok 221 - authored non-trial gap endpoints are reachable and trial setup is idempotent
  ---
  duration_ms: 0.177841
  type: 'test'
  ...
# Subtest: Practice and Endless do not receive the campaign introduction again
ok 222 - Practice and Endless do not receive the campaign introduction again
  ---
  duration_ms: 0.084109
  type: 'test'
  ...
# Subtest: UI stock pips derive from the same authoritative capacity as game rules
ok 223 - UI stock pips derive from the same authoritative capacity as game rules
  ---
  duration_ms: 0.645888
  type: 'test'
  ...
# Subtest: Impact durations are short and explicitly bounded; normal clear is 250ms
ok 224 - Impact durations are short and explicitly bounded; normal clear is 250ms
  ---
  duration_ms: 1.684959
  type: 'test'
  ...
# Subtest: Changed keys drive immediate mechanical response without needing a simulation tick
ok 225 - Changed keys drive immediate mechanical response without needing a simulation tick
  ---
  duration_ms: 0.436896
  type: 'test'
  ...
# Subtest: Unchanged keys do not replay a strike or alternate hands
ok 226 - Unchanged keys do not replay a strike or alternate hands
  ---
  duration_ms: 0.653111
  type: 'test'
  ...
# Subtest: Hands alternate only on changed non-erasing inputs
ok 227 - Hands alternate only on changed non-erasing inputs
  ---
  duration_ms: 0.539395
  type: 'test'
  ...
# Subtest: Backspace has a distinct erase response and rewinds the mechanical carriage
ok 228 - Backspace has a distinct erase response and rewinds the mechanical carriage
  ---
  duration_ms: 0.249133
  type: 'test'
  ...
# Subtest: Successful Enter returns from the previous carriage offset, not from a magic fixed distance
ok 229 - Successful Enter returns from the previous carriage offset, not from a magic fixed distance
  ---
  duration_ms: 0.35041
  type: 'test'
  ...
# Subtest: A new letter cancels a still-running return instead of delaying input
ok 230 - A new letter cancels a still-running return instead of delaying input
  ---
  duration_ms: 0.411168
  type: 'test'
  ...
# Subtest: Key, erase and return settle exactly; zero delta preserves a paused pose
ok 231 - Key, erase and return settle exactly; zero delta preserves a paused pose
  ---
  duration_ms: 0.204724
  type: 'test'
  ...
# Subtest: Reduced motion cancels all mechanical movement without emitting another stroke
ok 232 - Reduced motion cancels all mechanical movement without emitting another stroke
  ---
  duration_ms: 0.415709
  type: 'test'
  ...
# Subtest: Bad/long delta is bounded and cannot create an animation backlog
ok 233 - Bad/long delta is bounded and cannot create an animation backlog
  ---
  duration_ms: 0.622718
  type: 'test'
  ...
# Subtest: Twenty-four-letter buffer does not move rail outside its available paper margin
ok 234 - Twenty-four-letter buffer does not move rail outside its available paper margin
  ---
  duration_ms: 0.205296
  type: 'test'
  ...
# Subtest: Physical paper geometry stays clear of input/SLOW/word lane at 0%
ok 235 - Physical paper geometry stays clear of input/SLOW/word lane at 0%
  ---
  duration_ms: 0.521141
  type: 'test'
  ...
# Subtest: Physical paper geometry stays clear of input/SLOW/word lane at 2%
ok 236 - Physical paper geometry stays clear of input/SLOW/word lane at 2%
  ---
  duration_ms: 0.204584
  type: 'test'
  ...
# Subtest: Physical paper geometry stays clear of input/SLOW/word lane at 12%
ok 237 - Physical paper geometry stays clear of input/SLOW/word lane at 12%
  ---
  duration_ms: 0.125958
  type: 'test'
  ...
# Subtest: Physical paper geometry stays clear of input/SLOW/word lane at 25%
ok 238 - Physical paper geometry stays clear of input/SLOW/word lane at 25%
  ---
  duration_ms: 0.10881
  type: 'test'
  ...
# Subtest: Physical paper geometry stays clear of input/SLOW/word lane at 49%
ok 239 - Physical paper geometry stays clear of input/SLOW/word lane at 49%
  ---
  duration_ms: 0.175773
  type: 'test'
  ...
# Subtest: Physical paper geometry stays clear of input/SLOW/word lane at 50%
ok 240 - Physical paper geometry stays clear of input/SLOW/word lane at 50%
  ---
  duration_ms: 0.113654
  type: 'test'
  ...
# Subtest: Physical paper geometry stays clear of input/SLOW/word lane at 74%
ok 241 - Physical paper geometry stays clear of input/SLOW/word lane at 74%
  ---
  duration_ms: 0.346596
  type: 'test'
  ...
# Subtest: Physical paper geometry stays clear of input/SLOW/word lane at 75%
ok 242 - Physical paper geometry stays clear of input/SLOW/word lane at 75%
  ---
  duration_ms: 0.365397
  type: 'test'
  ...
# Subtest: Physical paper geometry stays clear of input/SLOW/word lane at 89%
ok 243 - Physical paper geometry stays clear of input/SLOW/word lane at 89%
  ---
  duration_ms: 0.149671
  type: 'test'
  ...
# Subtest: Physical paper geometry stays clear of input/SLOW/word lane at 90%
ok 244 - Physical paper geometry stays clear of input/SLOW/word lane at 90%
  ---
  duration_ms: 0.130727
  type: 'test'
  ...
# Subtest: Physical paper geometry stays clear of input/SLOW/word lane at 95%
ok 245 - Physical paper geometry stays clear of input/SLOW/word lane at 95%
  ---
  duration_ms: 0.128813
  type: 'test'
  ...
# Subtest: Physical paper geometry stays clear of input/SLOW/word lane at 100%
ok 246 - Physical paper geometry stays clear of input/SLOW/word lane at 100%
  ---
  duration_ms: 0.122981
  type: 'test'
  ...
# Subtest: Paper stack grows monotonically and settles into the actual destination
ok 247 - Paper stack grows monotonically and settles into the actual destination
  ---
  duration_ms: 1.656994
  type: 'test'
  ...
# Subtest: Nonfinite and out-of-range danger cannot poison geometry
ok 248 - Nonfinite and out-of-range danger cannot poison geometry
  ---
  duration_ms: 0.305791
  type: 'test'
  ...
# Subtest: Prefix treatment retains a distinct single selected target on normal
ok 249 - Prefix treatment retains a distinct single selected target on normal
  ---
  duration_ms: 0.296262
  type: 'test'
  ...
# Subtest: Prefix treatment retains a distinct single selected target on fire
ok 250 - Prefix treatment retains a distinct single selected target on fire
  ---
  duration_ms: 0.123932
  type: 'test'
  ...
# Subtest: Prefix treatment retains a distinct single selected target on ice
ok 251 - Prefix treatment retains a distinct single selected target on ice
  ---
  duration_ms: 0.068757
  type: 'test'
  ...
# Subtest: Prefix treatment retains a distinct single selected target on slow
ok 252 - Prefix treatment retains a distinct single selected target on slow
  ---
  duration_ms: 0.063817
  type: 'test'
  ...
# Subtest: Prefix treatment retains a distinct single selected target on wind
ok 253 - Prefix treatment retains a distinct single selected target on wind
  ---
  duration_ms: 0.150063
  type: 'test'
  ...
# Subtest: Prefix treatment retains a distinct single selected target on bonus
ok 254 - Prefix treatment retains a distinct single selected target on bonus
  ---
  duration_ms: 0.072117
  type: 'test'
  ...
# Subtest: Model-priority common prefix and full-word submit agree with presentation targeting
ok 255 - Model-priority common prefix and full-word submit agree with presentation targeting
  ---
  duration_ms: 2.087504
  type: 'test'
  ...
# Subtest: Death source uses last displayed x/y/scale/angle and never mutates word or pose
ok 256 - Death source uses last displayed x/y/scale/angle and never mutates word or pose
  ---
  duration_ms: 0.346776
  type: 'test'
  ...
# Subtest: Pending-paper weights ignore malformed optional values
ok 257 - Pending-paper weights ignore malformed optional values
  ---
  duration_ms: 0.168341
  type: 'test'
  ...
# Subtest: Impact envelope has no negative or nonfinite visual values
ok 258 - Impact envelope has no negative or nonfinite visual values
  ---
  duration_ms: 0.123025
  type: 'test'
  ...
# Subtest: Key/target/paper calls consume neither model random stream nor change outcomes
ok 259 - Key/target/paper calls consume neither model random stream nor change outcomes
  ---
  duration_ms: 4.616055
  type: 'test'
  ...
# Subtest: Retained 3.5.2 baseline hashes match outside the explicitly documented caption and menu additions
ok 260 - Retained 3.5.2 baseline hashes match outside the explicitly documented caption and menu additions
  ---
  duration_ms: 999.242298
  type: 'test'
  ...
# Subtest: Complete shorter word takes feedback priority over a lower longer prefix, exactly like Enter
ok 261 - Complete shorter word takes feedback priority over a lower longer prefix, exactly like Enter
  ---
  duration_ms: 1.428008
  type: 'test'
  ...
# Subtest: Feedback target resolves batched input/correct events but does not preview a future spawn
ok 262 - Feedback target resolves batched input/correct events but does not preview a future spawn
  ---
  duration_ms: 0.270913
  type: 'test'
  ...
# Subtest: Exact duplicates retain lowest-y/id ordering; read-only targeting never sorts the live array
ok 263 - Exact duplicates retain lowest-y/id ordering; read-only targeting never sorts the live array
  ---
  duration_ms: 0.191084
  type: 'test'
  ...
# Subtest: relaxed: all 48 chapters stay within smooth speed and interval bounds
ok 264 - relaxed: all 48 chapters stay within smooth speed and interval bounds
  ---
  duration_ms: 2.352123
  type: 'test'
  ...
# Subtest: relaxed: all spawned ordinary and power cards remain fully readable and non-overlapping
ok 265 - relaxed: all spawned ordinary and power cards remain fully readable and non-overlapping
  ---
  duration_ms: 134.845564
  type: 'test'
  ...
# Subtest: classic: all 48 chapters stay within smooth speed and interval bounds
ok 266 - classic: all 48 chapters stay within smooth speed and interval bounds
  ---
  duration_ms: 0.290762
  type: 'test'
  ...
# Subtest: classic: all spawned ordinary and power cards remain fully readable and non-overlapping
ok 267 - classic: all spawned ordinary and power cards remain fully readable and non-overlapping
  ---
  duration_ms: 179.157876
  type: 'test'
  ...
# Subtest: maniac: all 48 chapters stay within smooth speed and interval bounds
ok 268 - maniac: all 48 chapters stay within smooth speed and interval bounds
  ---
  duration_ms: 0.344664
  type: 'test'
  ...
# Subtest: maniac: all spawned ordinary and power cards remain fully readable and non-overlapping
ok 269 - maniac: all spawned ordinary and power cards remain fully readable and non-overlapping
  ---
  duration_ms: 98.54254
  type: 'test'
  ...
# Subtest: vocabulary mixture is normalized at every campaign and endless chapter
ok 270 - vocabulary mixture is normalized at every campaign and endless chapter
  ---
  duration_ms: 1.372397
  type: 'test'
  ...
# Subtest: no abrupt dictionary mix switch remains at 5, 13, 25 or 37
ok 271 - no abrupt dictionary mix switch remains at 5, 13, 25 or 37
  ---
  duration_ms: 0.238939
  type: 'test'
  ...
# Subtest: newly introduced words obey their chapter length cap
ok 272 - newly introduced words obey their chapter length cap
  ---
  duration_ms: 5.86449
  type: 'test'
  ...
# Subtest: a fast clear shortens empty-field downtime without changing falling speed
ok 273 - a fast clear shortens empty-field downtime without changing falling speed
  ---
  duration_ms: 1.067431
  type: 'test'
  ...
# Subtest: empty-field acceleration never interrupts a trial breathing interval
ok 274 - empty-field acceleration never interrupts a trial breathing interval
  ---
  duration_ms: 0.334099
  type: 'test'
  ...
# Subtest: trial spawns follow five-word waves with a visible breathing interval
ok 275 - trial spawns follow five-word waves with a visible breathing interval
  ---
  duration_ms: 0.341119
  type: 'test'
  ...
# Subtest: no surplus cards are spawned when the board already contains the remaining quota
ok 276 - no surplus cards are spawned when the board already contains the remaining quota
  ---
  duration_ms: 0.199275
  type: 'test'
  ...
# Subtest: a final-word completion clears exactly once with no stranded next-stage timers
ok 277 - a final-word completion clears exactly once with no stranded next-stage timers
  ---
  duration_ms: 1.384803
  type: 'test'
  ...
# Subtest: active text duplicates do not occur in authored spawns
ok 278 - active text duplicates do not occur in authored spawns
  ---
  duration_ms: 4.131903
  type: 'test'
  ...
# Subtest: blocked spawn preserves the exact next card rather than rerolling its reward
ok 279 - blocked spawn preserves the exact next card rather than rerolling its reward
  ---
  duration_ms: 0.567972
  type: 'test'
  ...
# Subtest: a shuffled power cycle includes all four spells before repeating
ok 280 - a shuffled power cycle includes all four spells before repeating
  ---
  duration_ms: 2.858212
  type: 'test'
  ...
# Subtest: power selection prefers a not-full shelf inside the remaining bag
ok 281 - power selection prefers a not-full shelf inside the remaining bag
  ---
  duration_ms: 0.198451
  type: 'test'
  ...
# Subtest: full shelves never inflate inventory on collection
ok 282 - full shelves never inflate inventory on collection
  ---
  duration_ms: 0.18357
  type: 'test'
  ...
# Subtest: first chapter introduces one earned ICE opportunity, not four free tutorial powers
ok 283 - first chapter introduces one earned ICE opportunity, not four free tutorial powers
  ---
  duration_ms: 1.341834
  type: 'test'
  ...
# Subtest: empty FIRE and WIND are STORED rather than falsely actionable READY
ok 284 - empty FIRE and WIND are STORED rather than falsely actionable READY
  ---
  duration_ms: 0.298119
  type: 'test'
  ...
# Subtest: readiness reflects per-spell cooldown as well as inventory
ok 285 - readiness reflects per-spell cooldown as well as inventory
  ---
  duration_ms: 0.596987
  type: 'test'
  ...
# Subtest: SLOW cast before ICE retains every unspent second while frozen
ok 286 - SLOW cast before ICE retains every unspent second while frozen
  ---
  duration_ms: 2.838993
  type: 'test'
  ...
# Subtest: SLOW cast during ICE is queued without consuming duration
ok 287 - SLOW cast during ICE is queued without consuming duration
  ---
  duration_ms: 0.619443
  type: 'test'
  ...
# Subtest: a second queued SLOW does not consume a second book
ok 288 - a second queued SLOW does not consume a second book
  ---
  duration_ms: 0.323705
  type: 'test'
  ...
# Subtest: ICE ending within a tick applies only the remaining unfrozen fraction
ok 289 - ICE ending within a tick applies only the remaining unfrozen fraction
  ---
  duration_ms: 0.238547
  type: 'test'
  ...
# Subtest: SLOW expiry integrates slowed and normal motion within the same tick
ok 290 - SLOW expiry integrates slowed and normal motion within the same tick
  ---
  duration_ms: 0.147171
  type: 'test'
  ...
# Subtest: pause freezes queued spells and spell readiness
ok 291 - pause freezes queued spells and spell readiness
  ---
  duration_ms: 0.633364
  type: 'test'
  ...
# Subtest: FIRE guarantees a short recovery instead of an immediate replacement spawn
ok 292 - FIRE guarantees a short recovery instead of an immediate replacement spawn
  ---
  duration_ms: 0.369527
  type: 'test'
  ...
# Subtest: WIND clears only pressure; it never silently removes falling cards
ok 293 - WIND clears only pressure; it never silently removes falling cards
  ---
  duration_ms: 0.282502
  type: 'test'
  ...
# Subtest: a just-landed exact submission has one miss penalty, not miss plus typo
ok 294 - a just-landed exact submission has one miss penalty, not miss plus typo
  ---
  duration_ms: 0.267858
  type: 'test'
  ...
# Subtest: late-submission protection expires after the declared grace window
ok 295 - late-submission protection expires after the declared grace window
  ---
  duration_ms: 0.201854
  type: 'test'
  ...
# Subtest: the same expired word cannot repeatedly trigger late protection
ok 296 - the same expired word cannot repeatedly trigger late protection
  ---
  duration_ms: 0.141427
  type: 'test'
  ...
# Subtest: a still-live duplicate wins over the recently landed copy
ok 297 - a still-live duplicate wins over the recently landed copy
  ---
  duration_ms: 7.335532
  type: 'test'
  ...
# Subtest: a recently FIRE-cleared typed word does not create a phantom typo penalty
ok 298 - a recently FIRE-cleared typed word does not create a phantom typo penalty
  ---
  duration_ms: 0.255803
  type: 'test'
  ...
# Subtest: late protection cannot rescue an already terminal full-pile result
ok 299 - late protection cannot rescue an already terminal full-pile result
  ---
  duration_ms: 0.171997
  type: 'test'
  ...
# Subtest: chapter RNG is independent from how many earlier frames were simulated
ok 300 - chapter RNG is independent from how many earlier frames were simulated
  ---
  duration_ms: 0.129832
  type: 'test'
  ...
# Subtest: uninterrupted next chapter and restored bookmark produce identical cards
ok 301 - uninterrupted next chapter and restored bookmark produce identical cards
  ---
  duration_ms: 2.052406
  type: 'test'
  ...
# Subtest: chapter-boundary bookmark includes the pending power cycle
ok 302 - chapter-boundary bookmark includes the pending power cycle
  ---
  duration_ms: 3.162451
  type: 'test'
  ...
# Subtest: mid-chapter state cannot masquerade as a safe chapter bookmark
ok 303 - mid-chapter state cannot masquerade as a safe chapter bookmark
  ---
  duration_ms: 0.965786
  type: 'test'
  ...
# Subtest: first chapter can be bookmarked before a single word arrives
ok 304 - first chapter can be bookmarked before a single word arrives
  ---
  duration_ms: 1.073943
  type: 'test'
  ...
# Subtest: failed chapter retains its opening score and stock, recording retry count
ok 305 - failed chapter retains its opening score and stock, recording retry count
  ---
  duration_ms: 0.858107
  type: 'test'
  ...
# Subtest: retry increments cannot corrupt another expedition or chapter
ok 306 - retry increments cannot corrupt another expedition or chapter
  ---
  duration_ms: 1.075206
  type: 'test'
  ...
# Subtest: repeating a failed chapter cannot double-award its previous earned score
ok 307 - repeating a failed chapter cannot double-award its previous earned score
  ---
  duration_ms: 0.967542
  type: 'test'
  ...
# Subtest: campaign final clear cannot advance into chapter 49
ok 308 - campaign final clear cannot advance into chapter 49
  ---
  duration_ms: 0.435701
  type: 'test'
  ...
# Subtest: practice completion cannot advance into a multi-chapter practice score
ok 309 - practice completion cannot advance into a multi-chapter practice score
  ---
  duration_ms: 0.285572
  type: 'test'
  ...
# Subtest: endless can progress without receiving a false campaign victory
ok 310 - endless can progress without receiving a false campaign victory
  ---
  duration_ms: 0.53657
  type: 'test'
  ...
# Subtest: campaign victory cannot be declared in the middle of chapter 48
ok 311 - campaign victory cannot be declared in the middle of chapter 48
  ---
  duration_ms: 0.352623
  type: 'test'
  ...
# Subtest: retirement snapshots retain a voluntary finish distinction
ok 312 - retirement snapshots retain a voluntary finish distinction
  ---
  duration_ms: 0.278492
  type: 'test'
  ...
# Subtest: practice mastery on an unlocked chapter saves without unlocking another chapter
ok 313 - practice mastery on an unlocked chapter saves without unlocking another chapter
  ---
  duration_ms: 1.058483
  type: 'test'
  ...
# Subtest: practice cannot generate stars on a locked chapter
ok 314 - practice cannot generate stars on a locked chapter
  ---
  duration_ms: 0.252895
  type: 'test'
  ...
# Subtest: campaign clear after practice can unlock the next chapter
ok 315 - campaign clear after practice can unlock the next chapter
  ---
  duration_ms: 0.270997
  type: 'test'
  ...
# Subtest: practice best score is chapter-specific, not simply the longest chapter
ok 316 - practice best score is chapter-specific, not simply the longest chapter
  ---
  duration_ms: 1.022169
  type: 'test'
  ...
# Subtest: old rulesets remain in Legacy and cannot become a current personal best
ok 317 - old rulesets remain in Legacy and cannot become a current personal best
  ---
  duration_ms: 0.246205
  type: 'test'
  ...
# Subtest: a migrated in-progress expedition keeps its original scoring provenance
ok 318 - a migrated in-progress expedition keeps its original scoring provenance
  ---
  duration_ms: 0.682844
  type: 'test'
  ...
# Subtest: v3 migration does not overwrite or delete the original saved bytes
ok 319 - v3 migration does not overwrite or delete the original saved bytes
  ---
  duration_ms: 0.319619
  type: 'test'
  ...
# Subtest: corrupt power bags and nonfinite checkpoint identifiers are rejected
ok 320 - corrupt power bags and nonfinite checkpoint identifiers are rejected
  ---
  duration_ms: 0.382229
  type: 'test'
  ...
# Subtest: actual completed-stage score replaces only the comparable ruleset best
ok 321 - actual completed-stage score replaces only the comparable ruleset best
  ---
  duration_ms: 0.682706
  type: 'test'
  ...
# Subtest: paused application settings reject invalid volume and difficulty values
ok 322 - paused application settings reject invalid volume and difficulty values
  ---
  duration_ms: 0.350413
  type: 'test'
  ...
# Subtest: nonfinite and zero deltas cannot poison the game clock
ok 323 - nonfinite and zero deltas cannot poison the game clock
  ---
  duration_ms: 0.235926
  type: 'test'
  ...
# Subtest: long-session replay memory is bounded and truncation is explicit
ok 324 - long-session replay memory is bounded and truncation is explicit
  ---
  duration_ms: 40.744472
  type: 'test'
  ...
# Subtest: renderer frame rate cannot change a fixed-tick authored run
ok 325 - renderer frame rate cannot change a fixed-tick authored run
  ---
  duration_ms: 44.959986
  type: 'test'
  ...
# Subtest: 250 seeded adversarial sessions retain finite state, terminal uniqueness and stock bounds
ok 326 - 250 seeded adversarial sessions retain finite state, terminal uniqueness and stock bounds
  ---
  duration_ms: 553.593987
  type: 'test'
  ...
# Subtest: merging new-rule practice medals cannot revoke an old-rule campaign clear
ok 327 - merging new-rule practice medals cannot revoke an old-rule campaign clear
  ---
  duration_ms: 0.408053
  type: 'test'
  ...
# Subtest: corrupt current save is quarantined and a valid untouched v3 save is recovered
ok 328 - corrupt current save is quarantined and a valid untouched v3 save is recovered
  ---
  duration_ms: 0.26772
  type: 'test'
  ...
# Subtest: normalization accepts English letters, uppercases and bounds the buffer
ok 329 - normalization accepts English letters, uppercases and bounds the buffer
  ---
  duration_ms: 1.344292
  type: 'test'
  ...
# Subtest: dictionary is substantial, uppercase, unique within tiers, and all words fit the buffer
ok 330 - dictionary is substantial, uppercase, unique within tiers, and all words fit the buffer
  ---
  duration_ms: 1.351255
  type: 'test'
  ...
# Subtest: seeded random generator repeats exactly
ok 331 - seeded random generator repeats exactly
  ---
  duration_ms: 1.323411
  type: 'test'
  ...
# Subtest: fresh game is in menu, with no starting power stock
ok 332 - fresh game is in menu, with no starting power stock
  ---
  duration_ms: 0.462792
  type: 'test'
  ...
# Subtest: start resets all run state
ok 333 - start resets all run state
  ---
  duration_ms: 0.461262
  type: 'test'
  ...
# Subtest: complete exact word once, update points/progress/characters
ok 334 - complete exact word once, update points/progress/characters
  ---
  duration_ms: 0.58569
  type: 'test'
  ...
# Subtest: partial input never auto-clears or penalizes
ok 335 - partial input never auto-clears or penalizes
  ---
  duration_ms: 0.284907
  type: 'test'
  ...
# Subtest: empty Enter is a true no-op
ok 336 - empty Enter is a true no-op
  ---
  duration_ms: 0.427842
  type: 'test'
  ...
# Subtest: invalid submission penalizes once and clears the buffer
ok 337 - invalid submission penalizes once and clears the buffer
  ---
  duration_ms: 0.799234
  type: 'test'
  ...
# Subtest: editing a prefix is non-destructive
ok 338 - editing a prefix is non-destructive
  ---
  duration_ms: 0.514749
  type: 'test'
  ...
# Subtest: duplicate words resolve the lowest exact match
ok 339 - duplicate words resolve the lowest exact match
  ---
  duration_ms: 0.32076
  type: 'test'
  ...
# Subtest: ties are stable by ID
ok 340 - ties are stable by ID
  ---
  duration_ms: 0.14393
  type: 'test'
  ...
# Subtest: shared prefix does not lock onto a target
ok 341 - shared prefix does not lock onto a target
  ---
  duration_ms: 0.174815
  type: 'test'
  ...
# Subtest: falling FIRE word takes priority over available command
ok 342 - falling FIRE word takes priority over available command
  ---
  duration_ms: 0.162844
  type: 'test'
  ...
# Subtest: power collection is immediate and capped at two
ok 343 - power collection is immediate and capped at two
  ---
  duration_ms: 0.173408
  type: 'test'
  ...
# Subtest: all four power-card families grant the corresponding book
ok 344 - all four power-card families grant the corresponding book
  ---
  duration_ms: 0.307789
  type: 'test'
  ...
# Subtest: unavailable spell costs no points or danger and grants no stock
ok 345 - unavailable spell costs no points or danger and grants no stock
  ---
  duration_ms: 0.252961
  type: 'test'
  ...
# Subtest: FIRE clears active cards without scoring, progress, or harvesting books
ok 346 - FIRE clears active cards without scoring, progress, or harvesting books
  ---
  duration_ms: 0.433343
  type: 'test'
  ...
# Subtest: FIRE consumes exactly one charge per nonempty cast
ok 347 - FIRE consumes exactly one charge per nonempty cast
  ---
  duration_ms: 0.251649
  type: 'test'
  ...
# Subtest: ICE stops words and spawn timer for its duration
ok 348 - ICE stops words and spawn timer for its duration
  ---
  duration_ms: 1.209836
  type: 'test'
  ...
# Subtest: ICE active recast is rejected and preserves the next book
ok 349 - ICE active recast is rejected and preserves the next book
  ---
  duration_ms: 0.373244
  type: 'test'
  ...
# Subtest: SLOW scales motion by exactly 0.42
ok 350 - SLOW scales motion by exactly 0.42
  ---
  duration_ms: 0.216876
  type: 'test'
  ...
# Subtest: ICE and SLOW coexist; SLOW time is banked until ICE ends
ok 351 - ICE and SLOW coexist; SLOW time is banked until ICE ends
  ---
  duration_ms: 0.235071
  type: 'test'
  ...
# Subtest: WIND fully clears danger and paper without clearing active words
ok 352 - WIND fully clears danger and paper without clearing active words
  ---
  duration_ms: 0.19266
  type: 'test'
  ...
# Subtest: pause freezes timers, positions, game time, and spawn countdown
ok 353 - pause freezes timers, positions, game time, and spawn countdown
  ---
  duration_ms: 0.589436
  type: 'test'
  ...
# Subtest: paused input cannot change buffer or score
ok 354 - paused input cannot change buffer or score
  ---
  duration_ms: 0.104998
  type: 'test'
  ...
# Subtest: miss adds the configured danger once and clears streak
ok 355 - miss adds the configured danger once and clears streak
  ---
  duration_ms: 0.185447
  type: 'test'
  ...
# Subtest: dark miss penalty is larger; dark completion earns double
ok 356 - dark miss penalty is larger; dark completion earns double
  ---
  duration_ms: 0.312845
  type: 'test'
  ...
# Subtest: game over is terminal and emits only once
ok 357 - game over is terminal and emits only once
  ---
  duration_ms: 0.226166
  type: 'test'
  ...
# Subtest: an invalid submission can end a run at the limit
ok 358 - an invalid submission can end a run at the limit
  ---
  duration_ms: 0.165904
  type: 'test'
  ...
# Subtest: word submitted just before impact cannot subsequently land
ok 359 - word submitted just before impact cannot subsequently land
  ---
  duration_ms: 0.167358
  type: 'test'
  ...
# Subtest: perfect chapter awards 100 x level plus 250, then clears field
ok 360 - perfect chapter awards 100 x level plus 250, then clears field
  ---
  duration_ms: 0.419749
  type: 'test'
  ...
# Subtest: imperfect chapter excludes perfect bonus
ok 361 - imperfect chapter excludes perfect bonus
  ---
  duration_ms: 0.184661
  type: 'test'
  ...
# Subtest: next chapter resets quota and timed effects but retains danger and stock
ok 362 - next chapter resets quota and timed effects but retains danger and stock
  ---
  duration_ms: 0.220775
  type: 'test'
  ...
# Subtest: streak multiplier grows at eight and caps at three
ok 363 - streak multiplier grows at eight and caps at three
  ---
  duration_ms: 0.060697
  type: 'test'
  ...
# Subtest: word accuracy is submission accuracy, not a keystroke claim
ok 364 - word accuracy is submission accuracy, not a keystroke claim
  ---
  duration_ms: 0.09827
  type: 'test'
  ...
# Subtest: WPM uses correctly completed characters and active time
ok 365 - WPM uses correctly completed characters and active time
  ---
  duration_ms: 0.077065
  type: 'test'
  ...
# Subtest: same seed and input sequence yield the same simulation
ok 366 - same seed and input sequence yield the same simulation
  ---
  duration_ms: 4.84175
  type: 'test'
  ...
# Subtest: spawn bounds keep whole cards on the playfield
ok 367 - spawn bounds keep whole cards on the playfield
  ---
  duration_ms: 3.765725
  type: 'test'
  ...
# Subtest: spawn is bounded at 12 simultaneous cards
ok 368 - spawn is bounded at 12 simultaneous cards
  ---
  duration_ms: 0.153792
  type: 'test'
  ...
# Subtest: special cards include explicit glyph padding
ok 369 - special cards include explicit glyph padding
  ---
  duration_ms: 0.142831
  type: 'test'
  ...
# Subtest: level speed and quotas increase but remain bounded
ok 370 - level speed and quotas increase but remain bounded
  ---
  duration_ms: 0.11709
  type: 'test'
  ...
# Subtest: pace choice changes speed without changing correctness rules
ok 371 - pace choice changes speed without changing correctness rules
  ---
  duration_ms: 0.059151
  type: 'test'
  ...
# Subtest: fixed clock creates 60 bounded simulation steps over one second
ok 372 - fixed clock creates 60 bounded simulation steps over one second
  ---
  duration_ms: 0.211797
  type: 'test'
  ...
# Subtest: clock does not simulate a hidden-tab catch-up burst
ok 373 - clock does not simulate a hidden-tab catch-up burst
  ---
  duration_ms: 0.079999
  type: 'test'
  ...
# Subtest: settings and local records round-trip with schema validation
ok 374 - settings and local records round-trip with schema validation
  ---
  duration_ms: 1.474601
  type: 'test'
  ...
# Subtest: malformed local data recovers safely
ok 375 - malformed local data recovers safely
  ---
  duration_ms: 0.376813
  type: 'test'
  ...
# Subtest: unavailable storage is explicitly session-only
ok 376 - unavailable storage is explicitly session-only
  ---
  duration_ms: 0.246089
  type: 'test'
  ...
# Subtest: blocked storage never crashes game state
ok 377 - blocked storage never crashes game state
  ---
  duration_ms: 0.219255
  type: 'test'
  ...
# Subtest: records filter malformed entries and maintain independent pace bests
ok 378 - records filter malformed entries and maintain independent pace bests
  ---
  duration_ms: 0.247426
  type: 'test'
  ...
# Subtest: clearing records retains settings
ok 379 - clearing records retains settings
  ---
  duration_ms: 0.163457
  type: 'test'
  ...
# Subtest: new players get the original score without a separate setup screen
ok 380 - new players get the original score without a separate setup screen
  ---
  duration_ms: 1.130801
  type: 'test'
  ...
# Subtest: music, effects, and master volume have independent bounded defaults
ok 381 - music, effects, and master volume have independent bounded defaults
  ---
  duration_ms: 0.216512
  type: 'test'
  ...
# Subtest: default gameplay HUD is focused, not a metrics dashboard
ok 382 - default gameplay HUD is focused, not a metrics dashboard
  ---
  duration_ms: 0.137044
  type: 'test'
  ...
# Subtest: returning players have a configurable resume safety countdown
ok 383 - returning players have a configurable resume safety countdown
  ---
  duration_ms: 0.084815
  type: 'test'
  ...
# Subtest: v2 settings and records migrate non-destructively into Typekeeper
ok 384 - v2 settings and records migrate non-destructively into Typekeeper
  ---
  duration_ms: 1.442665
  type: 'test'
  ...
# Subtest: current Typekeeper preferences take priority over old defaults
ok 385 - current Typekeeper preferences take priority over old defaults
  ---
  duration_ms: 0.261167
  type: 'test'
  ...
# Subtest: new audio preferences persist through actual serialization
ok 386 - new audio preferences persist through actual serialization
  ---
  duration_ms: 0.425431
  type: 'test'
  ...
# Subtest: invalid imported audio gains do not reach the mixer
ok 387 - invalid imported audio gains do not reach the mixer
  ---
  duration_ms: 0.552387
  type: 'test'
  ...
# Subtest: new presentation toggles serialize without changing active game rules
ok 388 - new presentation toggles serialize without changing active game rules
  ---
  duration_ms: 0.411076
  type: 'test'
  ...
# Subtest: Typekeeper save exports identify the product and preserve schema compatibility
ok 389 - Typekeeper save exports identify the product and preserve schema compatibility
  ---
  duration_ms: 0.804389
  type: 'test'
  ...
# Subtest: migrated saves retain all earned mastery and chapter bookmarks
ok 390 - migrated saves retain all earned mastery and chapter bookmarks
  ---
  duration_ms: 4.151226
  type: 'test'
  ...
# Subtest: pile restoration agrees with the danger meter after a bookmark
ok 391 - pile restoration agrees with the danger meter after a bookmark
  ---
  duration_ms: 1.77824
  type: 'test'
  ...
# Subtest: restored pile does not retain references to imported data
ok 392 - restored pile does not retain references to imported data
  ---
  duration_ms: 0.486214
  type: 'test'
  ...
# Subtest: older checkpoints reconstruct visual papers for existing danger
ok 393 - older checkpoints reconstruct visual papers for existing danger
  ---
  duration_ms: 0.380126
  type: 'test'
  ...
# Subtest: malformed pile objects are rejected before save import
ok 394 - malformed pile objects are rejected before save import
  ---
  duration_ms: 0.506451
  type: 'test'
  ...
# Subtest: oversized or out-of-field imported piles are rejected
ok 395 - oversized or out-of-field imported piles are rejected
  ---
  duration_ms: 0.299217
  type: 'test'
  ...
# Subtest: campaign finale now uses the Typekeeper identity
ok 396 - campaign finale now uses the Typekeeper identity
  ---
  duration_ms: 0.070792
  type: 'test'
  ...
# Subtest: HTML contains no website header, footer, or edition labeling
ok 397 - HTML contains no website header, footer, or edition labeling
  ---
  duration_ms: 0.383795
  type: 'test'
  ...
# Subtest: live menu source removes prototype and defensive copy
ok 398 - live menu source removes prototype and defensive copy
  ---
  duration_ms: 0.518053
  type: 'test'
  ...
# Subtest: original score has two equal-length, original phase-aligned stems
ok 399 - original score has two equal-length, original phase-aligned stems
  ---
  duration_ms: 0.200594
  type: 'test'
  ...
# Subtest: both music exports are included locally and stay under 3 MiB each
ok 400 - both music exports are included locally and stay under 3 MiB each
  ---
  duration_ms: 0.145557
  type: 'test'
  ...
# Subtest: source soundtrack includes editable MIDI and lossless masters
ok 401 - source soundtrack includes editable MIDI and lossless masters
  ---
  duration_ms: 0.109288
  type: 'test'
  ...
# Subtest: old placeholder nocturne is not shipped as a runtime asset
ok 402 - old placeholder nocturne is not shipped as a runtime asset
  ---
  duration_ms: 0.265135
  type: 'test'
  ...
# Subtest: no font binaries or remote font dependencies are required
ok 403 - no font binaries or remote font dependencies are required
  ---
  duration_ms: 0.697303
  type: 'test'
  ...
# Subtest: Application 3.5.1 retains the 3.2.1 gameplay ruleset and resource capacity
ok 404 - Application 3.5.1 retains the 3.2.1 gameplay ruleset and resource capacity
  ---
  duration_ms: 1.165992
  type: 'test'
  ...
# Subtest: Source hashes preserve untouched 3.4 modules; changed rules/model are covered by dual-model parity tests
ok 405 - Source hashes preserve untouched 3.4 modules; changed rules/model are covered by dual-model parity tests
  ---
  duration_ms: 50.254914
  type: 'test'
  ...
# Subtest: Room state 1 follows campaign chapters 1–6
ok 406 - Room state 1 follows campaign chapters 1–6
  ---
  duration_ms: 0.25668
  type: 'test'
  ...
# Subtest: Room state 2 follows campaign chapters 7–12
ok 407 - Room state 2 follows campaign chapters 7–12
  ---
  duration_ms: 0.084073
  type: 'test'
  ...
# Subtest: Room state 3 follows campaign chapters 13–18
ok 408 - Room state 3 follows campaign chapters 13–18
  ---
  duration_ms: 0.152821
  type: 'test'
  ...
# Subtest: Room state 4 follows campaign chapters 19–24
ok 409 - Room state 4 follows campaign chapters 19–24
  ---
  duration_ms: 0.064204
  type: 'test'
  ...
# Subtest: Room state 5 follows campaign chapters 25–30
ok 410 - Room state 5 follows campaign chapters 25–30
  ---
  duration_ms: 0.165337
  type: 'test'
  ...
# Subtest: Room state 6 follows campaign chapters 31–36
ok 411 - Room state 6 follows campaign chapters 31–36
  ---
  duration_ms: 0.066885
  type: 'test'
  ...
# Subtest: Room state 7 follows campaign chapters 37–42
ok 412 - Room state 7 follows campaign chapters 37–42
  ---
  duration_ms: 0.228647
  type: 'test'
  ...
# Subtest: Room state 8 follows campaign chapters 43–48
ok 413 - Room state 8 follows campaign chapters 43–48
  ---
  duration_ms: 0.311101
  type: 'test'
  ...
# Subtest: Endless reuses the final room rather than generating unbounded stage textures
ok 414 - Endless reuses the final room rather than generating unbounded stage textures
  ---
  duration_ms: 0.32452
  type: 'test'
  ...
# Subtest: Visual prefix target is the same lowest-y, lowest-ID candidate as the model
ok 415 - Visual prefix target is the same lowest-y, lowest-ID candidate as the model
  ---
  duration_ms: 0.185453
  type: 'test'
  ...
# Subtest: Target selection never reorders the live model array
ok 416 - Target selection never reorders the live model array
  ---
  duration_ms: 0.747932
  type: 'test'
  ...
# Subtest: Words stay readable at presentation scale 0.72
ok 417 - Words stay readable at presentation scale 0.72
  ---
  duration_ms: 0.494872
  type: 'test'
  ...
# Subtest: Words stay readable at presentation scale 0.8355555556
ok 418 - Words stay readable at presentation scale 0.8355555556
  ---
  duration_ms: 0.227418
  type: 'test'
  ...
# Subtest: Words stay readable at presentation scale 1.18
ok 419 - Words stay readable at presentation scale 1.18
  ---
  duration_ms: 0.11738
  type: 'test'
  ...
# Subtest: EXTRAORDINARY remains one complete string and never splits into rows
ok 420 - EXTRAORDINARY remains one complete string and never splits into rows
  ---
  duration_ms: 0.095997
  type: 'test'
  ...
# Subtest: Physical-text material layouts leave room for all four element icons
ok 421 - Physical-text material layouts leave room for all four element icons
  ---
  duration_ms: 0.082649
  type: 'test'
  ...
# Subtest: Display-only collision resolution never changes y, speed, text or source coordinates
ok 422 - Display-only collision resolution never changes y, speed, text or source coordinates
  ---
  duration_ms: 0.318127
  type: 'test'
  ...
# Subtest: Display separation clamps complete card edges inside the playfield
ok 423 - Display separation clamps complete card edges inside the playfield
  ---
  duration_ms: 0.178935
  type: 'test'
  ...
# Subtest: Defeat ceremony lasts 1.2 presentation seconds and completes exactly once
ok 424 - Defeat ceremony lasts 1.2 presentation seconds and completes exactly once
  ---
  duration_ms: 0.346022
  type: 'test'
  ...
# Subtest: Chapter closure lasts less than a second and is independently skippable
ok 425 - Chapter closure lasts less than a second and is independently skippable
  ---
  duration_ms: 0.098839
  type: 'test'
  ...
# Subtest: Hidden-page time does not consume the ceremony
ok 426 - Hidden-page time does not consume the ceremony
  ---
  duration_ms: 0.105821
  type: 'test'
  ...
# Subtest: Canceling a ceremony prevents stale UI callbacks after retry or menu
ok 427 - Canceling a ceremony prevents stale UI callbacks after retry or menu
  ---
  duration_ms: 0.056953
  type: 'test'
  ...
# Subtest: Reduced-motion ceremonies complete immediately without simulated game time
ok 428 - Reduced-motion ceremonies complete immediately without simulated game time
  ---
  duration_ms: 0.062179
  type: 'test'
  ...
# Subtest: Long frame gaps cannot create a giant catch-up through the outcome presentation
ok 429 - Long frame gaps cannot create a giant catch-up through the outcome presentation
  ---
  duration_ms: 0.053197
  type: 'test'
  ...
# Subtest: Ceremony payload and progress never award a second model score
ok 430 - Ceremony payload and progress never award a second model score
  ---
  duration_ms: 1.586901
  type: 'test'
  ...
# Subtest: Presentation layout and effects do not change the authored 48-stage pace curve
ok 431 - Presentation layout and effects do not change the authored 48-stage pace curve
  ---
  duration_ms: 0.635661
  type: 'test'
  ...
# Subtest: chapter 1: the earlier pressure curve is pinned
ok 432 - chapter 1: the earlier pressure curve is pinned
  ---
  duration_ms: 2.227562
  type: 'test'
  ...
# Subtest: chapter 3: the earlier pressure curve is pinned
ok 433 - chapter 3: the earlier pressure curve is pinned
  ---
  duration_ms: 0.248647
  type: 'test'
  ...
# Subtest: chapter 6: the earlier pressure curve is pinned
ok 434 - chapter 6: the earlier pressure curve is pinned
  ---
  duration_ms: 0.209406
  type: 'test'
  ...
# Subtest: chapter 12: the earlier pressure curve is pinned
ok 435 - chapter 12: the earlier pressure curve is pinned
  ---
  duration_ms: 0.138612
  type: 'test'
  ...
# Subtest: chapter 24: the earlier pressure curve is pinned
ok 436 - chapter 24: the earlier pressure curve is pinned
  ---
  duration_ms: 0.208688
  type: 'test'
  ...
# Subtest: chapter 36: the earlier pressure curve is pinned
ok 437 - chapter 36: the earlier pressure curve is pinned
  ---
  duration_ms: 0.253625
  type: 'test'
  ...
# Subtest: chapter 48: the earlier pressure curve is pinned
ok 438 - chapter 48: the earlier pressure curve is pinned
  ---
  duration_ms: 0.139681
  type: 'test'
  ...
# Subtest: second chapter introduces medium words; the first chapter keeps its short onboarding words
ok 439 - second chapter introduces medium words; the first chapter keeps its short onboarding words
  ---
  duration_ms: 0.519726
  type: 'test'
  ...
# Subtest: all 48 vocabulary distributions are positive, normalized, and length-bounded
ok 440 - all 48 vocabulary distributions are positive, normalized, and length-bounded
  ---
  duration_ms: 7.349484
  type: 'test'
  ...
# Subtest: early speed changes are explicit between chapters; no within-card rubber banding
ok 441 - early speed changes are explicit between chapters; no within-card rubber banding
  ---
  duration_ms: 2.676153
  type: 'test'
  ...
# Subtest: chapter 48 into Endless does not reset difficulty downward
ok 442 - chapter 48 into Endless does not reset difficulty downward
  ---
  duration_ms: 0.373247
  type: 'test'
  ...
# Subtest: music adds no tension in calm play and builds continuously through danger
ok 443 - music adds no tension in calm play and builds continuously through danger
  ---
  duration_ms: 1.07377
  type: 'test'
  ...
# Subtest: adaptive layers can be disabled without changing the baseline scene groove
ok 444 - adaptive layers can be disabled without changing the baseline scene groove
  ---
  duration_ms: 0.97031
  type: 'test'
  ...
# Subtest: menu: high pile never leaves critical layers playing over a modal
ok 445 - menu: high pile never leaves critical layers playing over a modal
  ---
  duration_ms: 0.196186
  type: 'test'
  ...
# Subtest: pause: high pile never leaves critical layers playing over a modal
ok 446 - pause: high pile never leaves critical layers playing over a modal
  ---
  duration_ms: 0.078327
  type: 'test'
  ...
# Subtest: clear: high pile never leaves critical layers playing over a modal
ok 447 - clear: high pile never leaves critical layers playing over a modal
  ---
  duration_ms: 0.063777
  type: 'test'
  ...
# Subtest: over: high pile never leaves critical layers playing over a modal
ok 448 - over: high pile never leaves critical layers playing over a modal
  ---
  duration_ms: 0.058653
  type: 'test'
  ...
# Subtest: music rejects invalid pressure and clamps out-of-range numbers
ok 449 - music rejects invalid pressure and clamps out-of-range numbers
  ---
  duration_ms: 0.151832
  type: 'test'
  ...
# Subtest: all four stems use one exact original music-cycle duration
ok 450 - all four stems use one exact original music-cycle duration
  ---
  duration_ms: 0.084757
  type: 'test'
  ...
# Subtest: near-boundary pressure changes cannot cause abrupt target jumps
ok 451 - near-boundary pressure changes cannot cause abrupt target jumps
  ---
  duration_ms: 0.510423
  type: 'test'
  ...
# Subtest: input sparkle targets the lowest eligible prefix without auto-submitting
ok 452 - input sparkle targets the lowest eligible prefix without auto-submitting
  ---
  duration_ms: 0.439736
  type: 'test'
  ...
# Subtest: full-word ready cue is feedback only until Enter
ok 453 - full-word ready cue is feedback only until Enter
  ---
  duration_ms: 0.678006
  type: 'test'
  ...
# Subtest: wrong prefixes get no match sparkle and no extra penalty
ok 454 - wrong prefixes get no match sparkle and no extra penalty
  ---
  duration_ms: 0.43383
  type: 'test'
  ...
# Subtest: same-length replacement emits a new key event; unchanged input does not
ok 455 - same-length replacement emits a new key event; unchanged input does not
  ---
  duration_ms: 0.503567
  type: 'test'
  ...
# Subtest: backspace does not trigger a new typing-ready sound
ok 456 - backspace does not trigger a new typing-ready sound
  ---
  duration_ms: 0.321825
  type: 'test'
  ...
# Subtest: ICE and queued SLOW each emit exactly one natural ending
ok 457 - ICE and queued SLOW each emit exactly one natural ending
  ---
  duration_ms: 0.610676
  type: 'test'
  ...
# Subtest: pause suspends effect-end events and spell lifetime
ok 458 - pause suspends effect-end events and spell lifetime
  ---
  duration_ms: 0.245679
  type: 'test'
  ...
# Subtest: clearing a chapter cancels effects without false expiration cues
ok 459 - clearing a chapter cancels effects without false expiration cues
  ---
  duration_ms: 0.447002
  type: 'test'
  ...
# Subtest: score tally is monotone, bounded, and finishes at the authoritative total
ok 460 - score tally is monotone, bounded, and finishes at the authoritative total
  ---
  duration_ms: 0.536405
  type: 'test'
  ...
# Subtest: large totals finish in the same time rather than counting each point
ok 461 - large totals finish in the same time rather than counting each point
  ---
  duration_ms: 0.193751
  type: 'test'
  ...
# Subtest: slow-frame tally never schedules a backlog of ticks
ok 462 - slow-frame tally never schedules a backlog of ticks
  ---
  duration_ms: 0.200852
  type: 'test'
  ...
# Subtest: tally skip completes once; a canceled tally cannot leak a completion
ok 463 - tally skip completes once; a canceled tally cannot leak a completion
  ---
  duration_ms: 0.152785
  type: 'test'
  ...
# Subtest: reduced motion displays the final score immediately
ok 464 - reduced motion displays the final score immediately
  ---
  duration_ms: 0.096765
  type: 'test'
  ...
# Subtest: score presentation cannot mutate game totals or earn duplicate points
ok 465 - score presentation cannot mutate game totals or earn duplicate points
  ---
  duration_ms: 0.586913
  type: 'test'
  ...
# Subtest: v3.1 storage migrates into v3.2.1 without rewriting the old key
ok 466 - v3.1 storage migrates into v3.2.1 without rewriting the old key
  ---
  duration_ms: 1.719763
  type: 'test'
  ...
# Subtest: adaptive music and shimmer preferences persist without changing score rules
ok 467 - adaptive music and shimmer preferences persist without changing score rules
  ---
  duration_ms: 0.429986
  type: 'test'
  ...
# Subtest: relaxed: no campaign or Endless quota is 13 through level 10,000
ok 468 - relaxed: no campaign or Endless quota is 13 through level 10,000
  ---
  duration_ms: 17.749126
  type: 'test'
  ...
# Subtest: relaxed: exactly chapters 3 and 4 gain one word; speed, arrival, trial and special rates unchanged
ok 469 - relaxed: exactly chapters 3 and 4 gain one word; speed, arrival, trial and special rates unchanged
  ---
  duration_ms: 8.164769
  type: 'test'
  ...
# Subtest: relaxed, chapter 3: 13 correct submissions do not clear; only the fourteenth clears once
ok 470 - relaxed, chapter 3: 13 correct submissions do not clear; only the fourteenth clears once
  ---
  duration_ms: 6.602185
  type: 'test'
  ...
# Subtest: relaxed, chapter 3: FIRE clears paper, never counts toward the new 14-word target
ok 471 - relaxed, chapter 3: FIRE clears paper, never counts toward the new 14-word target
  ---
  duration_ms: 4.802784
  type: 'test'
  ...
# Subtest: relaxed, chapter 4: 13 correct submissions do not clear; only the fourteenth clears once
ok 472 - relaxed, chapter 4: 13 correct submissions do not clear; only the fourteenth clears once
  ---
  duration_ms: 1.780216
  type: 'test'
  ...
# Subtest: relaxed, chapter 4: FIRE clears paper, never counts toward the new 14-word target
ok 473 - relaxed, chapter 4: FIRE clears paper, never counts toward the new 14-word target
  ---
  duration_ms: 3.606743
  type: 'test'
  ...
# Subtest: relaxed: migrated checkpoint uses quota 14 but keeps old score provenance and exact saved resources
ok 474 - relaxed: migrated checkpoint uses quota 14 but keeps old score provenance and exact saved resources
  ---
  duration_ms: 7.077157
  type: 'test'
  ...
# Subtest: relaxed: starting fresh preserves stars, unlocks and all historical scoped scores
ok 475 - relaxed: starting fresh preserves stars, unlocks and all historical scoped scores
  ---
  duration_ms: 3.912625
  type: 'test'
  ...
# Subtest: classic: no campaign or Endless quota is 13 through level 10,000
ok 476 - classic: no campaign or Endless quota is 13 through level 10,000
  ---
  duration_ms: 14.3135
  type: 'test'
  ...
# Subtest: classic: exactly chapters 3 and 4 gain one word; speed, arrival, trial and special rates unchanged
ok 477 - classic: exactly chapters 3 and 4 gain one word; speed, arrival, trial and special rates unchanged
  ---
  duration_ms: 3.570444
  type: 'test'
  ...
# Subtest: classic, chapter 3: 13 correct submissions do not clear; only the fourteenth clears once
ok 478 - classic, chapter 3: 13 correct submissions do not clear; only the fourteenth clears once
  ---
  duration_ms: 1.018383
  type: 'test'
  ...
# Subtest: classic, chapter 3: FIRE clears paper, never counts toward the new 14-word target
ok 479 - classic, chapter 3: FIRE clears paper, never counts toward the new 14-word target
  ---
  duration_ms: 0.740308
  type: 'test'
  ...
# Subtest: classic, chapter 4: 13 correct submissions do not clear; only the fourteenth clears once
ok 480 - classic, chapter 4: 13 correct submissions do not clear; only the fourteenth clears once
  ---
  duration_ms: 0.723454
  type: 'test'
  ...
# Subtest: classic, chapter 4: FIRE clears paper, never counts toward the new 14-word target
ok 481 - classic, chapter 4: FIRE clears paper, never counts toward the new 14-word target
  ---
  duration_ms: 0.845205
  type: 'test'
  ...
# Subtest: classic: migrated checkpoint uses quota 14 but keeps old score provenance and exact saved resources
ok 482 - classic: migrated checkpoint uses quota 14 but keeps old score provenance and exact saved resources
  ---
  duration_ms: 1.636153
  type: 'test'
  ...
# Subtest: classic: starting fresh preserves stars, unlocks and all historical scoped scores
ok 483 - classic: starting fresh preserves stars, unlocks and all historical scoped scores
  ---
  duration_ms: 2.963391
  type: 'test'
  ...
# Subtest: maniac: no campaign or Endless quota is 13 through level 10,000
ok 484 - maniac: no campaign or Endless quota is 13 through level 10,000
  ---
  duration_ms: 3.126921
  type: 'test'
  ...
# Subtest: maniac: exactly chapters 3 and 4 gain one word; speed, arrival, trial and special rates unchanged
ok 485 - maniac: exactly chapters 3 and 4 gain one word; speed, arrival, trial and special rates unchanged
  ---
  duration_ms: 3.493986
  type: 'test'
  ...
# Subtest: maniac, chapter 3: 13 correct submissions do not clear; only the fourteenth clears once
ok 486 - maniac, chapter 3: 13 correct submissions do not clear; only the fourteenth clears once
  ---
  duration_ms: 1.357825
  type: 'test'
  ...
# Subtest: maniac, chapter 3: FIRE clears paper, never counts toward the new 14-word target
ok 487 - maniac, chapter 3: FIRE clears paper, never counts toward the new 14-word target
  ---
  duration_ms: 1.414139
  type: 'test'
  ...
# Subtest: maniac, chapter 4: 13 correct submissions do not clear; only the fourteenth clears once
ok 488 - maniac, chapter 4: 13 correct submissions do not clear; only the fourteenth clears once
  ---
  duration_ms: 2.592273
  type: 'test'
  ...
# Subtest: maniac, chapter 4: FIRE clears paper, never counts toward the new 14-word target
ok 489 - maniac, chapter 4: FIRE clears paper, never counts toward the new 14-word target
  ---
  duration_ms: 1.517331
  type: 'test'
  ...
# Subtest: maniac: migrated checkpoint uses quota 14 but keeps old score provenance and exact saved resources
ok 490 - maniac: migrated checkpoint uses quota 14 but keeps old score provenance and exact saved resources
  ---
  duration_ms: 3.417247
  type: 'test'
  ...
# Subtest: maniac: starting fresh preserves stars, unlocks and all historical scoped scores
ok 491 - maniac: starting fresh preserves stars, unlocks and all historical scoped scores
  ---
  duration_ms: 5.54619
  type: 'test'
  ...
# Subtest: First wing has 84 required words, exactly two more than its prior 82
ok 492 - First wing has 84 required words, exactly two more than its prior 82
  ---
  duration_ms: 0.208992
  type: 'test'
  ...
# Subtest: Every new scope is versioned while the browser storage key remains unchanged
ok 493 - Every new scope is versioned while the browser storage key remains unchanged
  ---
  duration_ms: 0.589176
  type: 'test'
  ...
# Subtest: Old chapter bests and running bests survive two real serializer reloads without silently disappearing
ok 494 - Old chapter bests and running bests survive two real serializer reloads without silently disappearing
  ---
  duration_ms: 10.490941
  type: 'test'
  ...
# Subtest: Historical 3.6.3 scopes are opt-in import-only; normal new-record writes still reject them
ok 495 - Historical 3.6.3 scopes are opt-in import-only; normal new-record writes still reject them
  ---
  duration_ms: 0.288285
  type: 'test'
  ...
# Subtest: Old PB cannot act as the target for a new quota profile, including after export/import
ok 496 - Old PB cannot act as the target for a new quota profile, including after export/import
  ---
  duration_ms: 5.858379
  type: 'test'
  ...
# Subtest: Current and historical same-chapter records coexist without replacing each other
ok 497 - Current and historical same-chapter records coexist without replacing each other
  ---
  duration_ms: 2.265679
  type: 'test'
  ...
# Subtest: Legacy best in mastery summary survives subsequent current clears and serialization
ok 498 - Legacy best in mastery summary survives subsequent current clears and serialization
  ---
  duration_ms: 6.194508
  type: 'test'
  ...
# Subtest: Earlier records cannot fill the current-score budget and prevent a new PB
ok 499 - Earlier records cannot fill the current-score budget and prevent a new PB
  ---
  duration_ms: 61.198304
  type: 'test'
  ...
# Subtest: Malformed legacy keys and unsupported future rule tags are not accepted
ok 500 - Malformed legacy keys and unsupported future rule tags are not accepted
  ---
  duration_ms: 0.183148
  type: 'test'
  ...
# Subtest: Denied save writes preserve original v3.6.3 bytes while keeping in-session progress
ok 501 - Denied save writes preserve original v3.6.3 bytes while keeping in-session progress
  ---
  duration_ms: 3.546015
  type: 'test'
  ...
# Subtest: Bindery geometry is finite, deterministic and state-balanced: stand=false, closed=false
ok 502 - Bindery geometry is finite, deterministic and state-balanced: stand=false, closed=false
  ---
  duration_ms: 36.809431
  type: 'test'
  ...
# Subtest: Bindery geometry is finite, deterministic and state-balanced: stand=false, closed=true
ok 503 - Bindery geometry is finite, deterministic and state-balanced: stand=false, closed=true
  ---
  duration_ms: 7.73815
  type: 'test'
  ...
# Subtest: Bindery geometry is finite, deterministic and state-balanced: stand=true, closed=false
ok 504 - Bindery geometry is finite, deterministic and state-balanced: stand=true, closed=false
  ---
  duration_ms: 17.997311
  type: 'test'
  ...
# Subtest: Bindery geometry is finite, deterministic and state-balanced: stand=true, closed=true
ok 505 - Bindery geometry is finite, deterministic and state-balanced: stand=true, closed=true
  ---
  duration_ms: 7.282174
  type: 'test'
  ...
# Subtest: Leather spine 15px retains state and uses deterministic material marks
ok 506 - Leather spine 15px retains state and uses deterministic material marks
  ---
  duration_ms: 0.906018
  type: 'test'
  ...
# Subtest: Leather spine 23px retains state and uses deterministic material marks
ok 507 - Leather spine 23px retains state and uses deterministic material marks
  ---
  duration_ms: 5.273206
  type: 'test'
  ...
# Subtest: Leather spine 31px retains state and uses deterministic material marks
ok 508 - Leather spine 31px retains state and uses deterministic material marks
  ---
  duration_ms: 0.496308
  type: 'test'
  ...
# Subtest: Leather spine 86px retains state and uses deterministic material marks
ok 509 - Leather spine 86px retains state and uses deterministic material marks
  ---
  duration_ms: 1.515366
  type: 'test'
  ...
# Subtest: Book support meets the shelf rather than floating; no per-frame animation or network used
ok 510 - Book support meets the shelf rather than floating; no per-frame animation or network used
  ---
  duration_ms: 0.280533
  type: 'test'
  ...
# Subtest: Bindery cannot advance either game random stream or change live-word input
ok 511 - Bindery cannot advance either game random stream or change live-word input
  ---
  duration_ms: 7.464497
  type: 'test'
  ...
# Subtest: App/package/lock/index/presentation identity agree on the shipped version
ok 512 - App/package/lock/index/presentation identity agree on the shipped version
  ---
  duration_ms: 0.504767
  type: 'test'
  ...
# Subtest: Original preservation hashes remain strict outside the exact approved source hunks
ok 513 - Original preservation hashes remain strict outside the exact approved source hunks
  ---
  duration_ms: 3.318872
  type: 'test'
  ...
# Subtest: Standalone dependency graph includes book materials before chapter art
ok 514 - Standalone dependency graph includes book materials before chapter art
  ---
  duration_ms: 0.164215
  type: 'test'
  ...
# Subtest: Save import never deduplicates different difficulties with the same timestamp/score/seed
ok 515 - Save import never deduplicates different difficulties with the same timestamp/score/seed
  ---
  duration_ms: 0.524585
  type: 'test'
  ...
# Subtest: New player has exactly the original Play entry and no unnecessary restart
ok 516 - New player has exactly the original Play entry and no unnecessary restart
  ---
  duration_ms: 2.34197
  type: 'test'
  ...
# Subtest: A Chapter 1 Continue point exposes a separate restart choice
ok 517 - A Chapter 1 Continue point exposes a separate restart choice
  ---
  duration_ms: 0.161891
  type: 'test'
  ...
# Subtest: A Chapter 2 Continue point exposes a separate restart choice
ok 518 - A Chapter 2 Continue point exposes a separate restart choice
  ---
  duration_ms: 0.127277
  type: 'test'
  ...
# Subtest: A Chapter 12 Continue point exposes a separate restart choice
ok 519 - A Chapter 12 Continue point exposes a separate restart choice
  ---
  duration_ms: 0.077927
  type: 'test'
  ...
# Subtest: A Chapter 24 Continue point exposes a separate restart choice
ok 520 - A Chapter 24 Continue point exposes a separate restart choice
  ---
  duration_ms: 0.078128
  type: 'test'
  ...
# Subtest: A Chapter 48 Continue point exposes a separate restart choice
ok 521 - A Chapter 48 Continue point exposes a separate restart choice
  ---
  duration_ms: 0.086005
  type: 'test'
  ...
# Subtest: Historical progress without a checkpoint gets explicit Chapter 1 copy: {"unlocked":12,"stages":{}}
ok 522 - Historical progress without a checkpoint gets explicit Chapter 1 copy: {"unlocked":12,"stages":{}}
  ---
  duration_ms: 0.100119
  type: 'test'
  ...
# Subtest: Historical progress without a checkpoint gets explicit Chapter 1 copy: {"unlocked":48,"stages":{"48":{"medal":3}}}
ok 523 - Historical progress without a checkpoint gets explicit Chapter 1 copy: {"unlocked":48,"stages":{"48":{"medal":3}}}
  ---
  duration_ms: 0.066113
  type: 'test'
  ...
# Subtest: Historical progress without a checkpoint gets explicit Chapter 1 copy: {"unlocked":1,"stages":{"1":{"medal":1}}}
ok 524 - Historical progress without a checkpoint gets explicit Chapter 1 copy: {"unlocked":1,"stages":{"1":{"medal":1}}}
  ---
  duration_ms: 0.29655
  type: 'test'
  ...
# Subtest: A prior recorded campaign without unlocks is still a returning player
ok 525 - A prior recorded campaign without unlocks is still a returning player
  ---
  duration_ms: 0.394124
  type: 'test'
  ...
# Subtest: Entry choices never mutate progress/checkpoint inputs and are immutable
ok 526 - Entry choices never mutate progress/checkpoint inputs and are immutable
  ---
  duration_ms: 0.407496
  type: 'test'
  ...
# Subtest: classic: replacing Continue with Chapter 1 preserves every permanent collection
ok 527 - classic: replacing Continue with Chapter 1 preserves every permanent collection
  ---
  duration_ms: 4.646056
  type: 'test'
  ...
# Subtest: classic: replaying an earlier chapter cannot relock later chapters or reduce mastery
ok 528 - classic: replaying an earlier chapter cannot relock later chapters or reduce mastery
  ---
  duration_ms: 1.388854
  type: 'test'
  ...
# Subtest: classic: new journey survives reload with unlocked chapter selection intact
ok 529 - classic: new journey survives reload with unlocked chapter selection intact
  ---
  duration_ms: 2.848196
  type: 'test'
  ...
# Subtest: classic: unlocked late-chapter practice leaves the fresh campaign Continue point untouched
ok 530 - classic: unlocked late-chapter practice leaves the fresh campaign Continue point untouched
  ---
  duration_ms: 0.954171
  type: 'test'
  ...
# Subtest: relaxed: replacing Continue with Chapter 1 preserves every permanent collection
ok 531 - relaxed: replacing Continue with Chapter 1 preserves every permanent collection
  ---
  duration_ms: 2.336918
  type: 'test'
  ...
# Subtest: relaxed: replaying an earlier chapter cannot relock later chapters or reduce mastery
ok 532 - relaxed: replaying an earlier chapter cannot relock later chapters or reduce mastery
  ---
  duration_ms: 0.555866
  type: 'test'
  ...
# Subtest: relaxed: new journey survives reload with unlocked chapter selection intact
ok 533 - relaxed: new journey survives reload with unlocked chapter selection intact
  ---
  duration_ms: 1.614583
  type: 'test'
  ...
# Subtest: relaxed: unlocked late-chapter practice leaves the fresh campaign Continue point untouched
ok 534 - relaxed: unlocked late-chapter practice leaves the fresh campaign Continue point untouched
  ---
  duration_ms: 1.279315
  type: 'test'
  ...
# Subtest: maniac: replacing Continue with Chapter 1 preserves every permanent collection
ok 535 - maniac: replacing Continue with Chapter 1 preserves every permanent collection
  ---
  duration_ms: 0.692756
  type: 'test'
  ...
# Subtest: maniac: replaying an earlier chapter cannot relock later chapters or reduce mastery
ok 536 - maniac: replaying an earlier chapter cannot relock later chapters or reduce mastery
  ---
  duration_ms: 0.514495
  type: 'test'
  ...
# Subtest: maniac: new journey survives reload with unlocked chapter selection intact
ok 537 - maniac: new journey survives reload with unlocked chapter selection intact
  ---
  duration_ms: 0.817123
  type: 'test'
  ...
# Subtest: maniac: unlocked late-chapter practice leaves the fresh campaign Continue point untouched
ok 538 - maniac: unlocked late-chapter practice leaves the fresh campaign Continue point untouched
  ---
  duration_ms: 1.080148
  type: 'test'
  ...
# Subtest: Other difficulties retain their own Continue points and progression
ok 539 - Other difficulties retain their own Continue points and progression
  ---
  duration_ms: 0.942145
  type: 'test'
  ...
# Subtest: Replacing the checkpoint uses a single valid complete save, with no deletion gap
ok 540 - Replacing the checkpoint uses a single valid complete save, with no deletion gap
  ---
  duration_ms: 0.580303
  type: 'test'
  ...
# Subtest: A rejected/corrupt replacement cannot delete the prior valid Continue point
ok 541 - A rejected/corrupt replacement cannot delete the prior valid Continue point
  ---
  duration_ms: 0.48117
  type: 'test'
  ...
# Subtest: Storage write failure leaves old saved bytes intact and keeps progress in the session
ok 542 - Storage write failure leaves old saved bytes intact and keeps progress in the session
  ---
  duration_ms: 6.859014
  type: 'test'
  ...
# Subtest: Export/import after restart retains the new checkpoint, old stars, chapter PBs and Score Chase
ok 543 - Export/import after restart retains the new checkpoint, old stars, chapter PBs and Score Chase
  ---
  duration_ms: 4.752927
  type: 'test'
  ...
# Subtest: New Chapter 1 uses only the matching cumulative BEST, never a later chapter total
ok 544 - New Chapter 1 uses only the matching cumulative BEST, never a later chapter total
  ---
  duration_ms: 0.627374
  type: 'test'
  ...
# Subtest: Source guard prevents stale or duplicate confirmations from reseeding an active run
ok 545 - Source guard prevents stale or duplicate confirmations from reseeding an active run
  ---
  duration_ms: 1.526898
  type: 'test'
  ...
# Subtest: v3.6.2 foundation unchanged outside Open Atrium renderer: src/render/imperial-scroll.js
ok 546 - v3.6.2 foundation unchanged outside Open Atrium renderer: src/render/imperial-scroll.js
  ---
  duration_ms: 0.89081
  type: 'test'
  ...
# Subtest: v3.6.2 foundation unchanged outside Open Atrium renderer: src/render/elemental-art.js
ok 547 - v3.6.2 foundation unchanged outside Open Atrium renderer: src/render/elemental-art.js
  ---
  duration_ms: 0.12804
  type: 'test'
  ...
# Subtest: v3.6.2 foundation unchanged outside Open Atrium renderer: src/render/classic-renderer.js
ok 548 - v3.6.2 foundation unchanged outside Open Atrium renderer: src/render/classic-renderer.js
  ---
  duration_ms: 0.094717
  type: 'test'
  ...
# Subtest: v3.6.2 foundation unchanged outside Open Atrium renderer: src/render/book-leaf.js
ok 549 - v3.6.2 foundation unchanged outside Open Atrium renderer: src/render/book-leaf.js
  ---
  duration_ms: 0.064179
  type: 'test'
  ...
# Subtest: v3.6.2 foundation unchanged outside Open Atrium renderer: src/render/chapter-art.js
ok 550 - v3.6.2 foundation unchanged outside Open Atrium renderer: src/render/chapter-art.js
  ---
  duration_ms: 0.458654
  type: 'test'
  ...
# Subtest: v3.6.2 foundation unchanged outside Open Atrium renderer: src/render/impact.js
ok 551 - v3.6.2 foundation unchanged outside Open Atrium renderer: src/render/impact.js
  ---
  duration_ms: 0.093206
  type: 'test'
  ...
# Subtest: v3.6.2 foundation unchanged outside Open Atrium renderer: src/data/campaign.js
ok 552 - v3.6.2 foundation unchanged outside Open Atrium renderer: src/data/campaign.js
  ---
  duration_ms: 0.171035
  type: 'test'
  ...
# Subtest: v3.6.2 foundation unchanged outside Open Atrium renderer: src/data/words.js
ok 553 - v3.6.2 foundation unchanged outside Open Atrium renderer: src/data/words.js
  ---
  duration_ms: 0.082107
  type: 'test'
  ...
# Subtest: v3.6.2 foundation unchanged outside Open Atrium renderer: src/audio/audio.js
ok 554 - v3.6.2 foundation unchanged outside Open Atrium renderer: src/audio/audio.js
  ---
  duration_ms: 3.060062
  type: 'test'
  ...
# Subtest: v3.6.2 foundation unchanged outside Open Atrium renderer: src/audio/mix.js
ok 555 - v3.6.2 foundation unchanged outside Open Atrium renderer: src/audio/mix.js
  ---
  duration_ms: 0.198362
  type: 'test'
  ...
# Subtest: v3.6.2 foundation unchanged outside Open Atrium renderer: src/ui/journey.js
ok 556 - v3.6.2 foundation unchanged outside Open Atrium renderer: src/ui/journey.js
  ---
  duration_ms: 0.086206
  type: 'test'
  ...
# Subtest: v3.6.2 foundation unchanged outside Open Atrium renderer: src/ui/contextual-guidance.js
ok 557 - v3.6.2 foundation unchanged outside Open Atrium renderer: src/ui/contextual-guidance.js
  ---
  duration_ms: 0.060646
  type: 'test'
  ...
# Subtest: v3.6.2 foundation unchanged outside Open Atrium renderer: src/ui/score-rollup.js
ok 558 - v3.6.2 foundation unchanged outside Open Atrium renderer: src/ui/score-rollup.js
  ---
  duration_ms: 0.051756
  type: 'test'
  ...
# Subtest: v3.6.2 foundation unchanged outside Open Atrium renderer: src/ui/icons.js
ok 559 - v3.6.2 foundation unchanged outside Open Atrium renderer: src/ui/icons.js
  ---
  duration_ms: 0.082807
  type: 'test'
  ...
# Subtest: v3.6.2 foundation unchanged outside Open Atrium renderer: src/game/random.js
ok 560 - v3.6.2 foundation unchanged outside Open Atrium renderer: src/game/random.js
  ---
  duration_ms: 0.055357
  type: 'test'
  ...
# Subtest: v3.6.2 foundation unchanged outside Open Atrium renderer: src/game/model.js
ok 561 - v3.6.2 foundation unchanged outside Open Atrium renderer: src/game/model.js
  ---
  duration_ms: 0.072635
  type: 'test'
  ...
# Subtest: v3.6.2 foundation unchanged outside Open Atrium renderer: src/game/clock.js
ok 562 - v3.6.2 foundation unchanged outside Open Atrium renderer: src/game/clock.js
  ---
  duration_ms: 0.047108
  type: 'test'
  ...
# Subtest: v3.6.2 foundation unchanged outside Open Atrium renderer: src/game/storage.js
ok 563 - v3.6.2 foundation unchanged outside Open Atrium renderer: src/game/storage.js
  ---
  duration_ms: 0.232118
  type: 'test'
  ...
# Subtest: v3.6.2 foundation unchanged outside Open Atrium renderer: src/game/controls.js
ok 564 - v3.6.2 foundation unchanged outside Open Atrium renderer: src/game/controls.js
  ---
  duration_ms: 0.059552
  type: 'test'
  ...
# Subtest: v3.6.2 foundation unchanged outside Open Atrium renderer: src/game/pressure.js
ok 565 - v3.6.2 foundation unchanged outside Open Atrium renderer: src/game/pressure.js
  ---
  duration_ms: 0.097013
  type: 'test'
  ...
# Subtest: v3.6.2 foundation unchanged outside Open Atrium renderer: src/game/rules.js
ok 566 - v3.6.2 foundation unchanged outside Open Atrium renderer: src/game/rules.js
  ---
  duration_ms: 0.255266
  type: 'test'
  ...
# Subtest: v3.6.2 foundation unchanged outside Open Atrium renderer: src/game/assets.js
ok 567 - v3.6.2 foundation unchanged outside Open Atrium renderer: src/game/assets.js
  ---
  duration_ms: 0.078416
  type: 'test'
  ...
# Subtest: v3.6.2 foundation unchanged outside Open Atrium renderer: src/game/chapter-records.js
ok 568 - v3.6.2 foundation unchanged outside Open Atrium renderer: src/game/chapter-records.js
  ---
  duration_ms: 0.053584
  type: 'test'
  ...
# Subtest: v3.6.2 foundation unchanged outside Open Atrium renderer: src/game/economy.js
ok 569 - v3.6.2 foundation unchanged outside Open Atrium renderer: src/game/economy.js
  ---
  duration_ms: 0.098078
  type: 'test'
  ...
# Subtest: v3.6.2 foundation unchanged outside Open Atrium renderer: src/game/score-chase.js
ok 570 - v3.6.2 foundation unchanged outside Open Atrium renderer: src/game/score-chase.js
  ---
  duration_ms: 0.110773
  type: 'test'
  ...
# Subtest: v3.6.2 foundation unchanged outside Open Atrium renderer: public/assets/typist-alarmed.webp
ok 571 - v3.6.2 foundation unchanged outside Open Atrium renderer: public/assets/typist-alarmed.webp
  ---
  duration_ms: 0.22481
  type: 'test'
  ...
# Subtest: v3.6.2 foundation unchanged outside Open Atrium renderer: public/assets/typist-focused.webp
ok 572 - v3.6.2 foundation unchanged outside Open Atrium renderer: public/assets/typist-focused.webp
  ---
  duration_ms: 0.260296
  type: 'test'
  ...
# Subtest: v3.6.2 foundation unchanged outside Open Atrium renderer: public/assets/book-ice.svg
ok 573 - v3.6.2 foundation unchanged outside Open Atrium renderer: public/assets/book-ice.svg
  ---
  duration_ms: 0.072874
  type: 'test'
  ...
# Subtest: v3.6.2 foundation unchanged outside Open Atrium renderer: public/assets/icon-fire.svg
ok 574 - v3.6.2 foundation unchanged outside Open Atrium renderer: public/assets/icon-fire.svg
  ---
  duration_ms: 0.05147
  type: 'test'
  ...
# Subtest: v3.6.2 foundation unchanged outside Open Atrium renderer: public/assets/manifest.json
ok 575 - v3.6.2 foundation unchanged outside Open Atrium renderer: public/assets/manifest.json
  ---
  duration_ms: 0.056907
  type: 'test'
  ...
# Subtest: v3.6.2 foundation unchanged outside Open Atrium renderer: public/assets/paper.webp
ok 576 - v3.6.2 foundation unchanged outside Open Atrium renderer: public/assets/paper.webp
  ---
  duration_ms: 0.046257
  type: 'test'
  ...
# Subtest: v3.6.2 foundation unchanged outside Open Atrium renderer: public/assets/book-fire.svg
ok 577 - v3.6.2 foundation unchanged outside Open Atrium renderer: public/assets/book-fire.svg
  ---
  duration_ms: 0.047185
  type: 'test'
  ...
# Subtest: v3.6.2 foundation unchanged outside Open Atrium renderer: public/assets/icon-slow.svg
ok 578 - v3.6.2 foundation unchanged outside Open Atrium renderer: public/assets/icon-slow.svg
  ---
  duration_ms: 0.07695
  type: 'test'
  ...
# Subtest: v3.6.2 foundation unchanged outside Open Atrium renderer: public/assets/typist-worried.webp
ok 579 - v3.6.2 foundation unchanged outside Open Atrium renderer: public/assets/typist-worried.webp
  ---
  duration_ms: 0.213078
  type: 'test'
  ...
# Subtest: v3.6.2 foundation unchanged outside Open Atrium renderer: public/assets/typist.webp
ok 580 - v3.6.2 foundation unchanged outside Open Atrium renderer: public/assets/typist.webp
  ---
  duration_ms: 0.249171
  type: 'test'
  ...
# Subtest: v3.6.2 foundation unchanged outside Open Atrium renderer: public/assets/typist-defeated.webp
ok 581 - v3.6.2 foundation unchanged outside Open Atrium renderer: public/assets/typist-defeated.webp
  ---
  duration_ms: 0.215674
  type: 'test'
  ...
# Subtest: v3.6.2 foundation unchanged outside Open Atrium renderer: public/assets/lanterns-urgency.mp3
ok 582 - v3.6.2 foundation unchanged outside Open Atrium renderer: public/assets/lanterns-urgency.mp3
  ---
  duration_ms: 7.302741
  type: 'test'
  ...
# Subtest: v3.6.2 foundation unchanged outside Open Atrium renderer: public/assets/lanterns-pressure.mp3
ok 583 - v3.6.2 foundation unchanged outside Open Atrium renderer: public/assets/lanterns-pressure.mp3
  ---
  duration_ms: 6.629141
  type: 'test'
  ...
# Subtest: v3.6.2 foundation unchanged outside Open Atrium renderer: public/assets/icon-ice.svg
ok 584 - v3.6.2 foundation unchanged outside Open Atrium renderer: public/assets/icon-ice.svg
  ---
  duration_ms: 0.139357
  type: 'test'
  ...
# Subtest: v3.6.2 foundation unchanged outside Open Atrium renderer: public/assets/icon-wind.svg
ok 585 - v3.6.2 foundation unchanged outside Open Atrium renderer: public/assets/icon-wind.svg
  ---
  duration_ms: 0.152539
  type: 'test'
  ...
# Subtest: v3.6.2 foundation unchanged outside Open Atrium renderer: public/assets/lanterns-hearth.mp3
ok 586 - v3.6.2 foundation unchanged outside Open Atrium renderer: public/assets/lanterns-hearth.mp3
  ---
  duration_ms: 3.565435
  type: 'test'
  ...
# Subtest: v3.6.2 foundation unchanged outside Open Atrium renderer: public/assets/book-wind.svg
ok 587 - v3.6.2 foundation unchanged outside Open Atrium renderer: public/assets/book-wind.svg
  ---
  duration_ms: 0.133411
  type: 'test'
  ...
# Subtest: v3.6.2 foundation unchanged outside Open Atrium renderer: public/assets/book-slow.svg
ok 588 - v3.6.2 foundation unchanged outside Open Atrium renderer: public/assets/book-slow.svg
  ---
  duration_ms: 0.075025
  type: 'test'
  ...
# Subtest: v3.6.2 foundation unchanged outside Open Atrium renderer: public/assets/typist-critical.webp
ok 589 - v3.6.2 foundation unchanged outside Open Atrium renderer: public/assets/typist-critical.webp
  ---
  duration_ms: 0.276951
  type: 'test'
  ...
# Subtest: v3.6.2 foundation unchanged outside Open Atrium renderer: public/assets/lanterns-motion.mp3
ok 590 - v3.6.2 foundation unchanged outside Open Atrium renderer: public/assets/lanterns-motion.mp3
  ---
  duration_ms: 3.350775
  type: 'test'
  ...
# Subtest: v3.6.2 foundation unchanged outside Open Atrium renderer: public/assets/typist-celebrate.webp
ok 591 - v3.6.2 foundation unchanged outside Open Atrium renderer: public/assets/typist-celebrate.webp
  ---
  duration_ms: 3.865876
  type: 'test'
  ...
# Subtest: v3.6.2 foundation unchanged outside Open Atrium renderer: public/assets/library.webp
ok 592 - v3.6.2 foundation unchanged outside Open Atrium renderer: public/assets/library.webp
  ---
  duration_ms: 0.326019
  type: 'test'
  ...
# Subtest: v3.6.2 foundation unchanged outside Open Atrium renderer: public/assets/favicon.svg
ok 593 - v3.6.2 foundation unchanged outside Open Atrium renderer: public/assets/favicon.svg
  ---
  duration_ms: 0.073564
  type: 'test'
  ...
# Subtest: v3.6.2 foundation unchanged outside Open Atrium renderer: public/assets/typist-calm.webp
ok 594 - v3.6.2 foundation unchanged outside Open Atrium renderer: public/assets/typist-calm.webp
  ---
  duration_ms: 0.194497
  type: 'test'
  ...
# Subtest: v3.6.2 foundation unchanged outside Open Atrium renderer: asset-source/book-ice.svg
ok 595 - v3.6.2 foundation unchanged outside Open Atrium renderer: asset-source/book-ice.svg
  ---
  duration_ms: 0.057877
  type: 'test'
  ...
# Subtest: v3.6.2 foundation unchanged outside Open Atrium renderer: asset-source/FOLIO_MATERIALS.md
ok 596 - v3.6.2 foundation unchanged outside Open Atrium renderer: asset-source/FOLIO_MATERIALS.md
  ---
  duration_ms: 0.047675
  type: 'test'
  ...
# Subtest: v3.6.2 foundation unchanged outside Open Atrium renderer: asset-source/book-fire.svg
ok 597 - v3.6.2 foundation unchanged outside Open Atrium renderer: asset-source/book-fire.svg
  ---
  duration_ms: 0.569416
  type: 'test'
  ...
# Subtest: v3.6.2 foundation unchanged outside Open Atrium renderer: asset-source/typist-master.png
ok 598 - v3.6.2 foundation unchanged outside Open Atrium renderer: asset-source/typist-master.png
  ---
  duration_ms: 0.519983
  type: 'test'
  ...
# Subtest: v3.6.2 foundation unchanged outside Open Atrium renderer: asset-source/library-master.png
ok 599 - v3.6.2 foundation unchanged outside Open Atrium renderer: asset-source/library-master.png
  ---
  duration_ms: 3.244417
  type: 'test'
  ...
# Subtest: v3.6.2 foundation unchanged outside Open Atrium renderer: asset-source/README.md
ok 600 - v3.6.2 foundation unchanged outside Open Atrium renderer: asset-source/README.md
  ---
  duration_ms: 0.124425
  type: 'test'
  ...
# Subtest: v3.6.2 foundation unchanged outside Open Atrium renderer: asset-source/book-wind.svg
ok 601 - v3.6.2 foundation unchanged outside Open Atrium renderer: asset-source/book-wind.svg
  ---
  duration_ms: 0.227206
  type: 'test'
  ...
# Subtest: v3.6.2 foundation unchanged outside Open Atrium renderer: asset-source/book-slow.svg
ok 602 - v3.6.2 foundation unchanged outside Open Atrium renderer: asset-source/book-slow.svg
  ---
  duration_ms: 0.107025
  type: 'test'
  ...
# Subtest: v3.6.2 foundation unchanged outside Open Atrium renderer: asset-source/favicon.svg
ok 603 - v3.6.2 foundation unchanged outside Open Atrium renderer: asset-source/favicon.svg
  ---
  duration_ms: 0.070475
  type: 'test'
  ...
# Subtest: v3.6.2 foundation unchanged outside Open Atrium renderer: asset-source/music/lanterns-hearth.flac
ok 604 - v3.6.2 foundation unchanged outside Open Atrium renderer: asset-source/music/lanterns-hearth.flac
  ---
  duration_ms: 5.029665
  type: 'test'
  ...
# Subtest: v3.6.2 foundation unchanged outside Open Atrium renderer: asset-source/music/lanterns-urgency.flac
ok 605 - v3.6.2 foundation unchanged outside Open Atrium renderer: asset-source/music/lanterns-urgency.flac
  ---
  duration_ms: 3.330753
  type: 'test'
  ...
# Subtest: v3.6.2 foundation unchanged outside Open Atrium renderer: asset-source/music/lanterns-and-letters.mp3
ok 606 - v3.6.2 foundation unchanged outside Open Atrium renderer: asset-source/music/lanterns-and-letters.mp3
  ---
  duration_ms: 4.062767
  type: 'test'
  ...
# Subtest: v3.6.2 foundation unchanged outside Open Atrium renderer: asset-source/music/pressure-arrangement.json
ok 607 - v3.6.2 foundation unchanged outside Open Atrium renderer: asset-source/music/pressure-arrangement.json
  ---
  duration_ms: 0.401337
  type: 'test'
  ...
# Subtest: v3.6.2 foundation unchanged outside Open Atrium renderer: asset-source/music/score.json
ok 608 - v3.6.2 foundation unchanged outside Open Atrium renderer: asset-source/music/score.json
  ---
  duration_ms: 0.168492
  type: 'test'
  ...
# Subtest: v3.6.2 foundation unchanged outside Open Atrium renderer: asset-source/music/pressure-score.json
ok 609 - v3.6.2 foundation unchanged outside Open Atrium renderer: asset-source/music/pressure-score.json
  ---
  duration_ms: 0.192679
  type: 'test'
  ...
# Subtest: v3.6.2 foundation unchanged outside Open Atrium renderer: asset-source/music/pressure-arrangement.mid
ok 610 - v3.6.2 foundation unchanged outside Open Atrium renderer: asset-source/music/pressure-arrangement.mid
  ---
  duration_ms: 0.085768
  type: 'test'
  ...
# Subtest: v3.6.2 foundation unchanged outside Open Atrium renderer: asset-source/music/lanterns-and-letters.mid
ok 611 - v3.6.2 foundation unchanged outside Open Atrium renderer: asset-source/music/lanterns-and-letters.mid
  ---
  duration_ms: 0.063343
  type: 'test'
  ...
# Subtest: v3.6.2 foundation unchanged outside Open Atrium renderer: asset-source/music/lanterns-pressure.flac
ok 612 - v3.6.2 foundation unchanged outside Open Atrium renderer: asset-source/music/lanterns-pressure.flac
  ---
  duration_ms: 6.223772
  type: 'test'
  ...
# Subtest: v3.6.2 foundation unchanged outside Open Atrium renderer: asset-source/music/arrangement.json
ok 613 - v3.6.2 foundation unchanged outside Open Atrium renderer: asset-source/music/arrangement.json
  ---
  duration_ms: 0.220305
  type: 'test'
  ...
# Subtest: v3.6.2 foundation unchanged outside Open Atrium renderer: asset-source/music/pressure-and-relief-preview.mp3
ok 614 - v3.6.2 foundation unchanged outside Open Atrium renderer: asset-source/music/pressure-and-relief-preview.mp3
  ---
  duration_ms: 1.499491
  type: 'test'
  ...
# Subtest: v3.6.2 foundation unchanged outside Open Atrium renderer: asset-source/music/lanterns-and-letters.flac
ok 615 - v3.6.2 foundation unchanged outside Open Atrium renderer: asset-source/music/lanterns-and-letters.flac
  ---
  duration_ms: 9.618299
  type: 'test'
  ...
# Subtest: v3.6.2 foundation unchanged outside Open Atrium renderer: asset-source/music/pressure-and-relief-preview.flac
ok 616 - v3.6.2 foundation unchanged outside Open Atrium renderer: asset-source/music/pressure-and-relief-preview.flac
  ---
  duration_ms: 10.631363
  type: 'test'
  ...
# Subtest: v3.6.2 foundation unchanged outside Open Atrium renderer: asset-source/music/lanterns-motion.flac
ok 617 - v3.6.2 foundation unchanged outside Open Atrium renderer: asset-source/music/lanterns-motion.flac
  ---
  duration_ms: 10.826449
  type: 'test'
  ...
# Subtest: v3.6.2 foundation unchanged outside Open Atrium renderer: asset-source/expressions/rig.json
ok 618 - v3.6.2 foundation unchanged outside Open Atrium renderer: asset-source/expressions/rig.json
  ---
  duration_ms: 0.131535
  type: 'test'
  ...
# Subtest: v3.6.2 foundation unchanged outside Open Atrium renderer: asset-source/expressions/worried.png
ok 619 - v3.6.2 foundation unchanged outside Open Atrium renderer: asset-source/expressions/worried.png
  ---
  duration_ms: 0.55037
  type: 'test'
  ...
# Subtest: v3.6.2 foundation unchanged outside Open Atrium renderer: asset-source/expressions/critical.png
ok 620 - v3.6.2 foundation unchanged outside Open Atrium renderer: asset-source/expressions/critical.png
  ---
  duration_ms: 0.593307
  type: 'test'
  ...
# Subtest: v3.6.2 foundation unchanged outside Open Atrium renderer: asset-source/expressions/defeated.png
ok 621 - v3.6.2 foundation unchanged outside Open Atrium renderer: asset-source/expressions/defeated.png
  ---
  duration_ms: 0.64384
  type: 'test'
  ...
# Subtest: v3.6.2 foundation unchanged outside Open Atrium renderer: asset-source/expressions/calm.png
ok 622 - v3.6.2 foundation unchanged outside Open Atrium renderer: asset-source/expressions/calm.png
  ---
  duration_ms: 0.517173
  type: 'test'
  ...
# Subtest: v3.6.2 foundation unchanged outside Open Atrium renderer: asset-source/expressions/expression-contact-sheet.jpg
ok 623 - v3.6.2 foundation unchanged outside Open Atrium renderer: asset-source/expressions/expression-contact-sheet.jpg
  ---
  duration_ms: 0.586681
  type: 'test'
  ...
# Subtest: v3.6.2 foundation unchanged outside Open Atrium renderer: asset-source/expressions/alarmed.png
ok 624 - v3.6.2 foundation unchanged outside Open Atrium renderer: asset-source/expressions/alarmed.png
  ---
  duration_ms: 0.382889
  type: 'test'
  ...
# Subtest: v3.6.2 foundation unchanged outside Open Atrium renderer: asset-source/expressions/focused.png
ok 625 - v3.6.2 foundation unchanged outside Open Atrium renderer: asset-source/expressions/focused.png
  ---
  duration_ms: 0.648152
  type: 'test'
  ...
# Subtest: v3.6.2 foundation unchanged outside Open Atrium renderer: asset-source/expressions/celebrate.png
ok 626 - v3.6.2 foundation unchanged outside Open Atrium renderer: asset-source/expressions/celebrate.png
  ---
  duration_ms: 0.628409
  type: 'test'
  ...
# Subtest: v3.6.2 foundation unchanged outside Open Atrium renderer: asset-source/audio/Typekeeper_SFX_Preview.mp3
ok 627 - v3.6.2 foundation unchanged outside Open Atrium renderer: asset-source/audio/Typekeeper_SFX_Preview.mp3
  ---
  duration_ms: 0.725539
  type: 'test'
  ...
# Subtest: v3.6.2 foundation unchanged outside Open Atrium renderer: asset-source/audio/Typekeeper_SFX_Preview.flac
ok 628 - v3.6.2 foundation unchanged outside Open Atrium renderer: asset-source/audio/Typekeeper_SFX_Preview.flac
  ---
  duration_ms: 0.5658
  type: 'test'
  ...
# Subtest: v3.6.2 foundation unchanged outside Open Atrium renderer: asset-source/audio/SFX_Preview_Cue_Sheet.json
ok 629 - v3.6.2 foundation unchanged outside Open Atrium renderer: asset-source/audio/SFX_Preview_Cue_Sheet.json
  ---
  duration_ms: 0.118811
  type: 'test'
  ...
# Subtest: Current SCORE keeps running total; campaign key identifies current chapter and starting chapter
ok 630 - Current SCORE keeps running total; campaign key identifies current chapter and starting chapter
  ---
  duration_ms: 4.279581
  type: 'test'
  ...
# Subtest: Independent scope: classic campaign
ok 631 - Independent scope: classic campaign
  ---
  duration_ms: 1.373611
  type: 'test'
  ...
# Subtest: Independent scope: classic practice
ok 632 - Independent scope: classic practice
  ---
  duration_ms: 0.466877
  type: 'test'
  ...
# Subtest: Independent scope: classic endless
ok 633 - Independent scope: classic endless
  ---
  duration_ms: 0.240243
  type: 'test'
  ...
# Subtest: Independent scope: relaxed campaign
ok 634 - Independent scope: relaxed campaign
  ---
  duration_ms: 0.222497
  type: 'test'
  ...
# Subtest: Independent scope: relaxed practice
ok 635 - Independent scope: relaxed practice
  ---
  duration_ms: 0.307011
  type: 'test'
  ...
# Subtest: Independent scope: relaxed endless
ok 636 - Independent scope: relaxed endless
  ---
  duration_ms: 0.192409
  type: 'test'
  ...
# Subtest: Independent scope: maniac campaign
ok 637 - Independent scope: maniac campaign
  ---
  duration_ms: 0.37383
  type: 'test'
  ...
# Subtest: Independent scope: maniac practice
ok 638 - Independent scope: maniac practice
  ---
  duration_ms: 0.5603
  type: 'test'
  ...
# Subtest: Independent scope: maniac endless
ok 639 - Independent scope: maniac endless
  ---
  duration_ms: 0.443073
  type: 'test'
  ...
# Subtest: Different campaign chapters and starting chapters never share a target
ok 640 - Different campaign chapters and starting chapters never share a target
  ---
  duration_ms: 0.442722
  type: 'test'
  ...
# Subtest: Invalid scope, pace, chapter, start point or mode is rejected
ok 641 - Invalid scope, pace, chapter, start point or mode is rejected
  ---
  duration_ms: 0.279486
  type: 'test'
  ...
# Subtest: Bad scores, wrong metric and foreign rulesets cannot enter new persistent records
ok 642 - Bad scores, wrong metric and foreign rulesets cannot enter new persistent records
  ---
  duration_ms: 0.207007
  type: 'test'
  ...
# Subtest: A valid zero is a real record, not FIRST RUN; first-run never celebrates a fictitious zero PB
ok 643 - A valid zero is a real record, not FIRST RUN; first-run never celebrates a fictitious zero PB
  ---
  duration_ms: 0.32679
  type: 'test'
  ...
# Subtest: PB target is a primitive snapshot, not a live record reference
ok 644 - PB target is a primitive snapshot, not a live record reference
  ---
  duration_ms: 0.215953
  type: 'test'
  ...
# Subtest: Mismatched target scope is rejected even if caller passes a numeric score
ok 645 - Mismatched target scope is rejected even if caller passes a numeric score
  ---
  duration_ms: 0.1408
  type: 'test'
  ...
# Subtest: 90 percent softly enters near state; a tie is never a new record
ok 646 - 90 percent softly enters near state; a tie is never a new record
  ---
  duration_ms: 0.120293
  type: 'test'
  ...
# Subtest: Crossing fires once and delta grows against frozen pre-attempt score
ok 647 - Crossing fires once and delta grows against frozen pre-attempt score
  ---
  duration_ms: 0.25967
  type: 'test'
  ...
# Subtest: Synchronized/restored beaten state never replays congratulations
ok 648 - Synchronized/restored beaten state never replays congratulations
  ---
  duration_ms: 0.322395
  type: 'test'
  ...
# Subtest: Retry/new chapter begins a new target snapshot without moving an existing chase
ok 649 - Retry/new chapter begins a new target snapshot without moving an existing chase
  ---
  duration_ms: 0.561946
  type: 'test'
  ...
# Subtest: Invalid observations cannot poison display state
ok 650 - Invalid observations cannot poison display state
  ---
  duration_ms: 0.158579
  type: 'test'
  ...
# Subtest: Earlier-rule checkpoint remains visibly unranked
ok 651 - Earlier-rule checkpoint remains visibly unranked
  ---
  duration_ms: 0.09262
  type: 'test'
  ...
# Subtest: A new Endless wave never changes the persistent scope
ok 652 - A new Endless wave never changes the persistent scope
  ---
  duration_ms: 0.078406
  type: 'test'
  ...
# Subtest: One complete, contiguous checkpoint recovers real running totals
ok 653 - One complete, contiguous checkpoint recovers real running totals
  ---
  duration_ms: 0.878864
  type: 'test'
  ...
# Subtest: Per-chapter maxima from different plays are never summed into campaign totals
ok 654 - Per-chapter maxima from different plays are never summed into campaign totals
  ---
  duration_ms: 0.61972
  type: 'test'
  ...
# Subtest: Existing practice chapter PB is usable immediately; campaign row cannot substitute
ok 655 - Existing practice chapter PB is usable immediately; campaign row cannot substitute
  ---
  duration_ms: 0.29297
  type: 'test'
  ...
# Subtest: Game-over / retired / completed records contribute scoped real running totals
ok 656 - Game-over / retired / completed records contribute scoped real running totals
  ---
  duration_ms: 0.708433
  type: 'test'
  ...
# Subtest: Lower scores and ties do not replace a saved best
ok 657 - Lower scores and ties do not replace a saved best
  ---
  duration_ms: 0.207692
  type: 'test'
  ...
# Subtest: Local best survives 100-row global leaderboard trimming
ok 658 - Local best survives 100-row global leaderboard trimming
  ---
  duration_ms: 14.890774
  type: 'test'
  ...
# Subtest: Save export/import and a fresh LocalStore retain targets without touching progression
ok 659 - Save export/import and a fresh LocalStore retain targets without touching progression
  ---
  duration_ms: 2.039015
  type: 'test'
  ...
# Subtest: Import merges higher PB, rejects key mismatch/foreign ruleset and is idempotent
ok 660 - Import merges higher PB, rejects key mismatch/foreign ruleset and is idempotent
  ---
  duration_ms: 0.703226
  type: 'test'
  ...
# Subtest: Malformed old aggregate progress does not invent a comparable target
ok 661 - Malformed old aggregate progress does not invent a comparable target
  ---
  duration_ms: 0.178849
  type: 'test'
  ...
# Subtest: Clearing scores clears chase and chapter PBs but keeps unlocks, stars and settings
ok 662 - Clearing scores clears chase and chapter PBs but keeps unlocks, stars and settings
  ---
  duration_ms: 0.230235
  type: 'test'
  ...
# Subtest: Cleared scores are not resurrected from checkpoint on subsequent import/reload
ok 663 - Cleared scores are not resurrected from checkpoint on subsequent import/reload
  ---
  duration_ms: 1.384879
  type: 'test'
  ...
# Subtest: Missing/denied storage leaves Score Chase functional in memory
ok 664 - Missing/denied storage leaves Score Chase functional in memory
  ---
  duration_ms: 0.746996
  type: 'test'
  ...
# Subtest: Chase collection stays bounded under malformed or oversized imports
ok 665 - Chase collection stays bounded under malformed or oversized imports
  ---
  duration_ms: 130.698482
  type: 'test'
  ...
# Subtest: Scope descriptions explain cumulative campaign, practice and continuous Endless semantics
ok 666 - Scope descriptions explain cumulative campaign, practice and continuous Endless semantics
  ---
  duration_ms: 0.375352
  type: 'test'
  ...
# Subtest: Presentation identity change is the only changed byte in the original presentation contract
ok 667 - Presentation identity change is the only changed byte in the original presentation contract
  ---
  duration_ms: 1.401641
  type: 'test'
  ...
# Subtest: No network, leaderboard, UI state or timing affects the immutable game model
ok 668 - No network, leaderboard, UI state or timing affects the immutable game model
  ---
  duration_ms: 6.871247
  type: 'test'
  ...
# Subtest: v3.5.1 foundation hashes hold outside the declared Impact and fresh-entry presentation deltas
ok 669 - v3.5.1 foundation hashes hold outside the declared Impact and fresh-entry presentation deltas
  ---
  duration_ms: 862.924513
  type: 'test'
  ...
# Subtest: normal: the ink, emblem and drawn hardware have separate safe regions for every authored word
ok 670 - normal: the ink, emblem and drawn hardware have separate safe regions for every authored word
  ---
  duration_ms: 17.427752
  type: 'test'
  ...
# Subtest: fire: the ink, emblem and drawn hardware have separate safe regions for every authored word
ok 671 - fire: the ink, emblem and drawn hardware have separate safe regions for every authored word
  ---
  duration_ms: 12.198451
  type: 'test'
  ...
# Subtest: ice: the ink, emblem and drawn hardware have separate safe regions for every authored word
ok 672 - ice: the ink, emblem and drawn hardware have separate safe regions for every authored word
  ---
  duration_ms: 8.197995
  type: 'test'
  ...
# Subtest: slow: the ink, emblem and drawn hardware have separate safe regions for every authored word
ok 673 - slow: the ink, emblem and drawn hardware have separate safe regions for every authored word
  ---
  duration_ms: 8.384428
  type: 'test'
  ...
# Subtest: wind: the ink, emblem and drawn hardware have separate safe regions for every authored word
ok 674 - wind: the ink, emblem and drawn hardware have separate safe regions for every authored word
  ---
  duration_ms: 6.81083
  type: 'test'
  ...
# Subtest: bonus: the ink, emblem and drawn hardware have separate safe regions for every authored word
ok 675 - bonus: the ink, emblem and drawn hardware have separate safe regions for every authored word
  ---
  duration_ms: 4.549736
  type: 'test'
  ...
# Subtest: INK: short and long scrolls fit their actual content, not the old model width
ok 676 - INK: short and long scrolls fit their actual content, not the old model width
  ---
  duration_ms: 1.30885
  type: 'test'
  ...
# Subtest: I: short and long scrolls fit their actual content, not the old model width
ok 677 - I: short and long scrolls fit their actual content, not the old model width
  ---
  duration_ms: 0.171038
  type: 'test'
  ...
# Subtest: WONDER: short and long scrolls fit their actual content, not the old model width
ok 678 - WONDER: short and long scrolls fit their actual content, not the old model width
  ---
  duration_ms: 3.305648
  type: 'test'
  ...
# Subtest: STORY: short and long scrolls fit their actual content, not the old model width
ok 679 - STORY: short and long scrolls fit their actual content, not the old model width
  ---
  duration_ms: 0.8608
  type: 'test'
  ...
# Subtest: IMAGINE: short and long scrolls fit their actual content, not the old model width
ok 680 - IMAGINE: short and long scrolls fit their actual content, not the old model width
  ---
  duration_ms: 0.416032
  type: 'test'
  ...
# Subtest: BIOLUMINESCENT: short and long scrolls fit their actual content, not the old model width
ok 681 - BIOLUMINESCENT: short and long scrolls fit their actual content, not the old model width
  ---
  duration_ms: 0.080574
  type: 'test'
  ...
# Subtest: Extreme 24-W custom cards remain single-line with a protected crest and both rollers
ok 682 - Extreme 24-W custom cards remain single-line with a protected crest and both rollers
  ---
  duration_ms: 0.15734
  type: 'test'
  ...
# Subtest: Ink overhangs are accounted for rather than relying only on advance width
ok 683 - Ink overhangs are accounted for rather than relying only on advance width
  ---
  duration_ms: 0.719838
  type: 'test'
  ...
# Subtest: Geometry remains frozen and defaults invalid dimensions safely
ok 684 - Geometry remains frozen and defaults invalid dimensions safely
  ---
  duration_ms: 0.118065
  type: 'test'
  ...
# Subtest: The ornament and tassels fit inside the pre-existing texture padding
ok 685 - The ornament and tassels fit inside the pre-existing texture padding
  ---
  duration_ms: 0.054296
  type: 'test'
  ...
# Subtest: Native WIND paths use all six cubic coordinates while FIRE/ICE/SLOW also draw without invalid parameters
ok 686 - Native WIND paths use all six cubic coordinates while FIRE/ICE/SLOW also draw without invalid parameters
  ---
  duration_ms: 2.7776
  type: 'test'
  ...
# Subtest: Reduced-motion casting emits no animated drawing calls
ok 687 - Reduced-motion casting emits no animated drawing calls
  ---
  duration_ms: 0.152534
  type: 'test'
  ...
# Subtest: Sizing repeated scrolls does not mutate game state or advance either random stream
ok 688 - Sizing repeated scrolls does not mutate game state or advance either random stream
  ---
  duration_ms: 9.25344
  type: 'test'
  ...
# Subtest: Standalone compiler includes scroll dependency before its consumers and checks the assembled script
ok 689 - Standalone compiler includes scroll dependency before its consumers and checks the assembled script
  ---
  duration_ms: 0.776157
  type: 'test'
  ...
# Subtest: Build rejects inconsistent HTML/application/package identity before exporting
ok 690 - Build rejects inconsistent HTML/application/package identity before exporting
  ---
  duration_ms: 0.215171
  type: 'test'
  ...
# Subtest: All 746 authored words × 6 materials remain complete single rows at scale 0.5
ok 691 - All 746 authored words × 6 materials remain complete single rows at scale 0.5
  ---
  duration_ms: 20.895759
  type: 'test'
  ...
# Subtest: All 746 authored words × 6 materials remain complete single rows at scale 0.65
ok 692 - All 746 authored words × 6 materials remain complete single rows at scale 0.65
  ---
  duration_ms: 8.251371
  type: 'test'
  ...
# Subtest: All 746 authored words × 6 materials remain complete single rows at scale 0.72
ok 693 - All 746 authored words × 6 materials remain complete single rows at scale 0.72
  ---
  duration_ms: 14.131179
  type: 'test'
  ...
# Subtest: All 746 authored words × 6 materials remain complete single rows at scale 0.8355555556
ok 694 - All 746 authored words × 6 materials remain complete single rows at scale 0.8355555556
  ---
  duration_ms: 6.695335
  type: 'test'
  ...
# Subtest: All 746 authored words × 6 materials remain complete single rows at scale 1
ok 695 - All 746 authored words × 6 materials remain complete single rows at scale 1
  ---
  duration_ms: 4.130454
  type: 'test'
  ...
# Subtest: All 746 authored words × 6 materials remain complete single rows at scale 1.18
ok 696 - All 746 authored words × 6 materials remain complete single rows at scale 1.18
  ---
  duration_ms: 3.943979
  type: 'test'
  ...
# Subtest: All 746 authored words × 6 materials remain complete single rows at scale 1.5
ok 697 - All 746 authored words × 6 materials remain complete single rows at scale 1.5
  ---
  duration_ms: 3.892235
  type: 'test'
  ...
# Subtest: All 746 authored words × 6 materials remain complete single rows at scale 2
ok 698 - All 746 authored words × 6 materials remain complete single rows at scale 2
  ---
  duration_ms: 4.406352
  type: 'test'
  ...
# Subtest: 24 widest glyphs fit card bounds instead of wrapping or clipping
ok 699 - 24 widest glyphs fit card bounds instead of wrapping or clipping
  ---
  duration_ms: 0.637314
  type: 'test'
  ...
# Subtest: Renderer ignores an obsolete two-line layout and paints only the complete canonical word
ok 700 - Renderer ignores an obsolete two-line layout and paints only the complete canonical word
  ---
  duration_ms: 1.196595
  type: 'test'
  ...
# Subtest: New runs use non-repeating consecutive entropy seeds, including same-tick fallback
ok 701 - New runs use non-repeating consecutive entropy seeds, including same-tick fallback
  ---
  duration_ms: 8.005026
  type: 'test'
  ...
# Subtest: 100 default new runs do not reuse one seed or the INK/TALE/BOOK/PAGE opening
ok 702 - 100 default new runs do not reuse one seed or the INK/TALE/BOOK/PAGE opening
  ---
  duration_ms: 61.600857
  type: 'test'
  ...
# Subtest: 200 explicit run seeds produce 200 different twelve-word openings
ok 703 - 200 explicit run seeds produce 200 different twelve-word openings
  ---
  duration_ms: 140.058915
  type: 'test'
  ...
# Subtest: Chapter 1: random words use authored pools, no active duplicate or recent repeat
ok 704 - Chapter 1: random words use authored pools, no active duplicate or recent repeat
  ---
  duration_ms: 11.844485
  type: 'test'
  ...
# Subtest: Chapter 2: random words use authored pools, no active duplicate or recent repeat
ok 705 - Chapter 2: random words use authored pools, no active duplicate or recent repeat
  ---
  duration_ms: 11.617608
  type: 'test'
  ...
# Subtest: Chapter 6: random words use authored pools, no active duplicate or recent repeat
ok 706 - Chapter 6: random words use authored pools, no active duplicate or recent repeat
  ---
  duration_ms: 10.14876
  type: 'test'
  ...
# Subtest: Chapter 12: random words use authored pools, no active duplicate or recent repeat
ok 707 - Chapter 12: random words use authored pools, no active duplicate or recent repeat
  ---
  duration_ms: 10.337449
  type: 'test'
  ...
# Subtest: Chapter 24: random words use authored pools, no active duplicate or recent repeat
ok 708 - Chapter 24: random words use authored pools, no active duplicate or recent repeat
  ---
  duration_ms: 10.631911
  type: 'test'
  ...
# Subtest: Chapter 36: random words use authored pools, no active duplicate or recent repeat
ok 709 - Chapter 36: random words use authored pools, no active duplicate or recent repeat
  ---
  duration_ms: 5.754174
  type: 'test'
  ...
# Subtest: Chapter 48: random words use authored pools, no active duplicate or recent repeat
ok 710 - Chapter 48: random words use authored pools, no active duplicate or recent repeat
  ---
  duration_ms: 6.906058
  type: 'test'
  ...
# Subtest: Chapter 49: random words use authored pools, no active duplicate or recent repeat
ok 711 - Chapter 49: random words use authored pools, no active duplicate or recent repeat
  ---
  duration_ms: 10.016485
  type: 'test'
  ...
# Subtest: Chapter 200: random words use authored pools, no active duplicate or recent repeat
ok 712 - Chapter 200: random words use authored pools, no active duplicate or recent repeat
  ---
  duration_ms: 6.434559
  type: 'test'
  ...
# Subtest: Fixed seed plus word seed still reproduces the complete word and item sequence
ok 713 - Fixed seed plus word seed still reproduces the complete word and item sequence
  ---
  duration_ms: 7.142941
  type: 'test'
  ...
# Subtest: relaxed: retry draws new words but restores score, danger, books, pacing and item schedule
ok 714 - relaxed: retry draws new words but restores score, danger, books, pacing and item schedule
  ---
  duration_ms: 3.347635
  type: 'test'
  ...
# Subtest: classic: retry draws new words but restores score, danger, books, pacing and item schedule
ok 715 - classic: retry draws new words but restores score, danger, books, pacing and item schedule
  ---
  duration_ms: 1.796162
  type: 'test'
  ...
# Subtest: maniac: retry draws new words but restores score, danger, books, pacing and item schedule
ok 716 - maniac: retry draws new words but restores score, danger, books, pacing and item schedule
  ---
  duration_ms: 2.066003
  type: 'test'
  ...
# Subtest: Repeated retries cannot accumulate failed-attempt earnings
ok 717 - Repeated retries cannot accumulate failed-attempt earnings
  ---
  duration_ms: 3.161124
  type: 'test'
  ...
# Subtest: Continue restores the same vocabulary attempt, including a saved retry
ok 718 - Continue restores the same vocabulary attempt, including a saved retry
  ---
  duration_ms: 4.02659
  type: 'test'
  ...
# Subtest: Export/import preserves randomized vocabulary provenance without changing balance version
ok 719 - Export/import preserves randomized vocabulary provenance without changing balance version
  ---
  duration_ms: 2.132583
  type: 'test'
  ...
# Subtest: Older bookmarks without vocabulary metadata retain legacy opener on Continue, but Retry randomizes
ok 720 - Older bookmarks without vocabulary metadata retain legacy opener on Continue, but Retry randomizes
  ---
  duration_ms: 4.318797
  type: 'test'
  ...
# Subtest: Malformed vocabulary bookmark metadata is rejected
ok 721 - Malformed vocabulary bookmark metadata is rejected
  ---
  duration_ms: 0.507833
  type: 'test'
  ...
# Subtest: Renderer/readability calculations never advance the word RNG or change the model
ok 722 - Renderer/readability calculations never advance the word RNG or change the model
  ---
  duration_ms: 13.342759
  type: 'test'
  ...
# Subtest: Word randomness cannot inject stock, shorten spell durations, or alter the sparse tutorial
ok 723 - Word randomness cannot inject stock, shorten spell durations, or alter the sparse tutorial
  ---
  duration_ms: 61.548923
  type: 'test'
  ...
# Subtest: v3.6.2 preserves v3.5.0 bytes: asset-source/FOLIO_MATERIALS.md
ok 724 - v3.6.2 preserves v3.5.0 bytes: asset-source/FOLIO_MATERIALS.md
  ---
  duration_ms: 3.231135
  type: 'test'
  ...
# Subtest: v3.6.2 preserves v3.5.0 bytes: asset-source/README.md
ok 725 - v3.6.2 preserves v3.5.0 bytes: asset-source/README.md
  ---
  duration_ms: 0.456829
  type: 'test'
  ...
# Subtest: v3.6.2 preserves v3.5.0 bytes: asset-source/audio/SFX_Preview_Cue_Sheet.json
ok 726 - v3.6.2 preserves v3.5.0 bytes: asset-source/audio/SFX_Preview_Cue_Sheet.json
  ---
  duration_ms: 0.157827
  type: 'test'
  ...
# Subtest: v3.6.2 preserves v3.5.0 bytes: asset-source/audio/Typekeeper_SFX_Preview.flac
ok 727 - v3.6.2 preserves v3.5.0 bytes: asset-source/audio/Typekeeper_SFX_Preview.flac
  ---
  duration_ms: 0.58188
  type: 'test'
  ...
# Subtest: v3.6.2 preserves v3.5.0 bytes: asset-source/audio/Typekeeper_SFX_Preview.mp3
ok 728 - v3.6.2 preserves v3.5.0 bytes: asset-source/audio/Typekeeper_SFX_Preview.mp3
  ---
  duration_ms: 1.283188
  type: 'test'
  ...
# Subtest: v3.6.2 preserves v3.5.0 bytes: asset-source/book-fire.svg
ok 729 - v3.6.2 preserves v3.5.0 bytes: asset-source/book-fire.svg
  ---
  duration_ms: 0.148695
  type: 'test'
  ...
# Subtest: v3.6.2 preserves v3.5.0 bytes: asset-source/book-ice.svg
ok 730 - v3.6.2 preserves v3.5.0 bytes: asset-source/book-ice.svg
  ---
  duration_ms: 3.261447
  type: 'test'
  ...
# Subtest: v3.6.2 preserves v3.5.0 bytes: asset-source/book-slow.svg
ok 731 - v3.6.2 preserves v3.5.0 bytes: asset-source/book-slow.svg
  ---
  duration_ms: 0.532708
  type: 'test'
  ...
# Subtest: v3.6.2 preserves v3.5.0 bytes: asset-source/book-wind.svg
ok 732 - v3.6.2 preserves v3.5.0 bytes: asset-source/book-wind.svg
  ---
  duration_ms: 0.410789
  type: 'test'
  ...
# Subtest: v3.6.2 preserves v3.5.0 bytes: asset-source/expressions/alarmed.png
ok 733 - v3.6.2 preserves v3.5.0 bytes: asset-source/expressions/alarmed.png
  ---
  duration_ms: 0.71731
  type: 'test'
  ...
# Subtest: v3.6.2 preserves v3.5.0 bytes: asset-source/expressions/calm.png
ok 734 - v3.6.2 preserves v3.5.0 bytes: asset-source/expressions/calm.png
  ---
  duration_ms: 0.675921
  type: 'test'
  ...
# Subtest: v3.6.2 preserves v3.5.0 bytes: asset-source/expressions/celebrate.png
ok 735 - v3.6.2 preserves v3.5.0 bytes: asset-source/expressions/celebrate.png
  ---
  duration_ms: 0.562896
  type: 'test'
  ...
# Subtest: v3.6.2 preserves v3.5.0 bytes: asset-source/expressions/critical.png
ok 736 - v3.6.2 preserves v3.5.0 bytes: asset-source/expressions/critical.png
  ---
  duration_ms: 0.439129
  type: 'test'
  ...
# Subtest: v3.6.2 preserves v3.5.0 bytes: asset-source/expressions/defeated.png
ok 737 - v3.6.2 preserves v3.5.0 bytes: asset-source/expressions/defeated.png
  ---
  duration_ms: 0.593347
  type: 'test'
  ...
# Subtest: v3.6.2 preserves v3.5.0 bytes: asset-source/expressions/expression-contact-sheet.jpg
ok 738 - v3.6.2 preserves v3.5.0 bytes: asset-source/expressions/expression-contact-sheet.jpg
  ---
  duration_ms: 0.60116
  type: 'test'
  ...
# Subtest: v3.6.2 preserves v3.5.0 bytes: asset-source/expressions/focused.png
ok 739 - v3.6.2 preserves v3.5.0 bytes: asset-source/expressions/focused.png
  ---
  duration_ms: 0.428269
  type: 'test'
  ...
# Subtest: v3.6.2 preserves v3.5.0 bytes: asset-source/expressions/rig.json
ok 740 - v3.6.2 preserves v3.5.0 bytes: asset-source/expressions/rig.json
  ---
  duration_ms: 0.0653
  type: 'test'
  ...
# Subtest: v3.6.2 preserves v3.5.0 bytes: asset-source/expressions/worried.png
ok 741 - v3.6.2 preserves v3.5.0 bytes: asset-source/expressions/worried.png
  ---
  duration_ms: 0.375499
  type: 'test'
  ...
# Subtest: v3.6.2 preserves v3.5.0 bytes: asset-source/favicon.svg
ok 742 - v3.6.2 preserves v3.5.0 bytes: asset-source/favicon.svg
  ---
  duration_ms: 0.046529
  type: 'test'
  ...
# Subtest: v3.6.2 preserves v3.5.0 bytes: asset-source/library-master.png
ok 743 - v3.6.2 preserves v3.5.0 bytes: asset-source/library-master.png
  ---
  duration_ms: 2.459268
  type: 'test'
  ...
# Subtest: v3.6.2 preserves v3.5.0 bytes: asset-source/music/arrangement.json
ok 744 - v3.6.2 preserves v3.5.0 bytes: asset-source/music/arrangement.json
  ---
  duration_ms: 0.230164
  type: 'test'
  ...
# Subtest: v3.6.2 preserves v3.5.0 bytes: asset-source/music/lanterns-and-letters.flac
ok 745 - v3.6.2 preserves v3.5.0 bytes: asset-source/music/lanterns-and-letters.flac
  ---
  duration_ms: 6.614939
  type: 'test'
  ...
# Subtest: v3.6.2 preserves v3.5.0 bytes: asset-source/music/lanterns-and-letters.mid
ok 746 - v3.6.2 preserves v3.5.0 bytes: asset-source/music/lanterns-and-letters.mid
  ---
  duration_ms: 0.129465
  type: 'test'
  ...
# Subtest: v3.6.2 preserves v3.5.0 bytes: asset-source/music/lanterns-and-letters.mp3
ok 747 - v3.6.2 preserves v3.5.0 bytes: asset-source/music/lanterns-and-letters.mp3
  ---
  duration_ms: 2.85555
  type: 'test'
  ...
# Subtest: v3.6.2 preserves v3.5.0 bytes: asset-source/music/lanterns-hearth.flac
ok 748 - v3.6.2 preserves v3.5.0 bytes: asset-source/music/lanterns-hearth.flac
  ---
  duration_ms: 4.068568
  type: 'test'
  ...
# Subtest: v3.6.2 preserves v3.5.0 bytes: asset-source/music/lanterns-motion.flac
ok 749 - v3.6.2 preserves v3.5.0 bytes: asset-source/music/lanterns-motion.flac
  ---
  duration_ms: 6.027478
  type: 'test'
  ...
# Subtest: v3.6.2 preserves v3.5.0 bytes: asset-source/music/lanterns-pressure.flac
ok 750 - v3.6.2 preserves v3.5.0 bytes: asset-source/music/lanterns-pressure.flac
  ---
  duration_ms: 1.821316
  type: 'test'
  ...
# Subtest: v3.6.2 preserves v3.5.0 bytes: asset-source/music/lanterns-urgency.flac
ok 751 - v3.6.2 preserves v3.5.0 bytes: asset-source/music/lanterns-urgency.flac
  ---
  duration_ms: 2.928399
  type: 'test'
  ...
# Subtest: v3.6.2 preserves v3.5.0 bytes: asset-source/music/pressure-and-relief-preview.flac
ok 752 - v3.6.2 preserves v3.5.0 bytes: asset-source/music/pressure-and-relief-preview.flac
  ---
  duration_ms: 2.340457
  type: 'test'
  ...
# Subtest: v3.6.2 preserves v3.5.0 bytes: asset-source/music/pressure-and-relief-preview.mp3
ok 753 - v3.6.2 preserves v3.5.0 bytes: asset-source/music/pressure-and-relief-preview.mp3
  ---
  duration_ms: 1.26556
  type: 'test'
  ...
# Subtest: v3.6.2 preserves v3.5.0 bytes: asset-source/music/pressure-arrangement.json
ok 754 - v3.6.2 preserves v3.5.0 bytes: asset-source/music/pressure-arrangement.json
  ---
  duration_ms: 0.453825
  type: 'test'
  ...
# Subtest: v3.6.2 preserves v3.5.0 bytes: asset-source/music/pressure-arrangement.mid
ok 755 - v3.6.2 preserves v3.5.0 bytes: asset-source/music/pressure-arrangement.mid
  ---
  duration_ms: 0.142141
  type: 'test'
  ...
# Subtest: v3.6.2 preserves v3.5.0 bytes: asset-source/music/pressure-score.json
ok 756 - v3.6.2 preserves v3.5.0 bytes: asset-source/music/pressure-score.json
  ---
  duration_ms: 0.230353
  type: 'test'
  ...
# Subtest: v3.6.2 preserves v3.5.0 bytes: asset-source/music/score.json
ok 757 - v3.6.2 preserves v3.5.0 bytes: asset-source/music/score.json
  ---
  duration_ms: 0.117021
  type: 'test'
  ...
# Subtest: v3.6.2 preserves v3.5.0 bytes: asset-source/typist-master.png
ok 758 - v3.6.2 preserves v3.5.0 bytes: asset-source/typist-master.png
  ---
  duration_ms: 0.561496
  type: 'test'
  ...
# Subtest: v3.6.2 preserves v3.5.0 bytes: public/assets/book-fire.svg
ok 759 - v3.6.2 preserves v3.5.0 bytes: public/assets/book-fire.svg
  ---
  duration_ms: 0.094666
  type: 'test'
  ...
# Subtest: v3.6.2 preserves v3.5.0 bytes: public/assets/book-ice.svg
ok 760 - v3.6.2 preserves v3.5.0 bytes: public/assets/book-ice.svg
  ---
  duration_ms: 0.055085
  type: 'test'
  ...
# Subtest: v3.6.2 preserves v3.5.0 bytes: public/assets/book-slow.svg
ok 761 - v3.6.2 preserves v3.5.0 bytes: public/assets/book-slow.svg
  ---
  duration_ms: 0.115831
  type: 'test'
  ...
# Subtest: v3.6.2 preserves v3.5.0 bytes: public/assets/book-wind.svg
ok 762 - v3.6.2 preserves v3.5.0 bytes: public/assets/book-wind.svg
  ---
  duration_ms: 0.064004
  type: 'test'
  ...
# Subtest: v3.6.2 preserves v3.5.0 bytes: public/assets/favicon.svg
ok 763 - v3.6.2 preserves v3.5.0 bytes: public/assets/favicon.svg
  ---
  duration_ms: 0.050642
  type: 'test'
  ...
# Subtest: v3.6.2 preserves v3.5.0 bytes: public/assets/icon-fire.svg
ok 764 - v3.6.2 preserves v3.5.0 bytes: public/assets/icon-fire.svg
  ---
  duration_ms: 0.049583
  type: 'test'
  ...
# Subtest: v3.6.2 preserves v3.5.0 bytes: public/assets/icon-ice.svg
ok 765 - v3.6.2 preserves v3.5.0 bytes: public/assets/icon-ice.svg
  ---
  duration_ms: 0.048931
  type: 'test'
  ...
# Subtest: v3.6.2 preserves v3.5.0 bytes: public/assets/icon-slow.svg
ok 766 - v3.6.2 preserves v3.5.0 bytes: public/assets/icon-slow.svg
  ---
  duration_ms: 0.049502
  type: 'test'
  ...
# Subtest: v3.6.2 preserves v3.5.0 bytes: public/assets/icon-wind.svg
ok 767 - v3.6.2 preserves v3.5.0 bytes: public/assets/icon-wind.svg
  ---
  duration_ms: 0.097044
  type: 'test'
  ...
# Subtest: v3.6.2 preserves v3.5.0 bytes: public/assets/lanterns-hearth.mp3
ok 768 - v3.6.2 preserves v3.5.0 bytes: public/assets/lanterns-hearth.mp3
  ---
  duration_ms: 2.54096
  type: 'test'
  ...
# Subtest: v3.6.2 preserves v3.5.0 bytes: public/assets/lanterns-motion.mp3
ok 769 - v3.6.2 preserves v3.5.0 bytes: public/assets/lanterns-motion.mp3
  ---
  duration_ms: 2.82202
  type: 'test'
  ...
# Subtest: v3.6.2 preserves v3.5.0 bytes: public/assets/lanterns-pressure.mp3
ok 770 - v3.6.2 preserves v3.5.0 bytes: public/assets/lanterns-pressure.mp3
  ---
  duration_ms: 1.964115
  type: 'test'
  ...
# Subtest: v3.6.2 preserves v3.5.0 bytes: public/assets/lanterns-urgency.mp3
ok 771 - v3.6.2 preserves v3.5.0 bytes: public/assets/lanterns-urgency.mp3
  ---
  duration_ms: 1.832007
  type: 'test'
  ...
# Subtest: v3.6.2 preserves v3.5.0 bytes: public/assets/library.webp
ok 772 - v3.6.2 preserves v3.5.0 bytes: public/assets/library.webp
  ---
  duration_ms: 1.168176
  type: 'test'
  ...
# Subtest: v3.6.2 preserves v3.5.0 bytes: public/assets/manifest.json
ok 773 - v3.6.2 preserves v3.5.0 bytes: public/assets/manifest.json
  ---
  duration_ms: 0.104736
  type: 'test'
  ...
# Subtest: v3.6.2 preserves v3.5.0 bytes: public/assets/paper.webp
ok 774 - v3.6.2 preserves v3.5.0 bytes: public/assets/paper.webp
  ---
  duration_ms: 0.056707
  type: 'test'
  ...
# Subtest: v3.6.2 preserves v3.5.0 bytes: public/assets/typist-alarmed.webp
ok 775 - v3.6.2 preserves v3.5.0 bytes: public/assets/typist-alarmed.webp
  ---
  duration_ms: 0.260168
  type: 'test'
  ...
# Subtest: v3.6.2 preserves v3.5.0 bytes: public/assets/typist-calm.webp
ok 776 - v3.6.2 preserves v3.5.0 bytes: public/assets/typist-calm.webp
  ---
  duration_ms: 0.636334
  type: 'test'
  ...
# Subtest: v3.6.2 preserves v3.5.0 bytes: public/assets/typist-celebrate.webp
ok 777 - v3.6.2 preserves v3.5.0 bytes: public/assets/typist-celebrate.webp
  ---
  duration_ms: 0.379628
  type: 'test'
  ...
# Subtest: v3.6.2 preserves v3.5.0 bytes: public/assets/typist-critical.webp
ok 778 - v3.6.2 preserves v3.5.0 bytes: public/assets/typist-critical.webp
  ---
  duration_ms: 0.545677
  type: 'test'
  ...
# Subtest: v3.6.2 preserves v3.5.0 bytes: public/assets/typist-defeated.webp
ok 779 - v3.6.2 preserves v3.5.0 bytes: public/assets/typist-defeated.webp
  ---
  duration_ms: 0.251658
  type: 'test'
  ...
# Subtest: v3.6.2 preserves v3.5.0 bytes: public/assets/typist-focused.webp
ok 780 - v3.6.2 preserves v3.5.0 bytes: public/assets/typist-focused.webp
  ---
  duration_ms: 0.782275
  type: 'test'
  ...
# Subtest: v3.6.2 preserves v3.5.0 bytes: public/assets/typist-worried.webp
ok 781 - v3.6.2 preserves v3.5.0 bytes: public/assets/typist-worried.webp
  ---
  duration_ms: 0.537302
  type: 'test'
  ...
# Subtest: v3.6.2 preserves v3.5.0 bytes: public/assets/typist.webp
ok 782 - v3.6.2 preserves v3.5.0 bytes: public/assets/typist.webp
  ---
  duration_ms: 0.245119
  type: 'test'
  ...
# Subtest: v3.6.2 preserves v3.5.0 bytes: src/audio/mix.js
ok 783 - v3.6.2 preserves v3.5.0 bytes: src/audio/mix.js
  ---
  duration_ms: 0.053029
  type: 'test'
  ...
# Subtest: v3.6.2 preserves v3.5.0 bytes: src/data/campaign.js
ok 784 - v3.6.2 preserves v3.5.0 bytes: src/data/campaign.js
  ---
  duration_ms: 0.04924
  type: 'test'
  ...
# Subtest: v3.6.2 preserves v3.5.0 bytes: src/data/words.js
ok 785 - v3.6.2 preserves v3.5.0 bytes: src/data/words.js
  ---
  duration_ms: 0.047622
  type: 'test'
  ...
# Subtest: v3.6.2 preserves v3.5.0 bytes: src/game/assets.js
ok 786 - v3.6.2 preserves v3.5.0 bytes: src/game/assets.js
  ---
  duration_ms: 0.040898
  type: 'test'
  ...
# Subtest: v3.6.2 preserves v3.5.0 bytes: src/game/chapter-records.js
ok 787 - v3.6.2 preserves v3.5.0 bytes: src/game/chapter-records.js
  ---
  duration_ms: 0.043083
  type: 'test'
  ...
# Subtest: v3.6.2 preserves v3.5.0 bytes: src/game/clock.js
ok 788 - v3.6.2 preserves v3.5.0 bytes: src/game/clock.js
  ---
  duration_ms: 0.051311
  type: 'test'
  ...
# Subtest: v3.6.2 preserves v3.5.0 bytes: src/game/controls.js
ok 789 - v3.6.2 preserves v3.5.0 bytes: src/game/controls.js
  ---
  duration_ms: 0.101183
  type: 'test'
  ...
# Subtest: v3.6.2 preserves v3.5.0 bytes: src/game/economy.js
ok 790 - v3.6.2 preserves v3.5.0 bytes: src/game/economy.js
  ---
  duration_ms: 0.051653
  type: 'test'
  ...
# Subtest: v3.6.2 preserves v3.5.0 bytes: src/game/model.js
ok 791 - v3.6.2 preserves v3.5.0 bytes: src/game/model.js
  ---
  duration_ms: 0.061944
  type: 'test'
  ...
# Subtest: v3.6.2 preserves v3.5.0 bytes: src/game/pressure.js
ok 792 - v3.6.2 preserves v3.5.0 bytes: src/game/pressure.js
  ---
  duration_ms: 0.041863
  type: 'test'
  ...
# Subtest: v3.6.2 preserves v3.5.0 bytes: src/game/random.js
ok 793 - v3.6.2 preserves v3.5.0 bytes: src/game/random.js
  ---
  duration_ms: 0.042213
  type: 'test'
  ...
# Subtest: v3.6.2 preserves v3.5.0 bytes: src/game/rules.js
ok 794 - v3.6.2 preserves v3.5.0 bytes: src/game/rules.js
  ---
  duration_ms: 0.127041
  type: 'test'
  ...
# Subtest: v3.6.2 preserves v3.5.0 bytes: src/render/book-leaf.js
ok 795 - v3.6.2 preserves v3.5.0 bytes: src/render/book-leaf.js
  ---
  duration_ms: 0.046313
  type: 'test'
  ...
# Subtest: v3.6.2 preserves v3.5.0 bytes: src/render/chapter-art.js
ok 796 - v3.6.2 preserves v3.5.0 bytes: src/render/chapter-art.js
  ---
  duration_ms: 0.525866
  type: 'test'
  ...
# Subtest: v3.6.2 preserves v3.5.0 bytes: src/render/classic-renderer.js
ok 797 - v3.6.2 preserves v3.5.0 bytes: src/render/classic-renderer.js
  ---
  duration_ms: 0.105877
  type: 'test'
  ...
# Subtest: v3.6.2 preserves v3.5.0 bytes: src/render/imperial-scroll.js
ok 798 - v3.6.2 preserves v3.5.0 bytes: src/render/imperial-scroll.js
  ---
  duration_ms: 0.061719
  type: 'test'
  ...
# Subtest: v3.6.2 preserves v3.5.0 bytes: src/ui/contextual-guidance.js
ok 799 - v3.6.2 preserves v3.5.0 bytes: src/ui/contextual-guidance.js
  ---
  duration_ms: 0.050857
  type: 'test'
  ...
# Subtest: v3.6.2 preserves v3.5.0 bytes: src/ui/icons.js
ok 800 - v3.6.2 preserves v3.5.0 bytes: src/ui/icons.js
  ---
  duration_ms: 0.055564
  type: 'test'
  ...
# Subtest: v3.6.2 preserves v3.5.0 bytes: src/ui/journey.js
ok 801 - v3.6.2 preserves v3.5.0 bytes: src/ui/journey.js
  ---
  duration_ms: 0.137615
  type: 'test'
  ...
# Subtest: v3.6.2 preserves v3.5.0 bytes: src/ui/score-rollup.js
ok 802 - v3.6.2 preserves v3.5.0 bytes: src/ui/score-rollup.js
  ---
  duration_ms: 0.061845
  type: 'test'
  ...
# Subtest: HUD geometry is immutable and simulation-independent
ok 803 - HUD geometry is immutable and simulation-independent
  ---
  duration_ms: 0.194617
  type: 'test'
  ...
# Subtest: Key tabs never share the readiness row at the largest label size
ok 804 - Key tabs never share the readiness row at the largest label size
  ---
  duration_ms: 0.700375
  type: 'test'
  ...
# Subtest: Readable interface sizing stays finite, capped, physically useful at scale 0.25
ok 805 - Readable interface sizing stays finite, capped, physically useful at scale 0.25
  ---
  duration_ms: 0.268761
  type: 'test'
  ...
# Subtest: Readable interface sizing stays finite, capped, physically useful at scale 0.4
ok 806 - Readable interface sizing stays finite, capped, physically useful at scale 0.4
  ---
  duration_ms: 0.120549
  type: 'test'
  ...
# Subtest: Readable interface sizing stays finite, capped, physically useful at scale 0.515555556
ok 807 - Readable interface sizing stays finite, capped, physically useful at scale 0.515555556
  ---
  duration_ms: 0.04921
  type: 'test'
  ...
# Subtest: Readable interface sizing stays finite, capped, physically useful at scale 0.648888889
ok 808 - Readable interface sizing stays finite, capped, physically useful at scale 0.648888889
  ---
  duration_ms: 0.060302
  type: 'test'
  ...
# Subtest: Readable interface sizing stays finite, capped, physically useful at scale 0.782222222
ok 809 - Readable interface sizing stays finite, capped, physically useful at scale 0.782222222
  ---
  duration_ms: 0.06136
  type: 'test'
  ...
# Subtest: Readable interface sizing stays finite, capped, physically useful at scale 0.835555556
ok 810 - Readable interface sizing stays finite, capped, physically useful at scale 0.835555556
  ---
  duration_ms: 0.043719
  type: 'test'
  ...
# Subtest: Readable interface sizing stays finite, capped, physically useful at scale 1
ok 811 - Readable interface sizing stays finite, capped, physically useful at scale 1
  ---
  duration_ms: 0.042221
  type: 'test'
  ...
# Subtest: Readable interface sizing stays finite, capped, physically useful at scale 1.2
ok 812 - Readable interface sizing stays finite, capped, physically useful at scale 1.2
  ---
  duration_ms: 0.040382
  type: 'test'
  ...
# Subtest: Invalid scale NaN gets a safe finite fallback
ok 813 - Invalid scale NaN gets a safe finite fallback
  ---
  duration_ms: 0.13665
  type: 'test'
  ...
# Subtest: Invalid scale Infinity gets a safe finite fallback
ok 814 - Invalid scale Infinity gets a safe finite fallback
  ---
  duration_ms: 0.047795
  type: 'test'
  ...
# Subtest: Invalid scale -1 gets a safe finite fallback
ok 815 - Invalid scale -1 gets a safe finite fallback
  ---
  duration_ms: 0.046336
  type: 'test'
  ...
# Subtest: Invalid scale 0 gets a safe finite fallback
ok 816 - Invalid scale 0 gets a safe finite fallback
  ---
  duration_ms: 0.049359
  type: 'test'
  ...
# Subtest: Invalid scale undefined gets a safe finite fallback
ok 817 - Invalid scale undefined gets a safe finite fallback
  ---
  duration_ms: 0.041017
  type: 'test'
  ...
# Subtest: Short context descriptions state the shipping effects without inventing rewards
ok 818 - Short context descriptions state the shipping effects without inventing rewards
  ---
  duration_ms: 0.299509
  type: 'test'
  ...
# Subtest: One integrated rescue element and accessible meter; no old free-floating clone
ok 819 - One integrated rescue element and accessible meter; no old free-floating clone
  ---
  duration_ms: 0.244129
  type: 'test'
  ...
# Subtest: Context help and transient messages share the defined well; keyboard precedence is explicit
ok 820 - Context help and transient messages share the defined well; keyboard precedence is explicit
  ---
  duration_ms: 0.29169
  type: 'test'
  ...
# Subtest: campaign has 48 unique named stages across eight six-stage wings
ok 821 - campaign has 48 unique named stages across eight six-stage wings
  ---
  duration_ms: 1.694069
  type: 'test'
  ...
# Subtest: eight trials occur at the end of each wing
ok 822 - eight trials occur at the end of each wing
  ---
  duration_ms: 1.437275
  type: 'test'
  ...
# Subtest: all 48 stages have smooth rising speed and falling arrival interval
ok 823 - all 48 stages have smooth rising speed and falling arrival interval
  ---
  duration_ms: 1.404517
  type: 'test'
  ...
# Subtest: endless mode is named and has bounded speed and spawn intervals
ok 824 - endless mode is named and has bounded speed and spawn intervals
  ---
  duration_ms: 0.184527
  type: 'test'
  ...
# Subtest: every numbered hotkey and numpad key maps to its spell
ok 825 - every numbered hotkey and numpad key maps to its spell
  ---
  duration_ms: 0.351406
  type: 'test'
  ...
# Subtest: hotkeys ignore modifiers, key repeat, IME and ordinary typing
ok 826 - hotkeys ignore modifiers, key repeat, IME and ordinary typing
  ---
  duration_ms: 0.222659
  type: 'test'
  ...
# Subtest: quick cast preserves the typed buffer and records input provenance
ok 827 - quick cast preserves the typed buffer and records input provenance
  ---
  duration_ms: 2.977648
  type: 'test'
  ...
# Subtest: quick FIRE is unambiguous even with a falling FIRE word
ok 828 - quick FIRE is unambiguous even with a falling FIRE word
  ---
  duration_ms: 0.60007
  type: 'test'
  ...
# Subtest: empty FIRE does not waste inventory
ok 829 - empty FIRE does not waste inventory
  ---
  duration_ms: 1.546649
  type: 'test'
  ...
# Subtest: empty WIND does not waste inventory
ok 830 - empty WIND does not waste inventory
  ---
  duration_ms: 0.796213
  type: 'test'
  ...
# Subtest: active SLOW cannot waste a second book
ok 831 - active SLOW cannot waste a second book
  ---
  duration_ms: 1.721894
  type: 'test'
  ...
# Subtest: SLOW creates breathing room in spawn countdown as well as motion
ok 832 - SLOW creates breathing room in spawn countdown as well as motion
  ---
  duration_ms: 0.390057
  type: 'test'
  ...
# Subtest: casting after ICE expires consumes the next book once
ok 833 - casting after ICE expires consumes the next book once
  ---
  duration_ms: 0.5214
  type: 'test'
  ...
# Subtest: anti-doublecast cooldown applies per power without blocking combinations
ok 834 - anti-doublecast cooldown applies per power without blocking combinations
  ---
  duration_ms: 0.322792
  type: 'test'
  ...
# Subtest: pressure state thresholds include every exact boundary
ok 835 - pressure state thresholds include every exact boundary
  ---
  duration_ms: 0.15448
  type: 'test'
  ...
# Subtest: defeat and celebration override the normal pressure expression
ok 836 - defeat and celebration override the normal pressure expression
  ---
  duration_ms: 0.060258
  type: 'test'
  ...
# Subtest: WIND immediately restores the calm gameplay state
ok 837 - WIND immediately restores the calm gameplay state
  ---
  duration_ms: 0.1133
  type: 'test'
  ...
# Subtest: pressure events fire on transitions rather than every frame
ok 838 - pressure events fire on transitions rather than every frame
  ---
  duration_ms: 0.363447
  type: 'test'
  ...
# Subtest: mastery stars use documented gold, silver and bronze thresholds
ok 839 - mastery stars use documented gold, silver and bronze thresholds
  ---
  duration_ms: 0.122552
  type: 'test'
  ...
# Subtest: stage summaries use stage-local WPM and accuracy
ok 840 - stage summaries use stage-local WPM and accuracy
  ---
  duration_ms: 1.262226
  type: 'test'
  ...
# Subtest: a full campaign advances through all 48 stages without stale phase or progress
ok 841 - a full campaign advances through all 48 stages without stale phase or progress
  ---
  duration_ms: 10.447012
  type: 'test'
  ...
# Subtest: checkpoint restores score, books, danger and completed stages at the next boundary
ok 842 - checkpoint restores score, books, danger and completed stages at the next boundary
  ---
  duration_ms: 0.876714
  type: 'test'
  ...
# Subtest: checkpoint is validated before being saved
ok 843 - checkpoint is validated before being saved
  ---
  duration_ms: 4.047317
  type: 'test'
  ...
# Subtest: checkpoint survives actual store serialization and clear is persistent
ok 844 - checkpoint survives actual store serialization and clear is persistent
  ---
  duration_ms: 1.581689
  type: 'test'
  ...
# Subtest: mastery keeps the best grade and paces stay independent
ok 845 - mastery keeps the best grade and paces stay independent
  ---
  duration_ms: 0.340583
  type: 'test'
  ...
# Subtest: practice can improve an earned grade but cannot create expedition progress
ok 846 - practice can improve an earned grade but cannot create expedition progress
  ---
  duration_ms: 0.166679
  type: 'test'
  ...
# Subtest: save export/import merges rather than duplicates records
ok 847 - save export/import merges rather than duplicates records
  ---
  duration_ms: 1.728272
  type: 'test'
  ...
# Subtest: current, practice and legacy records are not mixed in best score
ok 848 - current, practice and legacy records are not mixed in best score
  ---
  duration_ms: 1.256151
  type: 'test'
  ...
# Subtest: record time windows use date cutoffs and actual records
ok 849 - record time windows use date cutoffs and actual records
  ---
  duration_ms: 0.266551
  type: 'test'
  ...
# Subtest: legacy migration tolerates null and malformed rows and tags valid V1 scores
ok 850 - legacy migration tolerates null and malformed rows and tags valid V1 scores
  ---
  duration_ms: 0.316858
  type: 'test'
  ...
# Subtest: wide words allocate glyph-aware card widths
ok 851 - wide words allocate glyph-aware card widths
  ---
  duration_ms: 0.124455
  type: 'test'
  ...
# Subtest: spawned long cards remain wholly within the game field
ok 852 - spawned long cards remain wholly within the game field
  ---
  duration_ms: 5.177863
  type: 'test'
  ...
# Subtest: pause freezes cooldowns and resume does not erase partial input
ok 853 - pause freezes cooldowns and resume does not erase partial input
  ---
  duration_ms: 0.280615
  type: 'test'
  ...
# Subtest: checkpoint cannot be imported into a different pace slot
ok 854 - checkpoint cannot be imported into a different pace slot
  ---
  duration_ms: 0.277683
  type: 'test'
  ...
1..854
# tests 854
# suites 0
# pass 854
# fail 0
# cancelled 0
# skipped 0
# todo 0
# duration_ms 3268.355588
